phase,query_idx,filter_idx,actual_selectivity,estimated_selectivity,strategy_chosen,latency_ms,recall,reward,predict_overhead_us,route_overhead_us
learning,22,27,0.907765,0.9088333333333334,post_filter,0.5024589991080575,1.0,0.9748770500445971,32791.00201325491,2.7909991331398487
learning,16,19,0.728715,0.7221666666666666,post_filter,0.3851670044241473,1.0,0.9807416497787926,16040.998161770403,10.916002793237567
learning,29,23,0.82095,0.8133333333333334,post_filter,0.6597510000574403,1.0,0.967012449997128,19125.00010803342,2.624998160172254
learning,24,29,0.952505,0.9553333333333334,post_filter,0.5427920041256584,1.0,0.9728603997937171,28415.997803676873,0.12500095181167126
learning,35,2,0.09076,0.08566666666666667,bitmap_prefilter,5.754790996434167,1.0,0.7122604501782916,33041.00391687825,1.1250012903474271
learning,39,20,0.750325,0.7405,post_filter,0.5161259978194721,1.0,0.9741937001090264,10625.0008684583,1.3749959180131555
learning,36,11,0.3009,0.2981666666666667,bitmap_prefilter,16.04654100810876,1.0,0.19767294959456194,22917.00366185978,0.8749993867240846
learning,2,2,0.09076,0.08566666666666667,post_filter,0.6959160018595867,0.8,0.0,12542.004697024822,0.5830006557516754
learning,18,24,0.83714,0.836,post_filter,1.3754590036114678,1.0,0.9312270498194266,14291.996194515377,1.5409968909807503
learning,14,27,0.907765,0.9088333333333334,post_filter,0.597333004407119,1.0,0.970133349779644,11125.004675704986,0.08400093065574765
learning,6,27,0.907765,0.9088333333333334,post_filter,0.6365839944919571,1.0,0.9681708002754021,10916.99959943071,0.08400093065574765
learning,17,12,0.31878,0.3225,bitmap_prefilter,23.90449999802513,1.0,0.0,12290.998711250722,0.9580035111866891
learning,23,26,0.88188,0.8825,bitmap_prefilter,46.63699899538187,1.0,0.0,14375.000318977982,1.3749959180131555
learning,13,11,0.3009,0.2981666666666667,post_filter,0.6307500007096678,1.0,0.9684624999645166,3209.0028980746865,0.7499984349124134
learning,43,22,0.789645,0.7913333333333333,post_filter,0.8514159999322146,1.0,0.9574292000033893,10042.000212706625,1.334003172814846
learning,40,19,0.728715,0.7221666666666666,bitmap_prefilter,41.87550000642659,1.0,0.0,9999.996109399945,1.2079981388524175
learning,15,23,0.82095,0.8133333333333334,bitmap_prefilter,44.562208000570536,1.0,0.0,12625.001545529813,1.334003172814846
learning,17,12,0.31878,0.3225,post_filter,0.3297079965705052,1.0,0.9835146001714747,3374.996595084667,0.7499984349124134
learning,44,20,0.750325,0.7405,post_filter,0.560500004212372,1.0,0.9719749997893814,9458.002750761807,1.2079981388524175
learning,20,21,0.773455,0.7686666666666667,post_filter,1.6790839945315383,1.0,0.9160458002734231,10875.002772081643,1.1669981176964939
learning,3,24,0.83714,0.836,bitmap_prefilter,45.46562500036089,1.0,0.0,11165.997420903295,1.2909949873574078
learning,20,1,0.070755,0.07483333333333334,bitmap_prefilter,3.9269579938263632,1.0,0.8036521003086818,6082.998879719526,0.5420006345957518
learning,13,2,0.09076,0.08566666666666667,post_filter,0.681791003444232,1.0,0.9659104498277884,11875.0031106174,0.500003807246685
learning,45,18,0.70283,0.6958333333333333,bitmap_prefilter,40.19341700040968,1.0,0.0,8625.000191386789,1.2500022421590984
learning,31,20,0.750325,0.7405,bitmap_prefilter,46.94020799797727,1.0,0.0,9499.999578110874,1.1250012903474271
learning,41,29,0.952505,0.9553333333333334,post_filter,0.8600410001236014,1.0,0.9569979499938199,15208.002878353,0.12500095181167126
learning,9,14,0.389405,0.3953333333333333,bitmap_prefilter,26.823250998859294,1.0,0.0,17499.995010439306,0.9580035111866891
learning,47,7,0.210355,0.20866666666666667,post_filter,0.42929300252581015,1.0,0.9785353498737095,5750.000127591193,0.6659975042566657
learning,47,8,0.23102,0.23733333333333334,post_filter,0.46108299284242094,0.9,0.0,13749.995559919626,0.7499984349124134
learning,37,28,0.929375,0.9271666666666667,post_filter,0.6645000030403025,1.0,0.9667749998479849,14042.001566849649,0.12500095181167126
learning,23,12,0.31878,0.3225,bitmap_prefilter,23.596291001013014,1.0,0.0,2833.0032364465296,0.8329952834174037
learning,32,4,0.14001,0.13066666666666665,bitmap_prefilter,7.7447920048143715,1.0,0.6127603997592814,9167.00082598254,0.5830006557516754
learning,3,24,0.83714,0.836,post_filter,3.911250001692679,1.0,0.8044374999153661,12416.996469255537,1.3329990906640887
learning,40,4,0.14001,0.13066666666666665,bitmap_prefilter,7.775875004881527,1.0,0.6112062497559236,1833.0028979107738,0.5840047379024327
learning,27,21,0.773455,0.7686666666666667,post_filter,1.1668330043903552,1.0,0.9416583497804822,10374.998964834958,1.2500022421590984
learning,24,12,0.31878,0.3225,post_filter,0.4838339955313131,1.0,0.9758083002234343,2833.0032364465296,0.7499984349124134
learning,33,14,0.389405,0.3953333333333333,bitmap_prefilter,26.72145899850875,1.0,0.0,7083.996024448425,1.0410003596916795
learning,0,17,0.68122,0.6775,post_filter,0.580751002416946,1.0,0.9709624498791527,8333.998266607523,1.2500022421590984
learning,43,3,0.12083,0.124,post_filter,0.8479999960400164,1.0,0.9576000001979992,4791.996616404504,0.6249974831007421
learning,17,24,0.83714,0.836,post_filter,0.7078329945215955,1.0,0.9646083502739202,10916.99959943071,1.3750031939707696
learning,7,10,0.269975,0.27366666666666667,bitmap_prefilter,15.097374998731539,1.0,0.24513125006342307,6958.005542401224,0.8330025593750179
learning,29,5,0.16022,0.16,bitmap_prefilter,8.782083998085,1.0,0.56089580009575,2500.004484318197,0.6250047590583563
learning,46,23,0.82095,0.8133333333333334,bitmap_prefilter,44.40250000334345,1.0,0.0,11791.998986154795,1.3329990906640887
learning,48,16,0.658305,0.6626666666666666,bitmap_prefilter,36.768417005077936,1.0,0.0,19083.003280684352,1.1669981176964939
learning,6,29,0.952505,0.9553333333333334,post_filter,0.6422080041375011,1.0,0.9678895997931249,14457.997167482972,0.12500095181167126
learning,40,27,0.907765,0.9088333333333334,post_filter,0.5056250010966323,1.0,0.9747187499451684,10957.999620586634,0.08400093065574765
learning,40,9,0.249675,0.2595,post_filter,0.4419999968376942,0.6,0.0,1958.003849722445,0.790998456068337
learning,9,6,0.178125,0.17883333333333334,bitmap_prefilter,10.4739580056048,1.0,0.47630209971976,3417.000698391348,0.6249974831007421
learning,34,5,0.16022,0.16,post_filter,0.4273749946150929,1.0,0.9786312502692454,2000.0006770715117,0.5830006557516754
learning,33,29,0.952505,0.9553333333333334,post_filter,0.690499997290317,1.0,0.9654750001354842,13999.997463542968,0.08299684850499034
learning,0,29,0.952505,0.9553333333333334,post_filter,0.6780000039725564,1.0,0.9660999998013722,13666.998711414635,0.08299684850499034
learning,20,19,0.728715,0.7221666666666666,bitmap_prefilter,41.58045800431864,1.0,0.0,9416.00592341274,1.2500022421590984
learning,23,3,0.12083,0.124,post_filter,0.5415410050773062,0.2,0.0,1250.0022421590984,0.5840047379024327
learning,19,26,0.88188,0.8825,bitmap_prefilter,47.72116599633591,1.0,0.0,12292.00279340148,1.2919990695081651
learning,36,7,0.210355,0.20866666666666667,post_filter,0.580624007852748,0.0,0.0,3167.00607072562,0.667001586407423
learning,46,2,0.09076,0.08566666666666667,bitmap_prefilter,5.383957992307842,1.0,0.7308021003846079,11374.999303370714,0.5410038284026086
learning,48,2,0.09076,0.08566666666666667,post_filter,0.6362080021062866,0.9,0.0,11457.996151875705,0.5420006345957518
learning,8,4,0.14001,0.13066666666666665,post_filter,0.4784579941770062,1.0,0.9760771002911497,1750.0060494057834,0.5830006557516754
learning,10,17,0.68122,0.6775,bitmap_prefilter,37.87708200252382,1.0,0.0,3042.0051189139485,1.124994014389813
learning,38,27,0.907765,0.9088333333333334,post_filter,0.7235000011860393,1.0,0.963824999940698,10959.003702737391,0.08300412446260452
learning,13,13,0.340115,0.3471666666666667,post_filter,0.7503750020987354,1.0,0.9624812498950632,7290.997018571943,0.8749993867240846
learning,46,24,0.83714,0.836,post_filter,0.5135430037626065,1.0,0.9743228498118697,10790.994565468282,1.291002263315022
learning,19,22,0.789645,0.7913333333333333,bitmap_prefilter,44.02000000118278,1.0,0.0,10042.000212706625,1.3339958968572319
learning,41,21,0.773455,0.7686666666666667,bitmap_prefilter,43.047416998888366,1.0,0.0,10042.000212706625,1.2090022210031748
learning,33,28,0.929375,0.9271666666666667,post_filter,0.6829989943071268,1.0,0.9658500502846437,13124.998076818883,0.12500095181167126
learning,7,14,0.389405,0.3953333333333333,bitmap_prefilter,26.754666992928833,1.0,0.0,5624.9991757795215,0.9169962140731514
learning,21,2,0.09076,0.08566666666666667,bitmap_prefilter,5.365875993447844,1.0,0.7317062003276078,11290.998372714967,0.49999653128907084
learning,14,17,0.68122,0.6775,post_filter,0.6533750056405552,1.0,0.9673312497179722,2707.995008677244,1.1250012903474271
learning,4,0,0.05003,0.04666666666666667,post_filter,0.5611250016954727,1.0,0.9719437499152264,5083.005817141384,0.5410038284026086
learning,14,1,0.070755,0.07483333333333334,bitmap_prefilter,3.9642080082558095,1.0,0.8017895995872095,457.9997039400041,0.49999653128907084
learning,21,1,0.070755,0.07483333333333334,bitmap_prefilter,3.7410830045701005,1.0,0.812945849771495,457.9997039400041,0.4579997039400041
learning,17,7,0.210355,0.20866666666666667,post_filter,0.37966700620017946,0.9,0.0,2707.995008677244,0.6659975042566657
learning,34,6,0.178125,0.17883333333333334,bitmap_prefilter,9.778334009752143,1.0,0.5110832995123928,2415.996277704835,0.6659975042566657
learning,36,29,0.952505,0.9553333333333334,post_filter,0.632417002634611,1.0,0.9683791498682695,13874.996511731297,0.08299684850499034
learning,30,18,0.70283,0.6958333333333333,bitmap_prefilter,42.16141699725995,1.0,0.0,8374.998287763447,1.2090022210031748
learning,26,15,0.610595,0.6046666666666667,bitmap_prefilter,35.69308199803345,1.0,0.0,1166.9981176964939,1.0420044418424368
learning,42,3,0.12083,0.124,bitmap_prefilter,6.769958999939263,1.0,0.6615020500030369,1332.9990906640887,0.5420006345957518
learning,26,13,0.340115,0.3471666666666667,bitmap_prefilter,18.513791997975204,1.0,0.07431040010123979,3334.003849886358,0.7500057108700275
learning,3,23,0.82095,0.8133333333333334,post_filter,0.6811659986851737,1.0,0.9659417000657413,11500.000255182385,1.3329990906640887
learning,6,20,0.750325,0.7405,bitmap_prefilter,59.77450000500539,1.0,0.0,9499.999578110874,1.2079981388524175
learning,21,23,0.82095,0.8133333333333334,post_filter,0.739708004402928,1.0,0.9630145997798536,11333.99928221479,1.2909949873574078
learning,15,3,0.12083,0.124,bitmap_prefilter,6.877749998238869,1.0,0.6561125000880565,1125.0012903474271,0.49999653128907084
learning,28,17,0.68122,0.6775,bitmap_prefilter,37.91987499425886,1.0,0.0,2583.001332823187,1.1660013115033507
learning,17,5,0.16022,0.16,bitmap_prefilter,8.787584003584925,1.0,0.5606207998207537,1957.9965737648308,0.5839974619448185
learning,4,27,0.907765,0.9088333333333334,post_filter,0.6422500009648502,1.0,0.9678874999517575,10999.9964479357,0.12500095181167126
learning,35,14,0.389405,0.3953333333333333,bitmap_prefilter,27.51745799469063,1.0,0.0,5166.999471839517,0.8749993867240846
learning,34,20,0.750325,0.7405,post_filter,0.43908300722250715,1.0,0.9780458496388746,9417.002729605883,1.2500022421590984
learning,48,2,0.09076,0.08566666666666667,post_filter,0.6362080021062866,0.9,0.0,11541.000276338309,0.500003807246685
learning,26,5,0.16022,0.16,bitmap_prefilter,8.859208006469999,1.0,0.5570395996765001,1875.0070012174547,0.5420006345957518
learning,25,6,0.178125,0.17883333333333334,post_filter,0.47937499766703695,1.0,0.9760312501166482,2166.9984562322497,0.5839974619448185
learning,24,5,0.16022,0.16,bitmap_prefilter,9.268959001929034,1.0,0.5365520499035483,1708.9987522922456,0.5830006557516754
learning,16,12,0.31878,0.3225,post_filter,0.3810420021181926,1.0,0.9809478998940904,2749.999111983925,0.8330025593750179
learning,29,25,0.86027,0.8641666666666666,bitmap_prefilter,44.82449900388019,1.0,0.0,10415.998985990882,1.3339958968572319
learning,46,22,0.789645,0.7913333333333333,post_filter,0.3621260038926266,1.0,0.9818936998053687,9832.998330239207,1.3329990906640887
learning,42,17,0.68122,0.6775,post_filter,0.3983330025221221,1.0,0.9800833498738939,2542.0013116672635,1.167005393654108
learning,12,4,0.14001,0.13066666666666665,bitmap_prefilter,7.7238329977262765,1.0,0.6138083501136862,1667.001924943179,0.5409965524449944
learning,37,1,0.070755,0.07483333333333334,bitmap_prefilter,4.777250003826339,1.0,0.7611374998086831,542.0006345957518,14.208999346010387
learning,47,1,0.070755,0.07483333333333334,bitmap_prefilter,5.121042006067,1.0,0.74394789969665,541.0038284026086,3.2089956221170723
learning,37,1,0.070755,0.07483333333333334,bitmap_prefilter,4.777250003826339,1.0,0.7611374998086831,458.99651013314724,1.45800004247576
learning,33,29,0.952505,0.9553333333333334,post_filter,0.690499997290317,1.0,0.9654750001354842,14042.001566849649,0.12500095181167126
learning,3,5,0.16022,0.16,post_filter,0.5877090006833896,0.0,0.0,1833.9997041039169,0.6659975042566657
learning,11,2,0.09076,0.08566666666666667,bitmap_prefilter,5.501501000253484,1.0,0.7249249499873258,11542.004358489066,1.500004145782441
learning,15,27,0.907765,0.9088333333333334,post_filter,0.626042005023919,1.0,0.968697899748804,11042.000551242381,0.08300412446260452
learning,7,12,0.31878,0.3225,post_filter,0.6212509906617925,1.0,0.9689374504669104,2790.9991331398487,0.9159994078800082
learning,15,18,0.70283,0.6958333333333333,post_filter,3.664542004116811,1.0,0.8167728997941595,8374.998287763447,1.2079981388524175
learning,39,1,0.070755,0.07483333333333334,post_filter,0.6999160104896873,1.0,0.9650041994755156,457.9997039400041,1.1669981176964939
learning,33,18,0.70283,0.6958333333333333,bitmap_prefilter,40.15845801040996,1.0,0.0,8292.001439258456,1.1669981176964939
learning,13,8,0.23102,0.23733333333333334,post_filter,0.6276249987422489,0.2,0.0,2833.0032364465296,0.7080016075633466
learning,15,10,0.269975,0.27366666666666667,bitmap_prefilter,14.809916996455286,1.0,0.2595041501772357,1000.0003385357559,0.7080016075633466
learning,42,4,0.14001,0.13066666666666665,post_filter,0.3572080022422597,1.0,0.982139599887887,1624.997821636498,0.5410038284026086
learning,20,14,0.389405,0.3953333333333333,post_filter,0.5528329929802567,1.0,0.9723583503509872,5208.996299188584,0.8749993867240846
learning,4,29,0.952505,0.9553333333333334,post_filter,0.6348749957396649,1.0,0.9682562502130168,13834.003766532987,0.12500095181167126
learning,29,0,0.05003,0.04666666666666667,post_filter,0.7042910001473501,0.6,0.0,916.9962140731514,0.4169996827840805
learning,6,18,0.70283,0.6958333333333333,bitmap_prefilter,39.062167998054065,1.0,0.0,8457.995136268437,1.2089949450455606
learning,32,6,0.178125,0.17883333333333334,bitmap_prefilter,9.894041992083658,1.0,0.5052979003958171,2708.0022846348584,0.7080016075633466
learning,22,29,0.952505,0.9553333333333334,post_filter,0.44845799857284874,1.0,0.9775771000713576,15000.005078036338,0.12500095181167126
learning,4,28,0.929375,0.9271666666666667,post_filter,5.651375002344139,1.0,0.717431249882793,13249.999028630555,0.12500095181167126
learning,15,28,0.929375,0.9271666666666667,post_filter,2.9805830054101534,1.0,0.8509708497294923,15957.994037307799,0.12500095181167126
learning,18,11,0.3009,0.2981666666666667,bitmap_prefilter,16.19241599837551,1.0,0.19037920008122455,6416.994438041002,2.8750000637955964
learning,34,26,0.88188,0.8825,post_filter,1.7866240013972856,1.0,0.9106687999301357,15791.003534104675,1.8339997041039169
learning,41,19,0.728715,0.7221666666666666,post_filter,0.8733339927857742,0.9,0.0,11459.000234026462,1.2499949662014842
learning,35,21,0.773455,0.7686666666666667,bitmap_prefilter,43.936291003774386,1.0,0.0,12417.003745213151,1.3329990906640887
learning,6,21,0.773455,0.7686666666666667,post_filter,13.026083004660904,1.0,0.3486958497669548,45834.00004776195,3.6249984987080097
learning,16,4,0.14001,0.13066666666666665,bitmap_prefilter,8.028916992770974,1.0,0.5985541503614513,3624.9984987080097,0.8330025593750179
learning,47,3,0.12083,0.124,post_filter,0.47204200382111594,1.0,0.9763978998089442,2083.994331769645,0.6249974831007421
learning,18,8,0.23102,0.23733333333333334,post_filter,0.6119579993537627,0.9,0.0,4583.002009894699,0.7500057108700275
learning,21,22,0.789645,0.7913333333333333,bitmap_prefilter,43.44091700477293,1.0,0.0,11249.998351559043,1.4589968486689031
learning,16,20,0.750325,0.7405,post_filter,0.400249999074731,1.0,0.9799875000462634,12750.002497341484,1.3329990906640887
learning,3,8,0.23102,0.23733333333333334,bitmap_prefilter,12.343791997409426,1.0,0.3828104001295287,3082.997864112258,0.7499984349124134
learning,17,13,0.340115,0.3471666666666667,bitmap_prefilter,19.876375001331326,1.0,0.006181249933433719,4333.000106271356,1.0000003385357559
learning,49,10,0.269975,0.27366666666666667,bitmap_prefilter,15.171958002611063,1.0,0.24140209986944683,1375.0031939707696,0.7499984349124134
learning,10,8,0.23102,0.23733333333333334,post_filter,0.6748740051989444,0.5,0.0,2624.998160172254,0.7499984349124134
learning,45,17,0.68122,0.6775,bitmap_prefilter,38.58574999321718,1.0,0.0,5292.000423651189,1.1660013115033507
learning,7,0,0.05003,0.04666666666666667,bitmap_prefilter,2.787375000480097,1.0,0.8606312499759952,1209.0022210031748,0.4579997039400041
learning,44,28,0.929375,0.9271666666666667,post_filter,0.4949999929522164,1.0,0.9752500003523892,17625.003238208592,0.16599369700998068
learning,9,28,0.929375,0.9271666666666667,post_filter,3.9982499947655015,1.0,0.8000875002617249,14457.997167482972,0.12500095181167126
learning,2,17,0.68122,0.6775,post_filter,0.5101249989820644,1.0,0.9744937500508968,3209.0028980746865,1.3750031939707696
learning,35,18,0.70283,0.6958333333333333,bitmap_prefilter,41.74049999710405,1.0,0.0,8666.000212542713,2.2500025806948543
learning,2,4,0.14001,0.13066666666666665,bitmap_prefilter,7.811123999999836,1.0,0.6094438000000082,1958.003849722445,0.5830006557516754
learning,2,28,0.929375,0.9271666666666667,post_filter,5.919916999118868,1.0,0.7040041500440566,13791.002857033163,0.08399365469813347
learning,22,28,0.929375,0.9271666666666667,post_filter,1.8328739970456809,1.0,0.908356300147716,13666.998711414635,0.08300412446260452
learning,43,6,0.178125,0.17883333333333334,bitmap_prefilter,10.672166994481813,1.0,0.46639165027590934,2792.003215290606,1.2080054148100317
learning,22,3,0.12083,0.124,post_filter,0.4611669937730767,1.0,0.9769416503113462,1458.00004247576,0.5839974619448185
learning,26,28,0.929375,0.9271666666666667,post_filter,0.8258339948952198,1.0,0.958708300255239,13625.001884065568,0.12500095181167126
learning,47,19,0.728715,0.7221666666666666,bitmap_prefilter,40.607916002045386,1.0,0.0,11041.993275284767,1.2919990695081651
learning,15,29,0.952505,0.9553333333333334,post_filter,0.6518340014736168,1.0,0.9674082999263192,19667.00074262917,0.12499367585405707
learning,10,27,0.907765,0.9088333333333334,post_filter,0.7484159941668622,1.0,0.9625792002916569,11791.998986154795,0.08300412446260452
learning,11,25,0.86027,0.8641666666666666,post_filter,0.5967079996480606,1.0,0.970164600017597,10750.001820269972,1.4999968698248267
learning,11,0,0.05003,0.04666666666666667,post_filter,0.634083007753361,0.0,0.0,1124.994014389813,0.500003807246685
learning,26,10,0.269975,0.27366666666666667,post_filter,1.2054579929099418,1.0,0.9397271003545029,1041.0003596916795,0.790998456068337
learning,47,27,0.907765,0.9088333333333334,post_filter,0.5139580025570467,1.0,0.9743020998721477,11292.002454865724,0.12500095181167126
learning,15,25,0.86027,0.8641666666666666,bitmap_prefilter,44.70458399737254,1.0,0.0,10750.001820269972,1.45800004247576
learning,44,25,0.86027,0.8641666666666666,bitmap_prefilter,45.38112499722047,1.0,0.0,10874.99549612403,1.3749959180131555
learning,2,27,0.907765,0.9088333333333334,post_filter,0.6304169946815819,1.0,0.9684791502659209,11374.999303370714,0.12500095181167126
learning,30,27,0.907765,0.9088333333333334,post_filter,0.7265829917741939,1.0,0.9636708504112903,11333.99928221479,0.08299684850499034
learning,12,7,0.210355,0.20866666666666667,post_filter,0.7649170001968741,1.0,0.9617541499901563,5166.002665646374,0.7500057108700275
learning,22,14,0.389405,0.3953333333333333,bitmap_prefilter,27.946917005465366,1.0,0.0,11834.003089461476,0.8330025593750179
learning,14,25,0.86027,0.8641666666666666,bitmap_prefilter,44.8844589991495,1.0,0.0,10875.002772081643,1.3339958968572319
learning,12,21,0.773455,0.7686666666666667,bitmap_prefilter,51.315374999830965,1.0,0.0,11125.004675704986,1.334003172814846
learning,4,8,0.23102,0.23733333333333334,post_filter,0.5557500044233166,1.0,0.9722124997788342,2875.0000637955964,0.7090056897141039
learning,22,8,0.23102,0.23733333333333334,post_filter,0.4938329948345199,0.7,0.0,2417.0003598555923,0.6659975042566657
learning,43,12,0.31878,0.3225,post_filter,0.7129570003598928,1.0,0.9643521499820054,3374.996595084667,0.7910057320259511
learning,21,17,0.68122,0.6775,post_filter,0.6355419973260723,1.0,0.9682229001336964,3165.9947126172483,1.1660013115033507
learning,16,3,0.12083,0.124,bitmap_prefilter,6.719207995047327,1.0,0.6640396002476336,1334.003172814846,0.5410038284026086
learning,2,8,0.23102,0.23733333333333334,bitmap_prefilter,12.207000007038005,1.0,0.38964999964809977,2417.0003598555923,0.667001586407423
learning,22,13,0.340115,0.3471666666666667,post_filter,0.4617910090018995,1.0,0.976910449549905,3667.0026020146906,0.7920025382190943
learning,27,10,0.269975,0.27366666666666667,post_filter,0.5818749996251427,1.0,0.9709062500187429,917.0034900307655,0.7079943316057324
learning,7,16,0.658305,0.6626666666666666,bitmap_prefilter,36.348707995784935,1.0,0.0,16750.003851484507,1.2079981388524175
learning,12,18,0.70283,0.6958333333333333,bitmap_prefilter,38.81437500240281,1.0,0.0,8707.99703989178,1.2090022210031748
learning,27,22,0.789645,0.7913333333333333,bitmap_prefilter,47.90908400173066,1.0,0.0,10415.998985990882,1.291002263315022
learning,34,29,0.952505,0.9553333333333334,post_filter,0.5419999943114817,1.0,0.9729000002844259,15749.996236991137,0.08299684850499034
learning,46,21,0.773455,0.7686666666666667,post_filter,0.9717919965623878,1.0,0.9514104001718806,10541.996743995696,1.3329990906640887
learning,42,23,0.82095,0.8133333333333334,bitmap_prefilter,44.128583002020605,1.0,0.0,14166.995242703706,1.2919990695081651
learning,4,13,0.340115,0.3471666666666667,post_filter,0.6071240059100091,1.0,0.9696437997044995,3667.0026020146906,0.9159994078800082
learning,21,29,0.952505,0.9553333333333334,post_filter,0.6781670090276748,1.0,0.9660916495486163,14709.003153257072,0.08299684850499034
learning,20,19,0.728715,0.7221666666666666,post_filter,0.6462500023189932,1.0,0.9676874998840503,9999.996109399945,1.2919990695081651
learning,46,3,0.12083,0.124,post_filter,0.3408329939702526,0.9,0.0,1207.9981388524175,0.5410038284026086
learning,19,16,0.658305,0.6626666666666666,post_filter,0.4591670076479204,1.0,0.977041649617604,14958.9977809228,1.1250012903474271
learning,25,10,0.269975,0.27366666666666667,post_filter,1.414582999132108,1.0,0.9292708500433946,1041.9971658848226,0.7080016075633466
learning,8,17,0.68122,0.6775,bitmap_prefilter,38.34962499240646,1.0,0.0,2916.00008495152,1.2079981388524175
learning,24,21,0.773455,0.7686666666666667,post_filter,2.1422920035547577,1.0,0.8928853998222621,10458.003089297563,1.2919990695081651
learning,11,28,0.929375,0.9271666666666667,post_filter,1.9504160081851296,1.0,0.9024791995907435,13791.999663226306,0.08300412446260452
learning,36,19,0.728715,0.7221666666666666,bitmap_prefilter,39.57554199587321,1.0,0.0,9666.000551078469,1.2500022421590984
learning,0,17,0.68122,0.6775,bitmap_prefilter,80.04883299872745,1.0,0.0,2583.001332823187,1.1669981176964939
learning,27,6,0.178125,0.17883333333333334,post_filter,0.2414580012555234,0.0,0.0,2458.000381011516,0.5840047379024327
learning,41,19,0.728715,0.7221666666666666,bitmap_prefilter,42.039000007207505,1.0,0.0,9584.000508766621,1.2909949873574078
learning,28,14,0.389405,0.3953333333333333,post_filter,0.7005830048001371,0.9,0.0,7499.998901039362,0.9580035111866891
learning,30,16,0.658305,0.6626666666666666,post_filter,0.7034579975879751,1.0,0.9648271001206012,14667.006325908005,1.167005393654108
learning,47,25,0.86027,0.8641666666666666,bitmap_prefilter,45.2110830010497,1.0,0.0,10916.99959943071,1.3750031939707696
learning,18,2,0.09076,0.08566666666666667,bitmap_prefilter,5.358999995223712,1.0,0.7320500002388144,12124.997738283128,2.5420013116672635
learning,39,20,0.750325,0.7405,bitmap_prefilter,41.1509159966954,1.0,0.0,9999.996109399945,1.3329990906640887
learning,48,26,0.88188,0.8825,bitmap_prefilter,45.89700000360608,1.0,0.0,14625.002222601324,1.3750031939707696
learning,14,9,0.249675,0.2595,post_filter,0.5377080015023239,1.0,0.9731145999248838,2290.9953258931637,0.7080016075633466
learning,1,4,0.14001,0.13066666666666665,bitmap_prefilter,7.939042006910313,1.0,0.6030478996544844,1915.999746415764,0.5830006557516754
learning,39,15,0.610595,0.6046666666666667,post_filter,0.5356659967219457,0.9,0.0,1125.0012903474271,1.0830044629983604
learning,29,2,0.09076,0.08566666666666667,bitmap_prefilter,5.78058300743578,1.0,0.710970849628211,11707.998055499047,1.5839978004805744
learning,36,20,0.750325,0.7405,bitmap_prefilter,41.77349999372382,1.0,0.0,9916.002454701811,1.2909949873574078
learning,24,22,0.789645,0.7913333333333333,bitmap_prefilter,67.74033299734583,1.0,0.0,10167.001164518297,1.2919990695081651
learning,9,7,0.210355,0.20866666666666667,post_filter,0.7259580015670508,1.0,0.9637020999216475,3583.001671358943,0.6249974831007421
learning,48,0,0.05003,0.04666666666666667,post_filter,0.7510830037062988,0.2,0.0,1041.9971658848226,0.4579997039400041
learning,6,28,0.929375,0.9271666666666667,post_filter,4.110208996280562,1.0,0.7944895501859719,13834.003766532987,0.08299684850499034
learning,27,24,0.83714,0.836,bitmap_prefilter,45.32304200256476,1.0,0.0,12709.00247618556,1.415995939169079
learning,44,25,0.86027,0.8641666666666666,post_filter,0.48741699720267206,1.0,0.9756291501398664,10959.003702737391,1.3750031939707696
learning,35,1,0.070755,0.07483333333333334,bitmap_prefilter,3.972874997998588,1.0,0.8013562501000706,583.0006557516754,1.3329990906640887
learning,7,27,0.907765,0.9088333333333334,post_filter,0.73395900108153,1.0,0.9633020499459235,11417.003406677395,0.12500095181167126
learning,8,14,0.389405,0.3953333333333333,post_filter,0.42991700320271775,1.0,0.9785041498398641,6040.994776412845,0.8749993867240846
learning,33,21,0.773455,0.7686666666666667,post_filter,2.3795000015525147,1.0,0.8810249999223743,10582.99676515162,1.291002263315022
learning,20,19,0.728715,0.7221666666666666,post_filter,0.6462500023189932,1.0,0.9676874998840503,9666.000551078469,1.2500022421590984
learning,28,28,0.929375,0.9271666666666667,post_filter,0.7453330035787076,1.0,0.9627333498210646,13875.003787688911,0.08300412446260452
learning,46,19,0.728715,0.7221666666666666,post_filter,0.35554200439946726,1.0,0.9822228997800266,9459.006832912564,1.2500022421590984
learning,35,13,0.340115,0.3471666666666667,bitmap_prefilter,18.919916998129338,1.0,0.0540041500935331,3499.9975468963385,0.7920025382190943
learning,47,5,0.16022,0.16,post_filter,0.43045799247920513,1.0,0.9784771003760397,2082.997525576502,0.5830006557516754
learning,16,14,0.389405,0.3953333333333333,post_filter,0.4100420046597719,1.0,0.9794978997670114,5708.003300242126,0.8749993867240846
learning,40,26,0.88188,0.8825,bitmap_prefilter,46.21366700303042,1.0,0.0,12417.003745213151,1.4170000213198364
learning,33,24,0.83714,0.836,bitmap_prefilter,44.5412080080132,1.0,0.0,11374.999303370714,1.3329990906640887
learning,17,7,0.210355,0.20866666666666667,bitmap_prefilter,17.15212500130292,1.0,0.14239374993485399,3000.0010156072676,0.7089984137564898
learning,18,22,0.789645,0.7913333333333333,bitmap_prefilter,52.75258300389396,1.0,0.0,10167.001164518297,1.334003172814846
learning,20,10,0.269975,0.27366666666666667,post_filter,1.091999998607207,0.9,0.0,1000.0003385357559,0.7089984137564898
learning,8,2,0.09076,0.08566666666666667,bitmap_prefilter,5.800541999633424,1.0,0.7099729000183288,11832.999007310718,1.2919990695081651
learning,45,4,0.14001,0.13066666666666665,bitmap_prefilter,7.76837499870453,1.0,0.6115812500647735,1792.0028767548501,0.5419933586381376
learning,26,13,0.340115,0.3471666666666667,bitmap_prefilter,18.513791997975204,1.0,0.07431040010123979,3291.999746579677,0.8329952834174037
learning,26,14,0.389405,0.3953333333333333,bitmap_prefilter,27.49683300498873,1.0,0.0,5333.997251000255,0.8749993867240846
learning,26,26,0.88188,0.8825,bitmap_prefilter,85.41766699636355,1.0,0.0,11750.002158805728,1.4999968698248267
learning,37,24,0.83714,0.836,post_filter,0.6955010030651465,1.0,0.9652249498467427,12249.998690094799,1.2499949662014842
learning,48,0,0.05003,0.04666666666666667,post_filter,0.7510830037062988,0.2,0.0,958.0035111866891,0.4169996827840805
learning,0,15,0.610595,0.6046666666666667,post_filter,0.5431659956229851,1.0,0.9728417002188507,1000.0003385357559,1.0840012691915035
learning,48,9,0.249675,0.2595,bitmap_prefilter,20.102208000025712,1.0,0.0,1749.9987734481692,0.6659975042566657
learning,26,28,0.929375,0.9271666666666667,post_filter,0.8258339948952198,1.0,0.958708300255239,13459.000911097974,0.12500095181167126
learning,47,17,0.68122,0.6775,post_filter,0.4727909981738776,1.0,0.9763604500913061,2666.0054572857916,2.4999972083605826
learning,38,25,0.86027,0.8641666666666666,post_filter,0.7117920031305403,1.0,0.964410399843473,10750.001820269972,1.3750031939707696
learning,14,15,0.610595,0.6046666666666667,bitmap_prefilter,36.30029200576246,1.0,0.0,917.0034900307655,1.0000003385357559
learning,1,15,0.610595,0.6046666666666667,bitmap_prefilter,81.94112500495976,1.0,0.0,1125.0012903474271,1.0419971658848226
learning,43,21,0.773455,0.7686666666666667,post_filter,1.42891699942993,1.0,0.9285541500285035,10291.994840372354,1.2500022421590984
learning,10,23,0.82095,0.8133333333333334,post_filter,0.7695829990552738,1.0,0.9615208500472363,11957.99995912239,1.3749959180131555
learning,8,29,0.952505,0.9553333333333334,post_filter,0.5315000016707927,1.0,0.9734249999164604,14334.000297822058,0.08300412446260452
learning,34,19,0.728715,0.7221666666666666,bitmap_prefilter,41.517290999763645,1.0,0.0,9417.002729605883,2.6659981813281775
learning,42,18,0.70283,0.6958333333333333,bitmap_prefilter,39.263584003492724,1.0,0.0,8458.002412226051,1.1250012903474271
learning,27,20,0.750325,0.7405,bitmap_prefilter,45.66799999884097,1.0,0.0,9542.003681417555,1.167005393654108
learning,11,14,0.389405,0.3953333333333333,post_filter,0.5150829965714365,1.0,0.9742458501714282,5333.997251000255,1.915999746415764
learning,20,12,0.31878,0.3225,bitmap_prefilter,23.355083998467308,1.0,0.0,2875.0000637955964,0.7499984349124134
learning,21,10,0.269975,0.27366666666666667,post_filter,1.3344589970074594,1.0,0.933277050149627,959.0003173798323,0.7499984349124134
learning,17,12,0.31878,0.3225,post_filter,0.3297079965705052,1.0,0.9835146001714747,2791.995939332992,0.7080016075633466
learning,26,26,0.88188,0.8825,bitmap_prefilter,85.41766699636355,1.0,0.0,11916.999937966466,1.3329990906640887
learning,30,2,0.09076,0.08566666666666667,post_filter,0.7588340013171546,0.8,0.0,11707.998055499047,1.5409968909807503
learning,14,11,0.3009,0.2981666666666667,post_filter,0.5175410042284057,0.3,0.0,3417.000698391348,0.7920025382190943
learning,41,24,0.83714,0.836,bitmap_prefilter,44.586083000467625,1.0,0.0,10959.003702737391,1.2499949662014842
learning,15,0,0.05003,0.04666666666666667,bitmap_prefilter,2.765874996839557,1.0,0.8617062501580222,958.0035111866891,0.4159956006333232
learning,39,0,0.05003,0.04666666666666667,bitmap_prefilter,2.877708997402806,1.0,0.8561145501298597,1000.0003385357559,0.4169996827840805
learning,30,4,0.14001,0.13066666666666665,post_filter,0.6304170019575395,1.0,0.968479149902123,1708.0019460991025,0.5840047379024327
learning,13,18,0.70283,0.6958333333333333,bitmap_prefilter,38.792999999714084,1.0,0.0,8458.002412226051,1.1660013115033507
learning,49,8,0.23102,0.23733333333333334,bitmap_prefilter,12.545124991447665,1.0,0.37274375042761676,2624.998160172254,0.6659975042566657
learning,38,19,0.728715,0.7221666666666666,post_filter,0.6322920089587569,1.0,0.9683853995520622,9541.99640545994,2.4999972083605826
learning,7,22,0.789645,0.7913333333333333,post_filter,0.9551249968353659,1.0,0.9522437501582317,10083.000233862549,1.2919990695081651
learning,19,5,0.16022,0.16,bitmap_prefilter,9.064208003110252,1.0,0.5467895998444874,1917.0038285665214,0.5830006557516754
learning,19,0,0.05003,0.04666666666666667,post_filter,0.6053340039215982,0.2,0.0,874.9993867240846,0.4579997039400041
learning,24,29,0.952505,0.9553333333333334,post_filter,0.5427920041256584,1.0,0.9728603997937171,14208.002539817244,0.08399365469813347
learning,45,12,0.31878,0.3225,bitmap_prefilter,23.94175100926077,1.0,0.0,2875.0000637955964,0.7499984349124134
learning,44,18,0.70283,0.6958333333333333,post_filter,0.8108740003081039,1.0,0.9594562999845948,8582.996088080108,1.2079981388524175
learning,6,7,0.210355,0.20866666666666667,post_filter,0.679291995766107,1.0,0.9660354002116947,3082.997864112258,0.6669943104498088
learning,43,9,0.249675,0.2595,post_filter,0.7162080000853166,1.0,0.9641895999957342,1791.995600797236,0.7499984349124134
learning,36,3,0.12083,0.124,post_filter,0.5910830004722811,0.5,0.0,1207.9981388524175,0.5409965524449944
learning,34,11,0.3009,0.2981666666666667,bitmap_prefilter,16.80366700020386,1.0,0.15981664998980705,2875.0000637955964,0.7920025382190943
learning,4,11,0.3009,0.2981666666666667,post_filter,0.5322509969118983,1.0,0.9733874501544051,2708.9990908280015,0.7499984349124134
learning,0,10,0.269975,0.27366666666666667,post_filter,0.5308749969117343,1.0,0.9734562501544133,915.9994078800082,0.6659975042566657
learning,31,26,0.88188,0.8825,bitmap_prefilter,46.07716700411402,1.0,0.0,11957.99995912239,1.3329990906640887
learning,40,11,0.3009,0.2981666666666667,post_filter,0.4247499964549206,1.0,0.978762500177254,2625.005436129868,0.6669943104498088
learning,45,14,0.389405,0.3953333333333333,post_filter,0.5666659999405965,1.0,0.9716667000029702,5374.997272156179,1.834006980061531
learning,46,5,0.16022,0.16,post_filter,0.33054199593607336,0.8,0.0,1915.999746415764,0.6249974831007421
learning,17,20,0.750325,0.7405,post_filter,0.35491600283421576,1.0,0.9822541998582892,9458.002750761807,1.1669981176964939
learning,34,29,0.952505,0.9553333333333334,post_filter,0.5419999943114817,1.0,0.9729000002844259,13832.99968438223,0.08400093065574765
learning,30,24,0.83714,0.836,bitmap_prefilter,46.77945799630834,1.0,0.0,10707.997716963291,1.334003172814846
learning,46,26,0.88188,0.8825,post_filter,0.981875004072208,1.0,0.9509062497963896,11584.001185838133,1.3749959180131555
learning,15,10,0.269975,0.27366666666666667,post_filter,1.945582996995654,1.0,0.9027208501502173,915.9994078800082,0.7080016075633466
learning,17,2,0.09076,0.08566666666666667,bitmap_prefilter,5.326333994162269,1.0,0.7336833002918866,11291.99517890811,1.1250012903474271
learning,48,7,0.210355,0.20866666666666667,bitmap_prefilter,16.719833001843654,1.0,0.16400834990781732,2792.003215290606,0.6250047590583563
learning,42,19,0.728715,0.7221666666666666,post_filter,0.386291001632344,1.0,0.9806854499183828,9249.997674487531,2.415996277704835
learning,31,0,0.05003,0.04666666666666667,post_filter,0.4719160060631111,0.2,0.0,874.9993867240846,0.4579997039400041
learning,31,5,0.16022,0.16,bitmap_prefilter,8.800542003882583,1.0,0.5599728998058708,2000.0006770715117,0.667001586407423
learning,16,25,0.86027,0.8641666666666666,bitmap_prefilter,45.43783300323412,1.0,0.0,11666.998034343123,1.3749959180131555
learning,38,28,0.929375,0.9271666666666667,post_filter,0.7414170031552203,1.0,0.962929149842239,13542.005035560578,0.08299684850499034
learning,17,22,0.789645,0.7913333333333333,post_filter,0.4072909941896796,1.0,0.979635450290516,9958.996088244021,1.291002263315022
learning,12,16,0.658305,0.6626666666666666,bitmap_prefilter,36.28891599510098,1.0,0.0,14292.003470472991,1.1659940355457366
learning,26,23,0.82095,0.8133333333333334,bitmap_prefilter,43.47533300460782,1.0,0.0,12791.99932469055,1.500004145782441
learning,15,24,0.83714,0.836,post_filter,1.2394579971442,1.0,0.93802710014279,11084.004654549062,2.7909991331398487
learning,45,20,0.750325,0.7405,post_filter,0.7589589949930087,1.0,0.9620520502503496,9874.995157588273,2.5410045054741204
learning,1,25,0.86027,0.8641666666666666,bitmap_prefilter,45.60408399265725,1.0,0.0,10750.001820269972,1.3329990906640887
learning,25,7,0.210355,0.20866666666666667,post_filter,0.48858300579013303,0.0,0.0,2749.999111983925,0.6659975042566657
learning,42,9,0.249675,0.2595,post_filter,0.35491600283421576,0.8,0.0,1750.0060494057834,0.7080016075633466
learning,35,15,0.610595,0.6046666666666667,post_filter,0.3589990010368638,1.0,0.9820500499481568,1000.0003385357559,1.0829971870407462
learning,47,13,0.340115,0.3471666666666667,post_filter,0.4491669897106476,1.0,0.9775416505144676,3374.996595084667,0.833999365568161
learning,44,11,0.3009,0.2981666666666667,bitmap_prefilter,16.18370799405966,1.0,0.19081460029701702,2749.999111983925,0.7499984349124134
learning,16,9,0.249675,0.2595,bitmap_prefilter,21.46787499077618,1.0,0.0,1708.0019460991025,0.7079943316057324
learning,12,23,0.82095,0.8133333333333334,bitmap_prefilter,44.98924998915754,1.0,0.0,11832.999007310718,1.3339958968572319
learning,34,23,0.82095,0.8133333333333334,post_filter,0.5190420051803812,1.0,0.9740478997409809,11666.998034343123,1.3339958968572319
learning,11,22,0.789645,0.7913333333333333,bitmap_prefilter,44.86358300346183,1.0,0.0,10167.001164518297,1.334003172814846
learning,30,23,0.82095,0.8133333333333334,post_filter,0.6638339982600883,1.0,0.9668083000869956,11749.994882848114,2.7089990908280015
learning,48,18,0.70283,0.6958333333333333,post_filter,1.2359989996184595,1.0,0.938200050019077,8458.002412226051,2.458000381011516
learning,6,9,0.249675,0.2595,post_filter,0.560207998205442,1.0,0.9719896000897279,1708.0019460991025,0.7499984349124134
learning,14,9,0.249675,0.2595,bitmap_prefilter,20.79383399541257,1.0,0.0,1665.9978427924216,0.7499984349124134
learning,0,9,0.249675,0.2595,post_filter,0.6432079972000793,1.0,0.967839600139996,1667.001924943179,0.7080016075633466
learning,17,4,0.14001,0.13066666666666665,bitmap_prefilter,7.7925829973537475,1.0,0.6103708501323126,1792.0028767548501,1.2919990695081651
learning,44,9,0.249675,0.2595,post_filter,0.4243340008542873,1.0,0.9787832999572856,1666.9946489855647,0.7080016075633466
learning,48,20,0.750325,0.7405,post_filter,0.8470829925499856,1.0,0.9576458503725007,9791.998309083283,2.583001332823187
learning,0,27,0.907765,0.9088333333333334,post_filter,0.6094160053180531,1.0,0.9695291997340973,11374.999303370714,0.12500095181167126
learning,18,18,0.70283,0.6958333333333333,post_filter,3.9302500008489005,1.0,0.803487499957555,8667.00429469347,2.459004463162273
learning,21,14,0.389405,0.3953333333333333,post_filter,0.6811249986640178,1.0,0.9659437500667991,5417.00137546286,1.8749997252598405
learning,16,1,0.070755,0.07483333333333334,bitmap_prefilter,3.7522920029005036,1.0,0.8123853998549748,583.0006557516754,1.0000003385357559
learning,7,15,0.610595,0.6046666666666667,post_filter,0.6756240036338568,1.0,0.9662187998183072,1000.0003385357559,1.1250012903474271
learning,31,12,0.31878,0.3225,post_filter,0.39566700434079394,0.9,0.0,2875.0000637955964,1.667001924943179
learning,43,20,0.750325,0.7405,post_filter,0.7345419944613241,1.0,0.9632729002769338,9666.997357271612,2.458000381011516
learning,36,4,0.14001,0.13066666666666665,post_filter,0.5627500067930669,0.9,0.0,1709.0060282498598,1.124994014389813
learning,15,2,0.09076,0.08566666666666667,post_filter,0.5939590046182275,1.0,0.9703020497690886,11916.999937966466,1.2079981388524175
learning,38,19,0.728715,0.7221666666666666,post_filter,0.6322920089587569,1.0,0.9683853995520622,9667.004633229226,2.458000381011516
learning,49,7,0.210355,0.20866666666666667,post_filter,0.5501249979715794,0.2,0.0,2791.995939332992,0.667001586407423
learning,28,14,0.389405,0.3953333333333333,post_filter,0.7005830048001371,0.9,0.0,5374.997272156179,1.7500060494057834
learning,27,18,0.70283,0.6958333333333333,post_filter,0.863583009049762,1.0,0.9568208495475119,8708.004315849394,2.3750035325065255
learning,3,19,0.728715,0.7221666666666666,post_filter,0.6115829964983277,1.0,0.9694208501750836,9667.004633229226,2.459004463162273
learning,6,23,0.82095,0.8133333333333334,post_filter,0.6681250088149682,1.0,0.9665937495592516,11624.993931036443,2.6669949875213206
learning,40,6,0.178125,0.17883333333333334,bitmap_prefilter,10.03225000022212,1.0,0.498387499988894,2625.005436129868,0.6669943104498088
learning,5,21,0.773455,0.7686666666666667,post_filter,7.507334004912991,1.0,0.6246332997543504,10458.999895490706,2.583001332823187
learning,35,5,0.16022,0.16,bitmap_prefilter,8.758874995692167,1.0,0.5620562502153916,1957.9965737648308,1.3749959180131555
learning,44,14,0.389405,0.3953333333333333,post_filter,0.4020420019514859,1.0,0.9798978999024257,5374.997272156179,1.8339997041039169
learning,2,9,0.249675,0.2595,post_filter,0.5595000038738362,1.0,0.9720249998063082,1707.9946701414883,1.4160032151266932
learning,18,22,0.789645,0.7913333333333333,post_filter,0.8357919941772707,1.0,0.9582104002911365,10292.002116329968,2.6659981813281775
learning,4,14,0.389405,0.3953333333333333,post_filter,0.5454570055007935,1.0,0.9727271497249603,5250.003596302122,1.7920028767548501
learning,16,29,0.952505,0.9553333333333334,post_filter,0.43629099673125893,1.0,0.978185450163437,14582.998119294643,0.08400093065574765
learning,40,25,0.86027,0.8641666666666666,post_filter,0.5187920032767579,1.0,0.9740603998361621,11040.996469091624,6.207999831531197
learning,12,25,0.86027,0.8641666666666666,post_filter,0.6217510017449968,1.0,0.9689124499127502,11083.000572398305,2.749999111983925
learning,14,17,0.68122,0.6775,post_filter,0.6533750056405552,1.0,0.9673312497179722,2833.0032364465296,2.416993083897978
learning,17,29,0.952505,0.9553333333333334,post_filter,0.3767910020542331,1.0,0.9811604498972883,14541.001291945577,0.12500095181167126
learning,9,26,0.88188,0.8825,bitmap_prefilter,46.65520900016418,1.0,0.0,11832.999007310718,1.500004145782441
learning,19,5,0.16022,0.16,post_filter,0.5011249959352426,1.0,0.9749437502032379,1916.0070223733783,1.3750031939707696
learning,36,26,0.88188,0.8825,post_filter,1.1347500039846636,1.0,0.9432624998007668,11957.99995912239,2.91600008495152
learning,7,14,0.389405,0.3953333333333333,post_filter,0.610582996159792,1.0,0.9694708501920104,5292.000423651189,1.8749997252598405
learning,44,9,0.249675,0.2595,post_filter,0.4243340008542873,1.0,0.9787832999572856,1708.9987522922456,1.4160032151266932
learning,32,8,0.23102,0.23733333333333334,post_filter,0.22420800087274984,0.0,0.0,2624.998160172254,0.7079943316057324
frozen,0,0,0.05003,0.04666666666666667,bitmap_prefilter,7.37499999377178,1.0,0.631250000311411,2499.9972083605826,0.45899651013314724
frozen,1,0,0.05003,0.04666666666666667,bitmap_prefilter,2.8121249997639097,1.0,0.8593937500118045,1041.9971658848226,0.4590037860907614
frozen,2,0,0.05003,0.04666666666666667,bitmap_prefilter,2.8046669976902194,1.0,0.859766650115489,958.0035111866891,0.166997779160738
frozen,3,0,0.05003,0.04666666666666667,bitmap_prefilter,2.7847079909406602,1.0,0.860764600452967,833.0025593750179,0.08400093065574765
frozen,4,0,0.05003,0.04666666666666667,bitmap_prefilter,2.7677079997374676,1.0,0.8616146000131266,749.9984349124134,0.08299684850499034
frozen,5,0,0.05003,0.04666666666666667,bitmap_prefilter,2.806000004056841,1.0,0.8596999997971579,750.0057108700275,0.08400093065574765
frozen,6,0,0.05003,0.04666666666666667,bitmap_prefilter,2.811917001963593,1.0,0.8594041499018203,749.9984349124134,0.08400093065574765
frozen,7,0,0.05003,0.04666666666666667,bitmap_prefilter,2.787375000480097,1.0,0.8606312499759952,790.998456068337,0.12499367585405707
frozen,8,0,0.05003,0.04666666666666667,bitmap_prefilter,3.121041998383589,1.0,0.8439479000808205,791.9952622614801,0.12500095181167126
frozen,9,0,0.05003,0.04666666666666667,bitmap_prefilter,2.8038749878760427,1.0,0.8598062506061979,708.0016075633466,0.12499367585405707
frozen,10,0,0.05003,0.04666666666666667,bitmap_prefilter,2.7908749907510355,1.0,0.8604562504624482,749.9984349124134,0.08299684850499034
frozen,11,0,0.05003,0.04666666666666667,bitmap_prefilter,2.847958996426314,1.0,0.8576020501786843,749.9984349124134,0.08299684850499034
frozen,12,0,0.05003,0.04666666666666667,bitmap_prefilter,2.905834000557661,1.0,0.854708299972117,708.9984137564898,0.08300412446260452
frozen,13,0,0.05003,0.04666666666666667,bitmap_prefilter,3.023248995305039,1.0,0.848837550234748,749.9984349124134,0.08400093065574765
frozen,14,0,0.05003,0.04666666666666667,bitmap_prefilter,5.011707995436154,1.0,0.7494146002281923,708.9984137564898,0.08299684850499034
frozen,15,0,0.05003,0.04666666666666667,bitmap_prefilter,2.765874996839557,1.0,0.8617062501580222,708.9984137564898,0.12500095181167126
frozen,16,0,0.05003,0.04666666666666667,bitmap_prefilter,2.8026249929098412,1.0,0.8598687503545079,749.9984349124134,0.041000021155923605
frozen,17,0,0.05003,0.04666666666666667,bitmap_prefilter,2.8863749976153485,1.0,0.8556812501192326,790.998456068337,0.12499367585405707
frozen,18,0,0.05003,0.04666666666666667,bitmap_prefilter,2.847041003406048,1.0,0.8576479498296976,707.9943316057324,0.08300412446260452
frozen,19,0,0.05003,0.04666666666666667,bitmap_prefilter,3.1005410055513494,1.0,0.8449729497224325,750.0057108700275,0.041000021155923605
frozen,20,0,0.05003,0.04666666666666667,bitmap_prefilter,3.17091699980665,1.0,0.8414541500096675,749.9984349124134,0.041000021155923605
frozen,21,0,0.05003,0.04666666666666667,bitmap_prefilter,2.7901660068891943,1.0,0.8604916996555403,749.9984349124134,0.08300412446260452
frozen,22,0,0.05003,0.04666666666666667,bitmap_prefilter,2.7857079985551536,1.0,0.8607146000722423,999.9930625781417,0.12500095181167126
frozen,23,0,0.05003,0.04666666666666667,bitmap_prefilter,2.846540999598801,1.0,0.8576729500200599,749.9984349124134,0.08299684850499034
frozen,24,0,0.05003,0.04666666666666667,bitmap_prefilter,2.9792909990646876,1.0,0.8510354500467656,750.0057108700275,0.041000021155923605
frozen,25,0,0.05003,0.04666666666666667,bitmap_prefilter,2.9059590087854303,1.0,0.8547020495607285,749.9984349124134,0.041000021155923605
frozen,26,0,0.05003,0.04666666666666667,bitmap_prefilter,2.786291006486863,1.0,0.8606854496756569,749.9984349124134,0.08299684850499034
frozen,27,0,0.05003,0.04666666666666667,bitmap_prefilter,2.801333997922484,1.0,0.8599333001038758,707.9943316057324,0.08300412446260452
frozen,28,0,0.05003,0.04666666666666667,bitmap_prefilter,2.8589159992407076,1.0,0.8570542000379646,750.0057108700275,0.041000021155923605
frozen,29,0,0.05003,0.04666666666666667,bitmap_prefilter,2.7436259988462552,1.0,0.8628187000576872,707.9943316057324,0.12500095181167126
frozen,30,0,0.05003,0.04666666666666667,bitmap_prefilter,2.790416998323053,1.0,0.8604791500838473,708.9984137564898,0.08299684850499034
frozen,31,0,0.05003,0.04666666666666667,bitmap_prefilter,2.768375001323875,1.0,0.8615812499338062,917.0034900307655,0.08400093065574765
frozen,32,0,0.05003,0.04666666666666667,bitmap_prefilter,2.7637500024866313,0.9,0.0,749.9984349124134,0.08300412446260452
frozen,33,0,0.05003,0.04666666666666667,bitmap_prefilter,2.8841660023317672,1.0,0.8557916998834116,790.998456068337,0.12500095181167126
frozen,34,0,0.05003,0.04666666666666667,bitmap_prefilter,2.8447920049075037,1.0,0.8577603997546248,833.999365568161,0.041000021155923605
frozen,35,0,0.05003,0.04666666666666667,bitmap_prefilter,2.799875001073815,1.0,0.8600062499463093,749.9984349124134,0.08300412446260452
frozen,36,0,0.05003,0.04666666666666667,bitmap_prefilter,2.8022090045851655,1.0,0.8598895497707417,709.0056897141039,0.08299684850499034
frozen,37,0,0.05003,0.04666666666666667,bitmap_prefilter,2.876292994187679,1.0,0.856185350290616,749.9984349124134,0.12500095181167126
frozen,38,0,0.05003,0.04666666666666667,bitmap_prefilter,2.8040420002071187,1.0,0.8597978999896441,707.9943316057324,0.08300412446260452
frozen,39,0,0.05003,0.04666666666666667,bitmap_prefilter,2.877708997402806,1.0,0.8561145501298597,790.998456068337,0.041000021155923605
frozen,40,0,0.05003,0.04666666666666667,bitmap_prefilter,2.920959006587509,1.0,0.8539520496706245,749.9984349124134,0.041000021155923605
frozen,41,0,0.05003,0.04666666666666667,bitmap_prefilter,2.860834007151425,1.0,0.8569582996424288,749.9984349124134,0.08299684850499034
frozen,42,0,0.05003,0.04666666666666667,bitmap_prefilter,2.8352499939501286,1.0,0.8582375003024936,708.9984137564898,0.08299684850499034
frozen,43,0,0.05003,0.04666666666666667,bitmap_prefilter,2.7994570045848377,1.0,0.8600271497707581,750.0057108700275,0.041000021155923605
frozen,44,0,0.05003,0.04666666666666667,bitmap_prefilter,2.812040998833254,1.0,0.8593979500583373,792.0025382190943,0.08300412446260452
frozen,45,0,0.05003,0.04666666666666667,bitmap_prefilter,2.7817500013043173,1.0,0.8609124999347841,749.9984349124134,0.08300412446260452
frozen,46,0,0.05003,0.04666666666666667,bitmap_prefilter,2.766708996205125,1.0,0.8616645501897437,749.9984349124134,0.08399365469813347
frozen,47,0,0.05003,0.04666666666666667,bitmap_prefilter,2.7667920003295876,1.0,0.8616603999835206,750.0057108700275,0.08400093065574765
frozen,48,0,0.05003,0.04666666666666667,bitmap_prefilter,2.7662920037982985,1.0,0.8616853998100851,708.9984137564898,0.08300412446260452
frozen,49,0,0.05003,0.04666666666666667,bitmap_prefilter,2.7570009988266975,1.0,0.8621499500586651,708.0016075633466,0.08400093065574765
frozen,0,1,0.070755,0.07483333333333334,bitmap_prefilter,12.922916001116391,1.0,0.35385419994418044,625.0047590583563,0.08299684850499034
frozen,1,1,0.070755,0.07483333333333334,bitmap_prefilter,3.887792001478374,1.0,0.8056103999260813,499.99653128907084,0.08299684850499034
frozen,2,1,0.070755,0.07483333333333334,bitmap_prefilter,3.6925010062986985,1.0,0.8153749496850651,333.995558321476,0.041000021155923605
frozen,3,1,0.070755,0.07483333333333334,bitmap_prefilter,3.743666995433159,1.0,0.812816650228342,334.00283427909017,0.08300412446260452
frozen,4,1,0.070755,0.07483333333333334,bitmap_prefilter,3.7254580020089634,1.0,0.8137270998995518,291.99873097240925,0.08300412446260452
frozen,5,1,0.070755,0.07483333333333334,bitmap_prefilter,3.8667500120936893,1.0,0.8066624993953155,291.99873097240925,0.08300412446260452
frozen,6,1,0.070755,0.07483333333333334,bitmap_prefilter,3.8988750020507723,1.0,0.8050562498974614,292.00600693002343,0.08299684850499034
frozen,7,1,0.070755,0.07483333333333334,bitmap_prefilter,3.719458996783942,1.0,0.8140270501608029,291.99873097240925,0.08400093065574765
frozen,8,1,0.070755,0.07483333333333334,bitmap_prefilter,3.7702920017181896,1.0,0.8114853999140905,291.99873097240925,0.08400093065574765
frozen,9,1,0.070755,0.07483333333333334,bitmap_prefilter,3.7330000050133094,1.0,0.8133499997493345,291.99873097240925,0.08299684850499034
frozen,10,1,0.070755,0.07483333333333334,bitmap_prefilter,3.919209004379809,1.0,0.8040395497810096,292.00600693002343,0.08400093065574765
frozen,11,1,0.070755,0.07483333333333334,bitmap_prefilter,3.884707999532111,1.0,0.8057646000233945,292.00600693002343,0.08400093065574765
frozen,12,1,0.070755,0.07483333333333334,bitmap_prefilter,3.8577499944949523,1.0,0.8071125002752524,292.00600693002343,0.08400093065574765
frozen,13,1,0.070755,0.07483333333333334,bitmap_prefilter,4.074584001500625,1.0,0.7962707999249687,292.00600693002343,0.08400093065574765
frozen,14,1,0.070755,0.07483333333333334,bitmap_prefilter,3.9642080082558095,1.0,0.8017895995872095,332.99875212833285,0.08400093065574765
frozen,15,1,0.070755,0.07483333333333334,bitmap_prefilter,3.857166004308965,1.0,0.8071416997845517,500.003807246685,0.08299684850499034
frozen,16,1,0.070755,0.07483333333333334,bitmap_prefilter,3.7522920029005036,1.0,0.8123853998549748,291.0019247792661,0.08299684850499034
frozen,17,1,0.070755,0.07483333333333334,bitmap_prefilter,3.7494569914997555,1.0,0.8125271504250122,291.99873097240925,0.04200410330668092
frozen,18,1,0.070755,0.07483333333333334,bitmap_prefilter,3.8274160033324733,1.0,0.8086291998333763,332.99875212833285,0.12500095181167126
frozen,19,1,0.070755,0.07483333333333334,bitmap_prefilter,4.004832997452468,0.9,0.0,291.99873097240925,0.08300412446260452
frozen,20,1,0.070755,0.07483333333333334,bitmap_prefilter,3.9269579938263632,1.0,0.8036521003086818,332.99875212833285,0.041996827349066734
frozen,21,1,0.070755,0.07483333333333334,bitmap_prefilter,3.7410830045701005,1.0,0.812945849771495,291.99873097240925,0.08400093065574765
frozen,22,1,0.070755,0.07483333333333334,bitmap_prefilter,3.767499998502899,1.0,0.811625000074855,291.0019247792661,0.12500095181167126
frozen,23,1,0.070755,0.07483333333333334,bitmap_prefilter,3.9262499922188,1.0,0.80368750038906,291.99873097240925,0.08400093065574765
frozen,24,1,0.070755,0.07483333333333334,bitmap_prefilter,3.757250997296069,1.0,0.8121374501351966,291.99873097240925,0.08299684850499034
frozen,25,1,0.070755,0.07483333333333334,bitmap_prefilter,3.7640830050804652,1.0,0.8117958497459767,291.99873097240925,0.08300412446260452
frozen,26,1,0.070755,0.07483333333333334,bitmap_prefilter,3.8660830032313243,1.0,0.8066958498384338,332.99875212833285,0.12500095181167126
frozen,27,1,0.070755,0.07483333333333334,bitmap_prefilter,3.875249996781349,1.0,0.8062375001609325,291.99873097240925,0.08400093065574765
frozen,28,1,0.070755,0.07483333333333334,bitmap_prefilter,3.8043750100769103,1.0,0.8097812494961545,291.99873097240925,0.08400093065574765
frozen,29,1,0.070755,0.07483333333333334,bitmap_prefilter,3.7803749946760945,1.0,0.8109812502661953,291.99873097240925,0.04200410330668092
frozen,30,1,0.070755,0.07483333333333334,bitmap_prefilter,3.712375008035451,1.0,0.8143812495982274,292.00600693002343,0.08400093065574765
frozen,31,1,0.070755,0.07483333333333334,bitmap_prefilter,3.7481669933185913,1.0,0.8125916503340704,291.0019247792661,0.08299684850499034
frozen,32,1,0.070755,0.07483333333333334,bitmap_prefilter,3.684668001369573,1.0,0.8157665999315213,291.99873097240925,0.08299684850499034
frozen,33,1,0.070755,0.07483333333333334,bitmap_prefilter,3.878209005051758,1.0,0.8060895497474121,332.99875212833285,0.041996827349066734
frozen,34,1,0.070755,0.07483333333333334,bitmap_prefilter,3.9705840026726946,1.0,0.8014707998663653,250.0019036233425,0.08399365469813347
frozen,35,1,0.070755,0.07483333333333334,bitmap_prefilter,3.972874997998588,1.0,0.8013562501000706,291.99873097240925,0.08399365469813347
frozen,36,1,0.070755,0.07483333333333334,bitmap_prefilter,3.7210419977782294,0.9,0.0,291.99873097240925,0.08399365469813347
frozen,37,1,0.070755,0.07483333333333334,bitmap_prefilter,4.777250003826339,1.0,0.7611374998086831,332.99875212833285,0.04200410330668092
frozen,38,1,0.070755,0.07483333333333334,bitmap_prefilter,4.690041998401284,1.0,0.7654979000799358,291.99873097240925,0.08400093065574765
frozen,39,1,0.070755,0.07483333333333334,bitmap_prefilter,4.225874996336643,1.0,0.7887062501831679,290.99464882165194,0.08300412446260452
frozen,40,1,0.070755,0.07483333333333334,bitmap_prefilter,3.741417000128422,1.0,0.8129291499935789,332.99875212833285,0.08300412446260452
frozen,41,1,0.070755,0.07483333333333334,bitmap_prefilter,3.9312079970841296,1.0,0.8034396001457935,291.99873097240925,0.04200410330668092
frozen,42,1,0.070755,0.07483333333333334,bitmap_prefilter,5.647666002914775,1.0,0.7176166998542612,292.00600693002343,0.041996827349066734
frozen,43,1,0.070755,0.07483333333333334,bitmap_prefilter,4.324540997913573,1.0,0.7837729501043214,292.00600693002343,0.041996827349066734
frozen,44,1,0.070755,0.07483333333333334,bitmap_prefilter,3.7782079962198623,1.0,0.8110896001890069,250.0019036233425,0.12500095181167126
frozen,45,1,0.070755,0.07483333333333334,bitmap_prefilter,3.9872499983175658,1.0,0.8006375000841217,291.99873097240925,0.08299684850499034
frozen,46,1,0.070755,0.07483333333333334,bitmap_prefilter,4.631666997738648,1.0,0.7684166501130676,332.99875212833285,0.12500095181167126
frozen,47,1,0.070755,0.07483333333333334,bitmap_prefilter,5.121042006067,1.0,0.74394789969665,291.99873097240925,0.041996827349066734
frozen,48,1,0.070755,0.07483333333333334,bitmap_prefilter,3.984833005233668,1.0,0.8007583497383166,250.0019036233425,0.08299684850499034
frozen,49,1,0.070755,0.07483333333333334,bitmap_prefilter,3.8813749924884178,0.9,0.0,292.00600693002343,0.12500095181167126
frozen,0,2,0.09076,0.08566666666666667,bitmap_prefilter,20.211333001498133,1.0,0.0,12666.001566685736,0.08300412446260452
frozen,1,2,0.09076,0.08566666666666667,bitmap_prefilter,6.938708000234328,1.0,0.6530645999882836,11666.998034343123,0.12500095181167126
frozen,2,2,0.09076,0.08566666666666667,bitmap_prefilter,5.418331995315384,1.0,0.7290834002342308,11582.997103687376,0.08400093065574765
frozen,3,2,0.09076,0.08566666666666667,bitmap_prefilter,6.297792002442293,1.0,0.6851103998778854,11666.998034343123,0.041996827349066734
frozen,4,2,0.09076,0.08566666666666667,bitmap_prefilter,6.286499999987427,1.0,0.6856750000006286,11333.99928221479,0.12500095181167126
frozen,5,2,0.09076,0.08566666666666667,bitmap_prefilter,6.0943750067963265,1.0,0.6952812496601837,11500.000255182385,0.08299684850499034
frozen,6,2,0.09076,0.08566666666666667,bitmap_prefilter,7.66716700309189,1.0,0.6166416498454055,11584.001185838133,0.08299684850499034
frozen,7,2,0.09076,0.08566666666666667,bitmap_prefilter,7.079750001139473,1.0,0.6460124999430263,11582.997103687376,0.08299684850499034
frozen,8,2,0.09076,0.08566666666666667,bitmap_prefilter,5.800541999633424,1.0,0.7099729000183288,11500.000255182385,0.08299684850499034
frozen,9,2,0.09076,0.08566666666666667,bitmap_prefilter,5.999792003422044,1.0,0.7000103998288978,11417.003406677395,0.08400093065574765
frozen,10,2,0.09076,0.08566666666666667,bitmap_prefilter,5.751207994762808,1.0,0.7124396002618596,11582.997103687376,0.08300412446260452
frozen,11,2,0.09076,0.08566666666666667,bitmap_prefilter,5.501501000253484,1.0,0.7249249499873258,11292.002454865724,0.08399365469813347
frozen,12,2,0.09076,0.08566666666666667,bitmap_prefilter,5.490875002578832,1.0,0.7254562498710584,11749.994882848114,0.08300412446260452
frozen,13,2,0.09076,0.08566666666666667,bitmap_prefilter,5.740209009672981,1.0,0.712989549516351,11333.002476021647,0.08299684850499034
frozen,14,2,0.09076,0.08566666666666667,bitmap_prefilter,6.101209000917152,1.0,0.6949395499541424,11791.998986154795,0.08299684850499034
frozen,15,2,0.09076,0.08566666666666667,bitmap_prefilter,5.660374998115003,1.0,0.7169812500942498,11583.993909880519,0.08300412446260452
frozen,16,2,0.09076,0.08566666666666667,bitmap_prefilter,5.452207995404024,1.0,0.7273896002297988,11583.00437964499,0.08400093065574765
frozen,17,2,0.09076,0.08566666666666667,bitmap_prefilter,5.326333994162269,1.0,0.7336833002918866,11541.000276338309,0.08400093065574765
frozen,18,2,0.09076,0.08566666666666667,bitmap_prefilter,5.358999995223712,1.0,0.7320500002388144,11541.000276338309,0.08400093065574765
frozen,19,2,0.09076,0.08566666666666667,bitmap_prefilter,5.524250002054032,1.0,0.7237874998972984,11707.998055499047,0.08300412446260452
frozen,20,2,0.09076,0.08566666666666667,bitmap_prefilter,5.645958000968676,1.0,0.7177020999515662,11374.999303370714,0.08300412446260452
frozen,21,2,0.09076,0.08566666666666667,bitmap_prefilter,5.365875993447844,1.0,0.7317062003276078,11834.003089461476,0.08299684850499034
frozen,22,2,0.09076,0.08566666666666667,bitmap_prefilter,5.820790996949654,1.0,0.7089604501525173,11541.997082531452,0.12500095181167126
frozen,23,2,0.09076,0.08566666666666667,bitmap_prefilter,5.6071660001180135,1.0,0.7196416999940993,11374.999303370714,0.08400093065574765
frozen,24,2,0.09076,0.08566666666666667,bitmap_prefilter,5.372583000280429,1.0,0.7313708499859786,11458.003427833319,0.08400093065574765
frozen,25,2,0.09076,0.08566666666666667,bitmap_prefilter,5.45883399900049,1.0,0.7270583000499755,11415.999324526638,0.041000021155923605
frozen,26,2,0.09076,0.08566666666666667,bitmap_prefilter,5.341333002434112,1.0,0.7329333498782944,11500.000255182385,0.08300412446260452
frozen,27,2,0.09076,0.08566666666666667,bitmap_prefilter,5.404042000009213,0.9,0.0,11249.998351559043,0.08299684850499034
frozen,28,2,0.09076,0.08566666666666667,bitmap_prefilter,5.563375998463016,1.0,0.7218312000768492,11457.996151875705,0.08400093065574765
frozen,29,2,0.09076,0.08566666666666667,bitmap_prefilter,5.78058300743578,1.0,0.710970849628211,11333.99928221479,0.08299684850499034
frozen,30,2,0.09076,0.08566666666666667,bitmap_prefilter,5.513417003385257,1.0,0.7243291498307372,11374.999303370714,0.08400093065574765
frozen,31,2,0.09076,0.08566666666666667,bitmap_prefilter,5.358583002816886,1.0,0.7320708498591557,11625.001206994057,0.08400093065574765
frozen,32,2,0.09076,0.08566666666666667,bitmap_prefilter,5.376459004764911,0.7,0.0,11374.999303370714,0.08300412446260452
frozen,33,2,0.09076,0.08566666666666667,bitmap_prefilter,5.420458001026418,1.0,0.7289770999486791,11708.005331456661,0.08400093065574765
frozen,34,2,0.09076,0.08566666666666667,bitmap_prefilter,5.798959013191052,1.0,0.7100520493404474,11541.997082531452,0.08400093065574765
frozen,35,2,0.09076,0.08566666666666667,bitmap_prefilter,5.754790996434167,1.0,0.7122604501782916,24207.99864921719,0.37500285543501377
frozen,36,2,0.09076,0.08566666666666667,bitmap_prefilter,5.544667008507531,1.0,0.7227666495746234,14458.004443440586,0.16600097296759486
frozen,37,2,0.09076,0.08566666666666667,bitmap_prefilter,5.550374000449665,1.0,0.7224812999775168,11915.995855815709,0.12500095181167126
frozen,38,2,0.09076,0.08566666666666667,bitmap_prefilter,5.778708000434563,1.0,0.7110645999782719,11709.002137649804,0.12499367585405707
frozen,39,2,0.09076,0.08566666666666667,bitmap_prefilter,5.8338740054750815,1.0,0.7083062997262459,11458.003427833319,0.08299684850499034
frozen,40,2,0.09076,0.08566666666666667,bitmap_prefilter,5.5667499982519075,1.0,0.7216625000874046,11459.000234026462,0.08299684850499034
frozen,41,2,0.09076,0.08566666666666667,bitmap_prefilter,5.471874996146653,1.0,0.7264062501926674,11541.000276338309,0.08300412446260452
frozen,42,2,0.09076,0.08566666666666667,bitmap_prefilter,5.413999992015306,1.0,0.7293000003992347,11457.996151875705,0.08399365469813347
frozen,43,2,0.09076,0.08566666666666667,bitmap_prefilter,5.5957920048967935,1.0,0.7202103997551603,12083.997717127204,0.08299684850499034
frozen,44,2,0.09076,0.08566666666666667,bitmap_prefilter,5.350958002964035,1.0,0.7324520998517983,11709.002137649804,0.041000021155923605
frozen,45,2,0.09076,0.08566666666666667,bitmap_prefilter,5.3120829979889095,1.0,0.7343958501005545,11500.000255182385,0.08299684850499034
frozen,46,2,0.09076,0.08566666666666667,bitmap_prefilter,5.383957992307842,1.0,0.7308021003846079,11583.00437964499,0.12499367585405707
frozen,47,2,0.09076,0.08566666666666667,bitmap_prefilter,5.359333001251798,1.0,0.7320333499374101,11749.994882848114,0.08300412446260452
frozen,48,2,0.09076,0.08566666666666667,bitmap_prefilter,5.452875004266389,1.0,0.7273562497866806,11541.000276338309,0.08300412446260452
frozen,49,2,0.09076,0.08566666666666667,bitmap_prefilter,5.3362510006991215,1.0,0.7331874499650439,11541.000276338309,0.08300412446260452
frozen,0,3,0.12083,0.124,bitmap_prefilter,14.973541998188011,1.0,0.25132290009059943,2499.9972083605826,0.12500095181167126
frozen,1,3,0.12083,0.124,bitmap_prefilter,7.041873999696691,1.0,0.6479063000151655,1292.0063454657793,0.08400093065574765
frozen,2,3,0.12083,0.124,bitmap_prefilter,6.915958001627587,1.0,0.6542020999186207,1000.0003385357559,0.08299684850499034
frozen,3,3,0.12083,0.124,bitmap_prefilter,6.726123996486422,1.0,0.6636938001756789,1000.0003385357559,0.08299684850499034
frozen,4,3,0.12083,0.124,bitmap_prefilter,6.790292005462106,1.0,0.6604853997268947,957.996235229075,0.08300412446260452
frozen,5,3,0.12083,0.124,bitmap_prefilter,6.894708007166628,1.0,0.6552645996416686,916.9962140731514,0.08400093065574765
frozen,6,3,0.12083,0.124,bitmap_prefilter,6.834332998550963,1.0,0.6582833500724519,1000.0003385357559,0.12500095181167126
frozen,7,3,0.12083,0.124,bitmap_prefilter,6.719415992847644,1.0,0.6640292003576178,957.996235229075,0.12500095181167126
frozen,8,3,0.12083,0.124,bitmap_prefilter,7.05145899701165,1.0,0.6474270501494175,958.0035111866891,0.04200410330668092
frozen,9,3,0.12083,0.124,bitmap_prefilter,7.083292010065634,1.0,0.6458353994967183,959.0003173798323,0.08299684850499034
frozen,10,3,0.12083,0.124,bitmap_prefilter,6.701333993987646,1.0,0.6649333003006177,4125.002305954695,0.08299684850499034
frozen,11,3,0.12083,0.124,bitmap_prefilter,7.053750006889459,1.0,0.6473124996555271,959.0003173798323,0.08299684850499034
frozen,12,3,0.12083,0.124,bitmap_prefilter,7.405790995107964,1.0,0.6297104502446018,917.0034900307655,0.08299684850499034
frozen,13,3,0.12083,0.124,bitmap_prefilter,6.7872509971493855,1.0,0.6606374501425307,917.0034900307655,0.041996827349066734
frozen,14,3,0.12083,0.124,bitmap_prefilter,6.925000998307951,1.0,0.6537499500846025,1000.0003385357559,0.08299684850499034
frozen,15,3,0.12083,0.124,bitmap_prefilter,6.877749998238869,1.0,0.6561125000880565,959.0003173798323,0.08299684850499034
frozen,16,3,0.12083,0.124,bitmap_prefilter,6.719207995047327,1.0,0.6640396002476336,1125.0012903474271,0.08400093065574765
frozen,17,3,0.12083,0.124,bitmap_prefilter,6.695916999888141,1.0,0.665204150005593,958.0035111866891,0.08299684850499034
frozen,18,3,0.12083,0.124,bitmap_prefilter,6.926541005668696,1.0,0.6536729497165652,959.0003173798323,0.08299684850499034
frozen,19,3,0.12083,0.124,bitmap_prefilter,7.040457996481564,1.0,0.6479771001759218,1000.0003385357559,0.12500095181167126
frozen,20,3,0.12083,0.124,bitmap_prefilter,6.743333004123997,1.0,0.6628333497938002,916.9962140731514,0.08299684850499034
frozen,21,3,0.12083,0.124,bitmap_prefilter,6.720083001710009,1.0,0.6639958499144996,958.0035111866891,0.04200410330668092
frozen,22,3,0.12083,0.124,bitmap_prefilter,6.941665997146629,1.0,0.6529167001426686,958.9930414222181,0.08299684850499034
frozen,23,3,0.12083,0.124,bitmap_prefilter,6.977375000133179,1.0,0.651131249993341,958.0035111866891,0.08299684850499034
frozen,24,3,0.12083,0.124,bitmap_prefilter,7.036208997305948,1.0,0.6481895501347026,958.0035111866891,0.08300412446260452
frozen,25,3,0.12083,0.124,bitmap_prefilter,7.096291992638726,1.0,0.6451854003680637,958.0035111866891,0.08400093065574765
frozen,26,3,0.12083,0.124,bitmap_prefilter,7.217416998173576,1.0,0.6391291500913212,959.0003173798323,0.08299684850499034
frozen,27,3,0.12083,0.124,bitmap_prefilter,6.858042994281277,0.8,0.0,1291.002263315022,0.08399365469813347
frozen,28,3,0.12083,0.124,bitmap_prefilter,6.923707995156292,1.0,0.6538146002421854,959.0003173798323,0.08299684850499034
frozen,29,3,0.12083,0.124,bitmap_prefilter,7.12379199831048,1.0,0.643810400084476,959.0003173798323,0.08299684850499034
frozen,30,3,0.12083,0.124,bitmap_prefilter,6.950875002075918,1.0,0.6524562498962041,958.0035111866891,0.041996827349066734
frozen,31,3,0.12083,0.124,bitmap_prefilter,6.723456994222943,1.0,0.6638271502888529,959.0003173798323,0.08299684850499034
frozen,32,3,0.12083,0.124,bitmap_prefilter,7.044082994980272,1.0,0.6477958502509864,958.0035111866891,0.08299684850499034
frozen,33,3,0.12083,0.124,bitmap_prefilter,7.083875003445428,1.0,0.6458062498277286,959.0003173798323,0.08299684850499034
frozen,34,3,0.12083,0.124,bitmap_prefilter,6.924707995494828,1.0,0.6537646002252586,958.0035111866891,0.08299684850499034
frozen,35,3,0.12083,0.124,bitmap_prefilter,6.97025099361781,1.0,0.6514874503191095,959.0003173798323,0.08299684850499034
frozen,36,3,0.12083,0.124,bitmap_prefilter,7.099833994288929,1.0,0.6450083002855536,959.0003173798323,0.08300412446260452
frozen,37,3,0.12083,0.124,bitmap_prefilter,6.830458005424589,1.0,0.6584770997287706,959.0003173798323,0.08299684850499034
frozen,38,3,0.12083,0.124,bitmap_prefilter,6.735083996318281,1.0,0.663245800184086,957.996235229075,0.08299684850499034
frozen,39,3,0.12083,0.124,bitmap_prefilter,6.956790995900519,1.0,0.652160450204974,958.0035111866891,0.08300412446260452
frozen,40,3,0.12083,0.124,bitmap_prefilter,6.771708001906518,1.0,0.6614145999046741,917.0034900307655,0.08299684850499034
frozen,41,3,0.12083,0.124,bitmap_prefilter,6.850666999525856,1.0,0.6574666500237072,957.996235229075,0.08400093065574765
frozen,42,3,0.12083,0.124,bitmap_prefilter,6.769958999939263,1.0,0.6615020500030369,957.996235229075,0.08299684850499034
frozen,43,3,0.12083,0.124,bitmap_prefilter,6.9304999997257255,1.0,0.6534750000137137,958.0035111866891,0.04200410330668092
frozen,44,3,0.12083,0.124,bitmap_prefilter,6.715000003168825,1.0,0.6642499998415587,916.0066838376224,0.08300412446260452
frozen,45,3,0.12083,0.124,bitmap_prefilter,6.694832998618949,1.0,0.6652583500690525,958.0035111866891,0.08300412446260452
frozen,46,3,0.12083,0.124,bitmap_prefilter,7.051333996059839,1.0,0.6474333001970081,915.9994078800082,0.08299684850499034
frozen,47,3,0.12083,0.124,bitmap_prefilter,7.131250007660128,1.0,0.6434374996169936,958.0035111866891,0.08400093065574765
frozen,48,3,0.12083,0.124,bitmap_prefilter,6.771624997782055,1.0,0.6614187501108972,916.9962140731514,0.08300412446260452
frozen,49,3,0.12083,0.124,bitmap_prefilter,6.707958003971726,1.0,0.6646020998014137,957.996235229075,0.08299684850499034
frozen,0,4,0.14001,0.13066666666666665,bitmap_prefilter,16.702332002751064,1.0,0.16488339986244682,2417.0003598555923,0.08299684850499034
frozen,1,4,0.14001,0.13066666666666665,bitmap_prefilter,7.939042006910313,1.0,0.6030478996544844,1667.001924943179,0.08299684850499034
frozen,2,4,0.14001,0.13066666666666665,bitmap_prefilter,7.811123999999836,1.0,0.6094438000000082,1500.004145782441,0.08299684850499034
frozen,3,4,0.14001,0.13066666666666665,bitmap_prefilter,7.76708300691098,1.0,0.611645849654451,1459.0041246265173,0.041000021155923605
frozen,4,4,0.14001,0.13066666666666665,bitmap_prefilter,7.852291004383005,1.0,0.6073854497808497,1417.0000213198364,0.08400093065574765
frozen,5,4,0.14001,0.13066666666666665,bitmap_prefilter,7.7309999978751875,1.0,0.6134500001062406,1500.004145782441,0.08300412446260452
frozen,6,4,0.14001,0.13066666666666665,bitmap_prefilter,7.921791002445389,1.0,0.6039104498777306,1707.9946701414883,0.08400093065574765
frozen,7,4,0.14001,0.13066666666666665,bitmap_prefilter,7.855249998101499,1.0,0.607237500094925,1458.00004247576,0.041996827349066734
frozen,8,4,0.14001,0.13066666666666665,bitmap_prefilter,7.819625003321562,1.0,0.6090187498339219,1417.0000213198364,0.08299684850499034
frozen,9,4,0.14001,0.13066666666666665,bitmap_prefilter,7.702167000388727,1.0,0.6148916499805637,1415.995939169079,0.08299684850499034
frozen,10,4,0.14001,0.13066666666666665,bitmap_prefilter,7.754042002488859,1.0,0.612297899875557,1459.0041246265173,0.08299684850499034
frozen,11,4,0.14001,0.13066666666666665,bitmap_prefilter,7.848459004890174,1.0,0.6075770497554913,1374.9959180131555,0.12500095181167126
frozen,12,4,0.14001,0.13066666666666665,bitmap_prefilter,7.7238329977262765,1.0,0.6138083501136862,1458.996848668903,0.08299684850499034
frozen,13,4,0.14001,0.13066666666666665,bitmap_prefilter,7.977374996698927,1.0,0.6011312501650536,1417.0000213198364,0.08299684850499034
frozen,14,4,0.14001,0.13066666666666665,bitmap_prefilter,7.845000000088476,1.0,0.6077499999955762,1458.00004247576,0.08399365469813347
frozen,15,4,0.14001,0.13066666666666665,bitmap_prefilter,7.795124998665415,1.0,0.6102437500667293,1375.0031939707696,0.08400093065574765
frozen,16,4,0.14001,0.13066666666666665,bitmap_prefilter,8.028916992770974,1.0,0.5985541503614513,1417.0000213198364,0.08299684850499034
frozen,17,4,0.14001,0.13066666666666665,bitmap_prefilter,7.7925829973537475,1.0,0.6103708501323126,1416.0032151266932,0.08300412446260452
frozen,18,4,0.14001,0.13066666666666665,bitmap_prefilter,7.732707992545329,1.0,0.6133646003727335,1374.9959180131555,0.08399365469813347
frozen,19,4,0.14001,0.13066666666666665,bitmap_prefilter,7.767291994241532,1.0,0.6116354002879234,1415.995939169079,0.08299684850499034
frozen,20,4,0.14001,0.13066666666666665,bitmap_prefilter,7.857666001655161,1.0,0.6071166999172419,1374.9959180131555,0.041996827349066734
frozen,21,4,0.14001,0.13066666666666665,bitmap_prefilter,7.7476669976022094,1.0,0.6126166501198895,1417.0000213198364,0.08299684850499034
frozen,22,4,0.14001,0.13066666666666665,bitmap_prefilter,7.704666000790894,1.0,0.6147666999604553,1415.995939169079,0.08300412446260452
frozen,23,4,0.14001,0.13066666666666665,bitmap_prefilter,7.735292005236261,1.0,0.613235399738187,1458.00004247576,0.12500095181167126
frozen,24,4,0.14001,0.13066666666666665,bitmap_prefilter,7.758624997222796,1.0,0.6120687501388602,1499.9968698248267,0.08300412446260452
frozen,25,4,0.14001,0.13066666666666665,bitmap_prefilter,7.720708999841008,1.0,0.6139645500079496,1415.995939169079,0.08299684850499034
frozen,26,4,0.14001,0.13066666666666665,bitmap_prefilter,7.699706999119371,1.0,0.6150146500440314,1417.0000213198364,0.08300412446260452
frozen,27,4,0.14001,0.13066666666666665,bitmap_prefilter,7.70424900110811,0.9,0.0,1417.0000213198364,0.08300412446260452
frozen,28,4,0.14001,0.13066666666666665,bitmap_prefilter,7.736956998996902,1.0,0.6131521500501549,1415.995939169079,0.08300412446260452
frozen,29,4,0.14001,0.13066666666666665,bitmap_prefilter,7.740209002804477,1.0,0.6129895498597762,1375.0031939707696,0.08299684850499034
frozen,30,4,0.14001,0.13066666666666665,bitmap_prefilter,7.7269169996725395,1.0,0.613654150016373,1416.0032151266932,0.12500095181167126
frozen,31,4,0.14001,0.13066666666666665,bitmap_prefilter,7.7391239974531345,1.0,0.6130438001273433,1415.995939169079,0.08299684850499034
frozen,32,4,0.14001,0.13066666666666665,bitmap_prefilter,7.7447920048143715,1.0,0.6127603997592814,1500.004145782441,0.041996827349066734
frozen,33,4,0.14001,0.13066666666666665,bitmap_prefilter,7.747125993773807,1.0,0.6126437003113097,1417.0000213198364,0.041996827349066734
frozen,34,4,0.14001,0.13066666666666665,bitmap_prefilter,7.720458001131192,1.0,0.6139770999434404,1417.0000213198364,0.041996827349066734
frozen,35,4,0.14001,0.13066666666666665,bitmap_prefilter,7.761665998259559,1.0,0.611916700087022,1415.995939169079,0.08300412446260452
frozen,36,4,0.14001,0.13066666666666665,bitmap_prefilter,7.715959000051953,1.0,0.6142020499974024,1417.0000213198364,0.12500095181167126
frozen,37,4,0.14001,0.13066666666666665,bitmap_prefilter,7.723666996753309,1.0,0.6138166501623346,1417.0000213198364,0.041996827349066734
frozen,38,4,0.14001,0.13066666666666665,bitmap_prefilter,7.735625003988389,1.0,0.6132187498005806,1417.0000213198364,0.041996827349066734
frozen,39,4,0.14001,0.13066666666666665,bitmap_prefilter,7.721417001448572,1.0,0.6139291499275714,1417.0000213198364,0.04200410330668092
frozen,40,4,0.14001,0.13066666666666665,bitmap_prefilter,7.775875004881527,1.0,0.6112062497559236,1374.9959180131555,0.08300412446260452
frozen,41,4,0.14001,0.13066666666666665,bitmap_prefilter,7.764874993881676,1.0,0.6117562503059162,1375.0031939707696,0.08300412446260452
frozen,42,4,0.14001,0.13066666666666665,bitmap_prefilter,7.72716600476997,1.0,0.6136416997615015,1375.0031939707696,0.08300412446260452
frozen,43,4,0.14001,0.13066666666666665,bitmap_prefilter,7.811832001607399,1.0,0.60940839991963,1374.9959180131555,0.08300412446260452
frozen,44,4,0.14001,0.13066666666666665,bitmap_prefilter,7.956749999721069,1.0,0.6021625000139466,1415.995939169079,0.08299684850499034
frozen,45,4,0.14001,0.13066666666666665,bitmap_prefilter,7.76837499870453,1.0,0.6115812500647735,1417.0000213198364,0.08299684850499034
frozen,46,4,0.14001,0.13066666666666665,bitmap_prefilter,7.723832008196041,1.0,0.613808399590198,1416.0032151266932,0.08300412446260452
frozen,47,4,0.14001,0.13066666666666665,bitmap_prefilter,7.860666999476962,1.0,0.6069666500261519,1374.9959180131555,0.08300412446260452
frozen,48,4,0.14001,0.13066666666666665,bitmap_prefilter,8.054416997765657,1.0,0.5972791501117172,1417.0000213198364,0.12500095181167126
frozen,49,4,0.14001,0.13066666666666665,bitmap_prefilter,7.723499998974148,1.0,0.6138250000512926,1374.9959180131555,0.08399365469813347
frozen,0,5,0.16022,0.16,bitmap_prefilter,19.41991599596804,1.0,0.029004200201597996,2083.0048015341163,0.08300412446260452
frozen,1,5,0.16022,0.16,bitmap_prefilter,8.890957993571647,1.0,0.5554521003214177,1791.995600797236,0.041996827349066734
frozen,2,5,0.16022,0.16,bitmap_prefilter,8.81229099468328,1.0,0.559385450265836,1665.9978427924216,0.08300412446260452
frozen,3,5,0.16022,0.16,bitmap_prefilter,8.784334000665694,1.0,0.5607832999667153,1624.997821636498,0.08299684850499034
frozen,4,5,0.16022,0.16,bitmap_prefilter,8.777499991992954,1.0,0.5611250004003523,1625.0050975941122,0.08300412446260452
frozen,5,5,0.16022,0.16,bitmap_prefilter,8.798665992799215,1.0,0.5600667003600392,1624.997821636498,0.08300412446260452
frozen,6,5,0.16022,0.16,bitmap_prefilter,8.822459007205907,1.0,0.5588770496397046,1625.0050975941122,0.08299684850499034
frozen,7,5,0.16022,0.16,bitmap_prefilter,8.760041993809864,1.0,0.5619979003095068,1665.9978427924216,0.08299684850499034
frozen,8,5,0.16022,0.16,bitmap_prefilter,8.737792006286327,1.0,0.5631103996856837,1625.0050975941122,0.08299684850499034
frozen,9,5,0.16022,0.16,bitmap_prefilter,8.75774999440182,1.0,0.562112500279909,1583.0009942874312,0.08400093065574765
frozen,10,5,0.16022,0.16,bitmap_prefilter,8.730957997613586,1.0,0.5634521001193207,1625.0050975941122,0.08299684850499034
frozen,11,5,0.16022,0.16,bitmap_prefilter,8.697125005710404,1.0,0.5651437497144798,1583.0009942874312,0.08400093065574765
frozen,12,5,0.16022,0.16,bitmap_prefilter,8.766250000917353,1.0,0.5616874999541324,1624.997821636498,0.08399365469813347
frozen,13,5,0.16022,0.16,bitmap_prefilter,8.731334004551172,1.0,0.5634332997724414,1583.9978004805744,0.08299684850499034
frozen,14,5,0.16022,0.16,bitmap_prefilter,8.76212499133544,1.0,0.561893750433228,1625.0050975941122,0.08299684850499034
frozen,15,5,0.16022,0.16,bitmap_prefilter,8.7316670033033,1.0,0.563416649834835,1583.0009942874312,0.08299684850499034
frozen,16,5,0.16022,0.16,bitmap_prefilter,8.76987499941606,1.0,0.561506250029197,1666.0051187500358,0.08299684850499034
frozen,17,5,0.16022,0.16,bitmap_prefilter,8.787584003584925,1.0,0.5606207998207537,1624.997821636498,0.08299684850499034
frozen,18,5,0.16022,0.16,bitmap_prefilter,8.999999998195563,1.0,0.5500000000902219,1666.0051187500358,0.041000021155923605
frozen,19,5,0.16022,0.16,bitmap_prefilter,9.064208003110252,1.0,0.5467895998444874,1667.001924943179,0.08300412446260452
frozen,20,5,0.16022,0.16,bitmap_prefilter,8.912333003536332,1.0,0.5543833498231834,1666.0051187500358,0.12500095181167126
frozen,21,5,0.16022,0.16,bitmap_prefilter,8.86062399513321,1.0,0.5569688002433395,1624.997821636498,0.08299684850499034
frozen,22,5,0.16022,0.16,bitmap_prefilter,9.064458005013876,1.0,0.5467770997493062,1625.0050975941122,0.12500095181167126
frozen,23,5,0.16022,0.16,bitmap_prefilter,8.970541995950043,1.0,0.5514729002024978,1624.997821636498,0.08299684850499034
frozen,24,5,0.16022,0.16,bitmap_prefilter,9.268959001929034,1.0,0.5365520499035483,1584.0050764381886,0.08300412446260452
frozen,25,5,0.16022,0.16,bitmap_prefilter,9.039957003551535,1.0,0.5480021498224232,1667.001924943179,0.08400093065574765
frozen,26,5,0.16022,0.16,bitmap_prefilter,8.859208006469999,1.0,0.5570395996765001,1624.997821636498,0.08399365469813347
frozen,27,5,0.16022,0.16,bitmap_prefilter,8.82962499599671,0.8,0.0,1667.001924943179,0.041996827349066734
frozen,28,5,0.16022,0.16,bitmap_prefilter,8.948624999902677,1.0,0.5525687500048662,1625.0050975941122,0.08299684850499034
frozen,29,5,0.16022,0.16,bitmap_prefilter,8.782083998085,1.0,0.56089580009575,1583.0009942874312,0.08299684850499034
frozen,30,5,0.16022,0.16,bitmap_prefilter,8.775082991633099,1.0,0.5612458504183451,1584.0050764381886,0.08300412446260452
frozen,31,5,0.16022,0.16,bitmap_prefilter,8.800542003882583,1.0,0.5599728998058708,1583.0009942874312,0.08400093065574765
frozen,32,5,0.16022,0.16,bitmap_prefilter,8.74945800023852,1.0,0.562527099988074,1583.0009942874312,0.041000021155923605
frozen,33,5,0.16022,0.16,bitmap_prefilter,8.79283399990527,1.0,0.5603583000047365,1665.9978427924216,0.12499367585405707
frozen,34,5,0.16022,0.16,bitmap_prefilter,8.837749999656808,1.0,0.5581125000171596,1625.0050975941122,0.08300412446260452
frozen,35,5,0.16022,0.16,bitmap_prefilter,8.758874995692167,1.0,0.5620562502153916,1624.997821636498,0.08299684850499034
frozen,36,5,0.16022,0.16,bitmap_prefilter,8.761207995121367,1.0,0.5619396002439316,1624.997821636498,0.08400093065574765
frozen,37,5,0.16022,0.16,bitmap_prefilter,8.829041995340958,1.0,0.5585479002329521,1665.9978427924216,0.08299684850499034
frozen,38,5,0.16022,0.16,bitmap_prefilter,8.74329198995838,1.0,0.562835400502081,5082.99854118377,0.08299684850499034
frozen,39,5,0.16022,0.16,bitmap_prefilter,8.763541001826525,1.0,0.5618229499086738,1666.9946489855647,0.08299684850499034
frozen,40,5,0.16022,0.16,bitmap_prefilter,8.83520699426299,1.0,0.5582396502868505,1624.997821636498,0.08400093065574765
frozen,41,5,0.16022,0.16,bitmap_prefilter,8.751500005018897,1.0,0.5624249997490551,1583.0009942874312,0.08300412446260452
frozen,42,5,0.16022,0.16,bitmap_prefilter,8.752958994591609,1.0,0.5623520502704196,1667.001924943179,0.041996827349066734
frozen,43,5,0.16022,0.16,bitmap_prefilter,8.911874996556435,1.0,0.5544062501721783,1584.0050764381886,0.08299684850499034
frozen,44,5,0.16022,0.16,bitmap_prefilter,8.72204199549742,1.0,0.563897900225129,1624.997821636498,0.08299684850499034
frozen,45,5,0.16022,0.16,bitmap_prefilter,8.760000004258472,1.0,0.5619999997870764,1625.0050975941122,0.08299684850499034
frozen,46,5,0.16022,0.16,bitmap_prefilter,8.794541005045176,1.0,0.5602729497477412,1667.001924943179,0.041996827349066734
frozen,47,5,0.16022,0.16,bitmap_prefilter,8.777334005571902,1.0,0.5611332997214049,1624.997821636498,0.04200410330668092
frozen,48,5,0.16022,0.16,bitmap_prefilter,9.094583998376038,1.0,0.5452708000811981,1833.9997041039169,0.08299684850499034
frozen,49,5,0.16022,0.16,bitmap_prefilter,8.877500004018657,1.0,0.5561249997990672,1624.997821636498,0.08299684850499034
frozen,0,6,0.178125,0.17883333333333334,bitmap_prefilter,30.963250006607268,1.0,0.0,2417.0003598555923,0.04200410330668092
frozen,1,6,0.178125,0.17883333333333334,bitmap_prefilter,9.772749996045604,1.0,0.5113625001977198,2208.9952835813165,0.08300412446260452
frozen,2,6,0.178125,0.17883333333333334,bitmap_prefilter,10.123708998435177,1.0,0.49381455007824115,2000.0006770715117,0.08400093065574765
frozen,3,6,0.178125,0.17883333333333334,bitmap_prefilter,11.635750001005363,1.0,0.41821249994973186,2000.0006770715117,0.08300412446260452
frozen,4,6,0.178125,0.17883333333333334,bitmap_prefilter,9.809875002247281,1.0,0.5095062498876359,1916.9965526089072,0.08400093065574765
frozen,5,6,0.178125,0.17883333333333334,bitmap_prefilter,10.094458993989974,1.0,0.4952770503005013,1957.9965737648308,0.12500095181167126
frozen,6,6,0.178125,0.17883333333333334,bitmap_prefilter,9.888709006190766,1.0,0.5055645496904617,1916.9965526089072,0.041996827349066734
frozen,7,6,0.178125,0.17883333333333334,bitmap_prefilter,10.810250001668464,1.0,0.4594874999165768,1915.999746415764,0.08299684850499034
frozen,8,6,0.178125,0.17883333333333334,bitmap_prefilter,10.000583992223255,1.0,0.49997080038883723,1917.0038285665214,0.08300412446260452
frozen,9,6,0.178125,0.17883333333333334,bitmap_prefilter,10.4739580056048,1.0,0.47630209971976,1957.9965737648308,0.08300412446260452
frozen,10,6,0.178125,0.17883333333333334,bitmap_prefilter,10.295792002580129,1.0,0.48521039987099357,1957.9965737648308,0.08299684850499034
frozen,11,6,0.178125,0.17883333333333334,bitmap_prefilter,10.033416001533624,1.0,0.4983291999233188,1916.9965526089072,0.041996827349066734
frozen,12,6,0.178125,0.17883333333333334,bitmap_prefilter,10.026083007687703,1.0,0.49869584961561486,1915.999746415764,0.08299684850499034
frozen,13,6,0.178125,0.17883333333333334,bitmap_prefilter,10.119583996129222,1.0,0.4940208001935389,1915.999746415764,0.08299684850499034
frozen,14,6,0.178125,0.17883333333333334,bitmap_prefilter,10.21591600147076,1.0,0.489204199926462,1958.003849722445,0.08299684850499034
frozen,15,6,0.178125,0.17883333333333334,bitmap_prefilter,10.102583000843879,1.0,0.49487084995780606,1915.999746415764,0.08299684850499034
frozen,16,6,0.178125,0.17883333333333334,bitmap_prefilter,9.952500004146714,1.0,0.5023749997926643,1915.999746415764,0.08299684850499034
frozen,17,6,0.178125,0.17883333333333334,bitmap_prefilter,10.145082997041754,1.0,0.4927458501479123,1915.999746415764,0.08300412446260452
frozen,18,6,0.178125,0.17883333333333334,bitmap_prefilter,10.06816699373303,1.0,0.4965916503133485,1916.9965526089072,0.08300412446260452
frozen,19,6,0.178125,0.17883333333333334,bitmap_prefilter,10.133084004337434,1.0,0.4933457997831283,1915.999746415764,0.08299684850499034
frozen,20,6,0.178125,0.17883333333333334,bitmap_prefilter,9.951624000677839,1.0,0.502418799966108,1874.9997252598405,0.041996827349066734
frozen,21,6,0.178125,0.17883333333333334,bitmap_prefilter,10.128333000466228,1.0,0.4935833499766886,1916.9965526089072,0.12500095181167126
frozen,22,6,0.178125,0.17883333333333334,bitmap_prefilter,10.080084000946954,1.0,0.4959957999526523,1916.9965526089072,0.08399365469813347
frozen,23,6,0.178125,0.17883333333333334,bitmap_prefilter,10.126875000423752,1.0,0.4936562499788124,1874.9997252598405,0.08299684850499034
frozen,24,6,0.178125,0.17883333333333334,bitmap_prefilter,9.816582998610102,1.0,0.5091708500694949,1874.9997252598405,0.08400093065574765
frozen,25,6,0.178125,0.17883333333333334,bitmap_prefilter,9.783248999156058,1.0,0.5108375500421971,1917.0038285665214,0.08400093065574765
frozen,26,6,0.178125,0.17883333333333334,bitmap_prefilter,9.931250002409797,1.0,0.5034374998795101,1959.0006559155881,0.08299684850499034
frozen,27,6,0.178125,0.17883333333333334,bitmap_prefilter,9.807041999010835,1.0,0.5096479000494583,1915.999746415764,0.08300412446260452
frozen,28,6,0.178125,0.17883333333333334,bitmap_prefilter,9.790583004360087,1.0,0.5104708497819956,1916.9965526089072,0.041996827349066734
frozen,29,6,0.178125,0.17883333333333334,bitmap_prefilter,10.21687500178814,1.0,0.48915624991059303,1916.9965526089072,0.08400093065574765
frozen,30,6,0.178125,0.17883333333333334,bitmap_prefilter,9.936874994309619,1.0,0.503156250284519,1874.9997252598405,0.08400093065574765
frozen,31,6,0.178125,0.17883333333333334,bitmap_prefilter,9.899666998535395,1.0,0.5050166500732303,1917.0038285665214,0.08400093065574765
frozen,32,6,0.178125,0.17883333333333334,bitmap_prefilter,9.894041992083658,1.0,0.5052979003958171,1959.0006559155881,0.08300412446260452
frozen,33,6,0.178125,0.17883333333333334,bitmap_prefilter,10.177500000281725,1.0,0.49112499998591375,1916.9965526089072,0.04200410330668092
frozen,34,6,0.178125,0.17883333333333334,bitmap_prefilter,9.778334009752143,1.0,0.5110832995123928,1917.0038285665214,0.08300412446260452
frozen,35,6,0.178125,0.17883333333333334,bitmap_prefilter,9.858957993856166,1.0,0.5070521003071917,1957.9965737648308,0.08299684850499034
frozen,36,6,0.178125,0.17883333333333334,bitmap_prefilter,9.690082995803095,1.0,0.5154958502098452,1957.9965737648308,0.08299684850499034
frozen,37,6,0.178125,0.17883333333333334,bitmap_prefilter,9.718290995806456,1.0,0.5140854502096772,1874.9997252598405,0.08299684850499034
frozen,38,6,0.178125,0.17883333333333334,bitmap_prefilter,9.996084008889738,1.0,0.5001957995555131,1917.0038285665214,0.04200410330668092
frozen,39,6,0.178125,0.17883333333333334,bitmap_prefilter,9.81149999279296,1.0,0.509425000360352,1916.9965526089072,0.12500095181167126
frozen,40,6,0.178125,0.17883333333333334,bitmap_prefilter,10.03225000022212,1.0,0.498387499988894,1874.9997252598405,0.08400093065574765
frozen,41,6,0.178125,0.17883333333333334,bitmap_prefilter,10.337374995287973,1.0,0.48313125023560133,1959.0006559155881,0.08300412446260452
frozen,42,6,0.178125,0.17883333333333334,bitmap_prefilter,10.247416998026893,1.0,0.4876291500986554,1915.999746415764,0.08299684850499034
frozen,43,6,0.178125,0.17883333333333334,bitmap_prefilter,10.672166994481813,1.0,0.46639165027590934,1916.9965526089072,0.08299684850499034
frozen,44,6,0.178125,0.17883333333333334,bitmap_prefilter,10.121208004420623,1.0,0.49393959977896884,1957.9965737648308,0.12500095181167126
frozen,45,6,0.178125,0.17883333333333334,bitmap_prefilter,24.682791998202447,1.0,0.0,1917.0038285665214,0.08300412446260452
frozen,46,6,0.178125,0.17883333333333334,bitmap_prefilter,11.420374990848359,1.0,0.42898125045758206,1957.9965737648308,0.041996827349066734
frozen,47,6,0.178125,0.17883333333333334,bitmap_prefilter,10.343874993850477,1.0,0.48280625030747615,1957.9965737648308,0.08299684850499034
frozen,48,6,0.178125,0.17883333333333334,bitmap_prefilter,12.307459001021925,1.0,0.38462704994890373,1915.999746415764,0.08299684850499034
frozen,49,6,0.178125,0.17883333333333334,bitmap_prefilter,10.194499998760875,1.0,0.49027500006195623,1915.999746415764,0.08300412446260452
frozen,0,7,0.210355,0.20866666666666667,bitmap_prefilter,42.21729099663207,1.0,0.0,6583.002686966211,0.08299684850499034
frozen,1,7,0.210355,0.20866666666666667,bitmap_prefilter,17.38683299481636,1.0,0.13065835025918204,3708.9994293637574,0.08299684850499034
frozen,2,7,0.210355,0.20866666666666667,bitmap_prefilter,17.529082993860357,1.0,0.12354585030698217,2583.9981390163302,0.08300412446260452
frozen,3,7,0.210355,0.20866666666666667,bitmap_prefilter,17.799999986891635,1.0,0.11000000065541826,2499.9972083605826,0.12500095181167126
frozen,4,7,0.210355,0.20866666666666667,bitmap_prefilter,17.748375008523,1.0,0.11258124957385007,2334.003511350602,0.08299684850499034
frozen,5,7,0.210355,0.20866666666666667,bitmap_prefilter,17.541457993502263,1.0,0.12292710032488685,2333.9962353929877,0.08299684850499034
frozen,6,7,0.210355,0.20866666666666667,bitmap_prefilter,17.446124998969026,1.0,0.1276937500515487,2374.9962565489113,0.08299684850499034
frozen,7,7,0.210355,0.20866666666666667,bitmap_prefilter,18.016042005911004,1.0,0.09919789970444981,2332.9994291998446,0.08400093065574765
frozen,8,7,0.210355,0.20866666666666667,bitmap_prefilter,17.100875003961846,1.0,0.1449562498019077,2332.9994291998446,0.08300412446260452
frozen,9,7,0.210355,0.20866666666666667,bitmap_prefilter,17.47758399869781,1.0,0.1261208000651095,2333.9962353929877,0.08300412446260452
frozen,10,7,0.210355,0.20866666666666667,bitmap_prefilter,17.401208009687252,1.0,0.12993959951563738,2333.9962353929877,0.08300412446260452
frozen,11,7,0.210355,0.20866666666666667,bitmap_prefilter,18.40566699684132,1.0,0.07971665015793405,2291.999408043921,0.04200410330668092
frozen,12,7,0.210355,0.20866666666666667,bitmap_prefilter,17.22854199761059,1.0,0.13857290011947043,2334.003511350602,0.08299684850499034
frozen,13,7,0.210355,0.20866666666666667,bitmap_prefilter,17.52491600200301,1.0,0.12375419989984948,2332.9994291998446,0.08400093065574765
frozen,14,7,0.210355,0.20866666666666667,bitmap_prefilter,17.60470800945768,1.0,0.11976459952711593,2291.999408043921,0.08300412446260452
frozen,15,7,0.210355,0.20866666666666667,bitmap_prefilter,17.333208001218736,1.0,0.1333395999390632,2332.9994291998446,0.08400093065574765
frozen,16,7,0.210355,0.20866666666666667,bitmap_prefilter,17.134832000010647,1.0,0.14325839999946766,2332.9994291998446,0.08300412446260452
frozen,17,7,0.210355,0.20866666666666667,bitmap_prefilter,17.15212500130292,1.0,0.14239374993485399,2291.999408043921,0.08400093065574765
frozen,18,7,0.210355,0.20866666666666667,bitmap_prefilter,17.5043330018525,1.0,0.12478334990737494,2332.9994291998446,0.08299684850499034
frozen,19,7,0.210355,0.20866666666666667,bitmap_prefilter,17.21108299534535,1.0,0.13944585023273248,2332.9994291998446,0.08299684850499034
frozen,20,7,0.210355,0.20866666666666667,bitmap_prefilter,17.506291005702224,1.0,0.12468544971488882,2334.003511350602,0.08299684850499034
frozen,21,7,0.210355,0.20866666666666667,bitmap_prefilter,16.8919170027948,1.0,0.15540414986026008,2332.9994291998446,0.08300412446260452
frozen,22,7,0.210355,0.20866666666666667,bitmap_prefilter,17.046957997081336,1.0,0.14765210014593322,2334.003511350602,0.08299684850499034
frozen,23,7,0.210355,0.20866666666666667,bitmap_prefilter,16.907874996832106,1.0,0.1546062501583947,2334.003511350602,0.08299684850499034
frozen,24,7,0.210355,0.20866666666666667,bitmap_prefilter,17.064915999071673,1.0,0.14675420004641637,2374.9962565489113,0.041000021155923605
frozen,25,7,0.210355,0.20866666666666667,bitmap_prefilter,17.067416993086226,1.0,0.14662915034568869,2332.9994291998446,0.08300412446260452
frozen,26,7,0.210355,0.20866666666666667,bitmap_prefilter,17.90154199989047,1.0,0.10492290000547655,2332.9994291998446,0.08400093065574765
frozen,27,7,0.210355,0.20866666666666667,bitmap_prefilter,17.274042002100032,1.0,0.1362978998949984,2291.999408043921,0.12499367585405707
frozen,28,7,0.210355,0.20866666666666667,bitmap_prefilter,17.85633400140796,1.0,0.10718329992960207,160708.004841581,0.16599369700998068
frozen,29,7,0.210355,0.20866666666666667,bitmap_prefilter,17.90337500278838,1.0,0.10483124986058101,2624.998160172254,0.08299684850499034
frozen,30,7,0.210355,0.20866666666666667,bitmap_prefilter,17.66295799461659,1.0,0.11685210026917048,2499.9972083605826,0.041000021155923605
frozen,31,7,0.210355,0.20866666666666667,bitmap_prefilter,17.786792006518226,1.0,0.1106603996740887,2417.0003598555923,0.12500095181167126
frozen,32,7,0.210355,0.20866666666666667,bitmap_prefilter,17.23308399959933,1.0,0.1383458000200335,2416.003553662449,0.08299684850499034
frozen,33,7,0.210355,0.20866666666666667,bitmap_prefilter,17.183916992507875,1.0,0.14080415037460625,2624.998160172254,0.08299684850499034
frozen,34,7,0.210355,0.20866666666666667,bitmap_prefilter,17.149084000266157,1.0,0.14254579998669215,2374.9962565489113,0.08400093065574765
frozen,35,7,0.210355,0.20866666666666667,bitmap_prefilter,17.898125006468035,1.0,0.10509374967659824,2375.0035325065255,0.08400093065574765
frozen,36,7,0.210355,0.20866666666666667,bitmap_prefilter,17.15091699588811,1.0,0.1424541502055945,2332.9994291998446,0.08300412446260452
frozen,37,7,0.210355,0.20866666666666667,bitmap_prefilter,17.227206997631583,1.0,0.13863965011842083,2375.0035325065255,0.041000021155923605
frozen,38,7,0.210355,0.20866666666666667,bitmap_prefilter,17.377667005348485,1.0,0.13111664973257575,2375.0035325065255,0.041000021155923605
frozen,39,7,0.210355,0.20866666666666667,bitmap_prefilter,17.735999994329177,1.0,0.11320000028354116,2332.9994291998446,0.08400093065574765
frozen,40,7,0.210355,0.20866666666666667,bitmap_prefilter,16.68154200160643,1.0,0.16592289991967846,2583.001332823187,0.041000021155923605
frozen,41,7,0.210355,0.20866666666666667,bitmap_prefilter,16.777541000919882,1.0,0.1611229499540059,2415.996277704835,0.08299684850499034
frozen,42,7,0.210355,0.20866666666666667,bitmap_prefilter,16.8094159962493,1.0,0.15952920018753503,2375.0035325065255,0.08299684850499034
frozen,43,7,0.210355,0.20866666666666667,bitmap_prefilter,16.721249994589016,1.0,0.1639375002705492,2374.9962565489113,0.12500095181167126
frozen,44,7,0.210355,0.20866666666666667,bitmap_prefilter,16.65524999407353,1.0,0.16723750029632356,2415.996277704835,0.041000021155923605
frozen,45,7,0.210355,0.20866666666666667,bitmap_prefilter,16.637708999041934,1.0,0.16811455004790332,2374.9962565489113,0.08300412446260452
frozen,46,7,0.210355,0.20866666666666667,bitmap_prefilter,16.74050000292482,1.0,0.16297499985375907,2375.0035325065255,0.041000021155923605
frozen,47,7,0.210355,0.20866666666666667,bitmap_prefilter,16.68091600004118,1.0,0.16595419999794103,2374.9962565489113,0.12500095181167126
frozen,48,7,0.210355,0.20866666666666667,bitmap_prefilter,16.719833001843654,1.0,0.16400834990781732,2374.9962565489113,0.041000021155923605
frozen,49,7,0.210355,0.20866666666666667,bitmap_prefilter,16.798458993434906,1.0,0.1600770503282547,2334.003511350602,0.08299684850499034
frozen,0,8,0.23102,0.23733333333333334,bitmap_prefilter,41.96370900172042,1.0,0.0,4207.999154459685,0.08400093065574765
frozen,1,8,0.23102,0.23733333333333334,bitmap_prefilter,12.424540997017175,1.0,0.37877295014914125,2458.000381011516,0.08400093065574765
frozen,2,8,0.23102,0.23733333333333334,bitmap_prefilter,12.207000007038005,1.0,0.38964999964809977,2166.9984562322497,0.08400093065574765
frozen,3,8,0.23102,0.23733333333333334,bitmap_prefilter,12.343791997409426,1.0,0.3828104001295287,2125.001628883183,0.08400093065574765
frozen,4,8,0.23102,0.23733333333333334,bitmap_prefilter,12.182375001430046,1.0,0.3908812499284977,2083.0048015341163,0.08299684850499034
frozen,5,8,0.23102,0.23733333333333334,bitmap_prefilter,12.098416002118029,1.0,0.39507919989409856,2082.997525576502,0.08400093065574765
frozen,6,8,0.23102,0.23733333333333334,bitmap_prefilter,12.159666992374696,1.0,0.3920166503812652,2084.0016077272594,0.08299684850499034
frozen,7,8,0.23102,0.23733333333333334,bitmap_prefilter,12.127333000535145,1.0,0.39363334997324273,2125.001628883183,0.08300412446260452
frozen,8,8,0.23102,0.23733333333333334,bitmap_prefilter,12.204833001305815,1.0,0.38975834993470926,2041.9975044205785,0.08300412446260452
frozen,9,8,0.23102,0.23733333333333334,bitmap_prefilter,12.218582996865734,1.0,0.3890708501567133,2082.997525576502,0.08299684850499034
frozen,10,8,0.23102,0.23733333333333334,bitmap_prefilter,12.163208004494663,1.0,0.39183959977526683,2082.997525576502,0.08300412446260452
frozen,11,8,0.23102,0.23733333333333334,bitmap_prefilter,12.19775000208756,1.0,0.390112499895622,2041.9975044205785,0.08300412446260452
frozen,12,8,0.23102,0.23733333333333334,bitmap_prefilter,12.229501000547316,1.0,0.3885249499726342,2124.994352925569,0.12500095181167126
frozen,13,8,0.23102,0.23733333333333334,bitmap_prefilter,12.189667009806726,1.0,0.3905166495096637,2125.001628883183,0.08299684850499034
frozen,14,8,0.23102,0.23733333333333334,bitmap_prefilter,12.365998998575378,1.0,0.3817000500712311,2125.001628883183,0.04200410330668092
frozen,15,8,0.23102,0.23733333333333334,bitmap_prefilter,12.205248996906448,1.0,0.3897375501546776,2082.997525576502,0.08299684850499034
frozen,16,8,0.23102,0.23733333333333334,bitmap_prefilter,12.421373998222407,1.0,0.37893130008887965,2125.001628883183,0.08299684850499034
frozen,17,8,0.23102,0.23733333333333334,bitmap_prefilter,12.697708007181063,1.0,0.36511459964094684,2332.9994291998446,0.08300412446260452
frozen,18,8,0.23102,0.23733333333333334,bitmap_prefilter,12.38220900268061,1.0,0.38088954986596946,2166.0016500391066,0.08300412446260452
frozen,19,8,0.23102,0.23733333333333334,bitmap_prefilter,12.327541000558995,1.0,0.38362294997205026,2125.001628883183,0.08300412446260452
frozen,20,8,0.23102,0.23733333333333334,bitmap_prefilter,12.363832996925339,1.0,0.38180835015373304,2125.001628883183,0.041000021155923605
frozen,21,8,0.23102,0.23733333333333334,bitmap_prefilter,12.632293000933714,1.0,0.3683853499533143,2125.001628883183,0.08399365469813347
frozen,22,8,0.23102,0.23733333333333334,bitmap_prefilter,12.350582997896709,1.0,0.3824708501051646,2041.9975044205785,0.08399365469813347
frozen,23,8,0.23102,0.23733333333333334,bitmap_prefilter,12.81429099617526,1.0,0.35928545019123703,2084.0016077272594,0.08299684850499034
frozen,24,8,0.23102,0.23733333333333334,bitmap_prefilter,13.24962500075344,1.0,0.337518749962328,2084.0016077272594,0.041000021155923605
frozen,25,8,0.23102,0.23733333333333334,bitmap_prefilter,12.826666999899317,1.0,0.35866665000503417,2249.99530473724,0.08300412446260452
frozen,26,8,0.23102,0.23733333333333334,bitmap_prefilter,12.492207999457605,1.0,0.37538960002711974,2166.0016500391066,0.08299684850499034
frozen,27,8,0.23102,0.23733333333333334,bitmap_prefilter,12.357501007500105,1.0,0.38212494962499477,2125.001628883183,0.12500095181167126
frozen,28,8,0.23102,0.23733333333333334,bitmap_prefilter,12.270375998923555,1.0,0.38648120005382225,2125.001628883183,0.08399365469813347
frozen,29,8,0.23102,0.23733333333333334,bitmap_prefilter,12.267583995708264,1.0,0.3866208002145868,2083.0048015341163,0.08299684850499034
frozen,30,8,0.23102,0.23733333333333334,bitmap_prefilter,12.136209006712306,1.0,0.3931895496643847,2125.001628883183,0.041000021155923605
frozen,31,8,0.23102,0.23733333333333334,bitmap_prefilter,12.347709009191021,1.0,0.38261454954044893,2125.001628883183,0.08300412446260452
frozen,32,8,0.23102,0.23733333333333334,bitmap_prefilter,12.52879200183088,1.0,0.373560399908456,2125.001628883183,0.12500095181167126
frozen,33,8,0.23102,0.23733333333333334,bitmap_prefilter,12.710584000160452,1.0,0.3644707999919774,2125.001628883183,0.041996827349066734
frozen,34,8,0.23102,0.23733333333333334,bitmap_prefilter,12.468834007449914,1.0,0.3765582996275043,2125.001628883183,0.08300412446260452
frozen,35,8,0.23102,0.23733333333333334,bitmap_prefilter,12.439083002391271,1.0,0.37804584988043644,2082.997525576502,0.08399365469813347
frozen,36,8,0.23102,0.23733333333333334,bitmap_prefilter,12.442708997696172,1.0,0.3778645501151914,2084.0016077272594,0.08300412446260452
frozen,37,8,0.23102,0.23733333333333334,bitmap_prefilter,12.47208399581723,1.0,0.37639580020913854,2125.001628883183,0.08400093065574765
frozen,38,8,0.23102,0.23733333333333334,bitmap_prefilter,12.559167000290472,1.0,0.3720416499854764,2083.0048015341163,0.08300412446260452
frozen,39,8,0.23102,0.23733333333333334,bitmap_prefilter,12.407333997543901,1.0,0.37963330012280494,2125.001628883183,0.04200410330668092
frozen,40,8,0.23102,0.23733333333333334,bitmap_prefilter,12.976125995919574,1.0,0.3511937002040213,2124.994352925569,0.08299684850499034
frozen,41,8,0.23102,0.23733333333333334,bitmap_prefilter,12.221584001963492,1.0,0.3889207999018254,2082.997525576502,0.08300412446260452
frozen,42,8,0.23102,0.23733333333333334,bitmap_prefilter,13.085416998364963,1.0,0.34572915008175187,2041.9975044205785,0.08400093065574765
frozen,43,8,0.23102,0.23733333333333334,bitmap_prefilter,12.257499998668209,1.0,0.38712500006658956,2083.0048015341163,0.08300412446260452
frozen,44,8,0.23102,0.23733333333333334,bitmap_prefilter,12.14520799840102,1.0,0.392739600079949,2125.001628883183,0.08299684850499034
frozen,45,8,0.23102,0.23733333333333334,bitmap_prefilter,12.6889589955681,1.0,0.365552050221595,2125.001628883183,0.041996827349066734
frozen,46,8,0.23102,0.23733333333333334,bitmap_prefilter,12.350832992524374,1.0,0.3824583503737813,2125.001628883183,0.08299684850499034
frozen,47,8,0.23102,0.23733333333333334,bitmap_prefilter,12.69516700267559,1.0,0.36524164986622054,2125.001628883183,0.08299684850499034
frozen,48,8,0.23102,0.23733333333333334,bitmap_prefilter,12.879292000434361,1.0,0.35603539997828193,2084.0016077272594,0.08300412446260452
frozen,49,8,0.23102,0.23733333333333334,bitmap_prefilter,12.545124991447665,1.0,0.37274375042761676,2125.001628883183,0.08399365469813347
frozen,0,9,0.249675,0.2595,post_filter,0.6432079972000793,1.0,0.967839600139996,4249.995981808752,0.12500095181167126
frozen,1,9,0.249675,0.2595,post_filter,0.7066249891067855,1.0,0.9646687505446607,2000.0006770715117,0.08300412446260452
frozen,2,9,0.249675,0.2595,post_filter,0.5595000038738362,1.0,0.9720249998063082,1708.9987522922456,0.08299684850499034
frozen,3,9,0.249675,0.2595,post_filter,0.6764159988961183,1.0,0.9661792000551941,1624.997821636498,0.08300412446260452
frozen,4,9,0.249675,0.2595,post_filter,0.593791002756916,1.0,0.9703104498621542,1417.0000213198364,0.08299684850499034
frozen,5,9,0.249675,0.2595,post_filter,0.6678749996353872,0.9,0.0,1458.00004247576,0.08400093065574765
frozen,6,9,0.249675,0.2595,post_filter,0.560207998205442,1.0,0.9719896000897279,1499.9968698248267,0.08299684850499034
frozen,7,9,0.249675,0.2595,post_filter,0.617749996308703,1.0,0.9691125001845649,1459.0041246265173,0.08300412446260452
frozen,8,9,0.249675,0.2595,post_filter,0.4582920009852387,1.0,0.9770853999507381,1458.996848668903,0.08400093065574765
frozen,9,9,0.249675,0.2595,post_filter,0.6737919975421391,1.0,0.966310400122893,1458.00004247576,0.04200410330668092
frozen,10,9,0.249675,0.2595,post_filter,0.6554579958901741,1.0,0.9672271002054913,1499.9968698248267,0.08400093065574765
frozen,11,9,0.249675,0.2595,post_filter,0.5164169997442514,1.0,0.9741791500127874,1500.004145782441,0.08400093065574765
frozen,12,9,0.249675,0.2595,post_filter,0.5834999974467792,1.0,0.970825000127661,1458.00004247576,0.12500095181167126
frozen,13,9,0.249675,0.2595,post_filter,0.6159579934319481,1.0,0.9692021003284026,1417.0000213198364,0.08400093065574765
frozen,14,9,0.249675,0.2595,post_filter,0.5377080015023239,1.0,0.9731145999248838,1458.996848668903,0.08300412446260452
frozen,15,9,0.249675,0.2595,post_filter,0.7377500005532056,1.0,0.9631124999723397,1458.00004247576,0.08299684850499034
frozen,16,9,0.249675,0.2595,post_filter,0.45937499817227945,1.0,0.977031250091386,1499.9968698248267,0.08299684850499034
frozen,17,9,0.249675,0.2595,post_filter,0.40945899672806263,1.0,0.9795270501635969,1458.00004247576,0.08400093065574765
frozen,18,9,0.249675,0.2595,post_filter,0.6536250002682209,1.0,0.967318749986589,1458.996848668903,0.08299684850499034
frozen,19,9,0.249675,0.2595,post_filter,0.5363330055843107,0.9,0.0,1458.00004247576,0.04200410330668092
frozen,20,9,0.249675,0.2595,post_filter,0.5787510090158321,1.0,0.9710624495492084,1458.00004247576,0.08400093065574765
frozen,21,9,0.249675,0.2595,post_filter,0.6258760040509515,1.0,0.9687061997974524,1417.0000213198364,0.08400093065574765
frozen,22,9,0.249675,0.2595,post_filter,0.46191600267775357,1.0,0.9769041998661123,1458.996848668903,0.08300412446260452
frozen,23,9,0.249675,0.2595,post_filter,0.47320900193881243,1.0,0.9763395499030594,1458.00004247576,0.08299684850499034
frozen,24,9,0.249675,0.2595,post_filter,0.4881670029135421,1.0,0.9755916498543229,1458.00004247576,0.08300412446260452
frozen,25,9,0.249675,0.2595,post_filter,0.5287919993861578,1.0,0.9735604000306921,1458.00004247576,0.08299684850499034
frozen,26,9,0.249675,0.2595,post_filter,0.6897490020492114,1.0,0.9655125498975394,1458.00004247576,0.08400093065574765
frozen,27,9,0.249675,0.2595,post_filter,0.25962499785237014,1.0,0.9870187501073815,1417.0000213198364,0.08300412446260452
frozen,28,9,0.249675,0.2595,post_filter,0.6524999989778735,1.0,0.9673750000511063,1458.00004247576,0.08400093065574765
frozen,29,9,0.249675,0.2595,post_filter,0.5980840069241822,1.0,0.9700957996537909,1417.0000213198364,0.041996827349066734
frozen,30,9,0.249675,0.2595,post_filter,0.6165009981486946,1.0,0.9691749500925653,1417.0000213198364,0.08400093065574765
frozen,31,9,0.249675,0.2595,post_filter,0.37600000359816477,0.9,0.0,1458.00004247576,0.041996827349066734
frozen,32,9,0.249675,0.2595,post_filter,0.22245800209930167,0.0,0.0,1624.997821636498,0.12500095181167126
frozen,33,9,0.249675,0.2595,post_filter,0.6192079963511787,1.0,0.9690396001824411,1458.996848668903,0.08299684850499034
frozen,34,9,0.249675,0.2595,post_filter,0.45595699339173734,1.0,0.9772021503304131,1458.00004247576,0.08400093065574765
frozen,35,9,0.249675,0.2595,post_filter,0.35595900408225134,1.0,0.9822020497958874,1499.9968698248267,0.08300412446260452
frozen,36,9,0.249675,0.2595,post_filter,0.5686250005965121,0.9,0.0,1499.9968698248267,0.08299684850499034
frozen,37,9,0.249675,0.2595,post_filter,0.5579999997280538,1.0,0.9721000000135973,1458.00004247576,0.08299684850499034
frozen,38,9,0.249675,0.2595,post_filter,0.6141660051071085,1.0,0.9692916997446446,1458.00004247576,0.08400093065574765
frozen,39,9,0.249675,0.2595,post_filter,0.5152500016265549,1.0,0.9742374999186723,1458.00004247576,0.08400093065574765
frozen,40,9,0.249675,0.2595,post_filter,0.4419999968376942,0.6,0.0,1458.00004247576,0.08299684850499034
frozen,41,9,0.249675,0.2595,post_filter,0.7764580004732125,1.0,0.9611770999763394,1458.00004247576,0.04200410330668092
frozen,42,9,0.249675,0.2595,post_filter,0.35491600283421576,0.8,0.0,1458.00004247576,0.08300412446260452
frozen,43,9,0.249675,0.2595,post_filter,0.7162080000853166,1.0,0.9641895999957342,1499.9968698248267,0.041996827349066734
frozen,44,9,0.249675,0.2595,post_filter,0.4243340008542873,1.0,0.9787832999572856,1459.0041246265173,0.08299684850499034
frozen,45,9,0.249675,0.2595,post_filter,0.5760839994763955,1.0,0.9711958000261802,1458.996848668903,0.08300412446260452
frozen,46,9,0.249675,0.2595,post_filter,0.32204199669649825,1.0,0.9838979001651751,1458.00004247576,0.08299684850499034
frozen,47,9,0.249675,0.2595,post_filter,0.4368329973658547,1.0,0.9781583501317073,1499.9968698248267,0.08300412446260452
frozen,48,9,0.249675,0.2595,post_filter,0.6360409970511682,1.0,0.9681979501474416,1417.0000213198364,0.08400093065574765
frozen,49,9,0.249675,0.2595,post_filter,0.5534169977181591,1.0,0.972329150114092,1458.00004247576,0.08399365469813347
frozen,0,10,0.269975,0.27366666666666667,post_filter,0.5308749969117343,1.0,0.9734562501544133,1458.00004247576,0.08400093065574765
frozen,1,10,0.269975,0.27366666666666667,post_filter,3.894666995620355,1.0,0.8052666502189822,792.0025382190943,0.08300412446260452
frozen,2,10,0.269975,0.27366666666666667,post_filter,3.4560829953989014,0.8,0.0,749.9984349124134,0.08300412446260452
frozen,3,10,0.269975,0.27366666666666667,post_filter,2.446001009957399,1.0,0.87769994950213,749.9984349124134,0.041996827349066734
frozen,4,10,0.269975,0.27366666666666667,post_filter,6.373457996232901,1.0,0.681327100188355,749.9984349124134,0.12500095181167126
frozen,5,10,0.269975,0.27366666666666667,post_filter,4.147998995904345,0.9,0.0,708.9984137564898,0.08400093065574765
frozen,6,10,0.269975,0.27366666666666667,post_filter,2.347959001781419,0.1,0.0,709.0056897141039,0.08300412446260452
frozen,7,10,0.269975,0.27366666666666667,post_filter,2.5023749985848553,1.0,0.8748812500707572,749.9984349124134,0.08300412446260452
frozen,8,10,0.269975,0.27366666666666667,post_filter,2.131000001099892,1.0,0.8934499999450054,709.0056897141039,0.08400093065574765
frozen,9,10,0.269975,0.27366666666666667,post_filter,2.6002500017057173,1.0,0.8699874999147141,749.9984349124134,0.041996827349066734
frozen,10,10,0.269975,0.27366666666666667,post_filter,2.092708004056476,0.9,0.0,709.0056897141039,0.04200410330668092
frozen,11,10,0.269975,0.27366666666666667,post_filter,1.1873750045197085,1.0,0.9406312497740146,749.9984349124134,0.08299684850499034
frozen,12,10,0.269975,0.27366666666666667,post_filter,1.6883760035852902,1.0,0.9155811998207355,708.0016075633466,0.12499367585405707
frozen,13,10,0.269975,0.27366666666666667,post_filter,1.782167011697311,1.0,0.9108916494151345,667.001586407423,0.08300412446260452
frozen,14,10,0.269975,0.27366666666666667,post_filter,1.2333339909673668,1.0,0.9383333004516317,749.9984349124134,0.08400093065574765
frozen,15,10,0.269975,0.27366666666666667,post_filter,1.945582996995654,1.0,0.9027208501502173,666.9943104498088,0.04200410330668092
frozen,16,10,0.269975,0.27366666666666667,post_filter,1.9354999967617914,1.0,0.9032250001619104,707.9943316057324,0.12500095181167126
frozen,17,10,0.269975,0.27366666666666667,post_filter,0.9733330080052838,1.0,0.9513333495997358,667.001586407423,0.04200410330668092
frozen,18,10,0.269975,0.27366666666666667,post_filter,1.750665993313305,1.0,0.9124667003343347,749.9984349124134,0.08300412446260452
frozen,19,10,0.269975,0.27366666666666667,post_filter,1.7205420008394867,1.0,0.9139728999580257,750.0057108700275,0.08300412446260452
frozen,20,10,0.269975,0.27366666666666667,post_filter,1.091999998607207,0.9,0.0,708.0016075633466,0.08300412446260452
frozen,21,10,0.269975,0.27366666666666667,post_filter,1.3344589970074594,1.0,0.933277050149627,708.0016075633466,0.08299684850499034
frozen,22,10,0.269975,0.27366666666666667,post_filter,1.2485420011216775,1.0,0.9375728999439161,667.001586407423,0.08400093065574765
frozen,23,10,0.269975,0.27366666666666667,post_filter,0.8047079973039217,1.0,0.9597646001348039,709.0056897141039,0.08299684850499034
frozen,24,10,0.269975,0.27366666666666667,post_filter,1.0551250088610686,0.5,0.0,665.9975042566657,0.08299684850499034
frozen,25,10,0.269975,0.27366666666666667,post_filter,1.414582999132108,1.0,0.9292708500433946,750.0057108700275,0.041996827349066734
frozen,26,10,0.269975,0.27366666666666667,post_filter,1.2054579929099418,1.0,0.9397271003545029,709.0056897141039,0.08300412446260452
frozen,27,10,0.269975,0.27366666666666667,post_filter,0.5818749996251427,1.0,0.9709062500187429,749.9984349124134,0.08300412446260452
frozen,28,10,0.269975,0.27366666666666667,post_filter,0.9885010003927164,0.9,0.0,708.0016075633466,0.04200410330668092
frozen,29,10,0.269975,0.27366666666666667,post_filter,0.8636249986011535,0.7,0.0,708.0016075633466,0.08400093065574765
frozen,30,10,0.269975,0.27366666666666667,post_filter,1.3956249968032353,1.0,0.9302187501598382,667.001586407423,0.08399365469813347
frozen,31,10,0.269975,0.27366666666666667,post_filter,1.05516699841246,1.0,0.947241650079377,667.001586407423,0.08400093065574765
frozen,32,10,0.269975,0.27366666666666667,post_filter,0.4177919909125194,0.0,0.0,708.0016075633466,0.08299684850499034
frozen,33,10,0.269975,0.27366666666666667,post_filter,1.106415998947341,1.0,0.944679200052633,667.001586407423,0.08300412446260452
frozen,34,10,0.269975,0.27366666666666667,post_filter,1.2305000054766424,1.0,0.9384749997261679,667.001586407423,0.08299684850499034
frozen,35,10,0.269975,0.27366666666666667,post_filter,0.48400000378023833,1.0,0.9757999998109881,708.0016075633466,0.08400093065574765
frozen,36,10,0.269975,0.27366666666666667,post_filter,0.8562079965486191,1.0,0.957189600172569,667.001586407423,0.08300412446260452
frozen,37,10,0.269975,0.27366666666666667,post_filter,0.6737500079907477,1.0,0.9663124996004626,667.001586407423,0.08400093065574765
frozen,38,10,0.269975,0.27366666666666667,post_filter,0.866998998390045,1.0,0.9566500500804977,666.9943104498088,0.08300412446260452
frozen,39,10,0.269975,0.27366666666666667,post_filter,0.8345829992322251,0.4,0.0,667.001586407423,0.08299684850499034
frozen,40,10,0.269975,0.27366666666666667,post_filter,0.7709569981670938,1.0,0.9614521500916453,708.0016075633466,0.08300412446260452
frozen,41,10,0.269975,0.27366666666666667,post_filter,0.9953750050044619,1.0,0.9502312497497769,708.0016075633466,0.08400093065574765
frozen,42,10,0.269975,0.27366666666666667,post_filter,0.8238340014941059,1.0,0.9588082999252947,665.9975042566657,0.08300412446260452
frozen,43,10,0.269975,0.27366666666666667,post_filter,0.9364999932586215,1.0,0.9531750003370689,709.0056897141039,0.08299684850499034
frozen,44,10,0.269975,0.27366666666666667,post_filter,0.5980819987598807,1.0,0.970095900062006,665.9975042566657,0.08299684850499034
frozen,45,10,0.269975,0.27366666666666667,post_filter,0.6447089981520548,1.0,0.9677645500923973,750.0057108700275,0.08299684850499034
frozen,46,10,0.269975,0.27366666666666667,post_filter,0.602916996285785,0.9,0.0,708.0016075633466,0.08400093065574765
frozen,47,10,0.269975,0.27366666666666667,post_filter,0.7955410037538968,1.0,0.9602229498123052,666.0047802142799,0.08299684850499034
frozen,48,10,0.269975,0.27366666666666667,post_filter,1.0118330028490163,1.0,0.9494083498575492,708.0016075633466,0.04200410330668092
frozen,49,10,0.269975,0.27366666666666667,post_filter,0.7330000007641502,1.0,0.9633499999617925,833.999365568161,0.08300412446260452
frozen,0,11,0.3009,0.2981666666666667,post_filter,0.5654180058627389,0.1,0.0,3625.005774665624,0.08300412446260452
frozen,1,11,0.3009,0.2981666666666667,post_filter,0.6862079972052015,1.0,0.9656896001397399,2665.9981813281775,0.08299684850499034
frozen,2,11,0.3009,0.2981666666666667,post_filter,0.5510419941856526,1.0,0.9724479002907174,2541.0045054741204,0.08300412446260452
frozen,3,11,0.3009,0.2981666666666667,post_filter,0.5810839938931167,1.0,0.9709458003053442,2540.997229516506,0.041000021155923605
frozen,4,11,0.3009,0.2981666666666667,post_filter,0.5322509969118983,1.0,0.9733874501544051,2458.000381011516,0.08299684850499034
frozen,5,11,0.3009,0.2981666666666667,post_filter,0.6654169992543757,1.0,0.9667291500372812,2415.996277704835,0.08300412446260452
frozen,6,11,0.3009,0.2981666666666667,post_filter,0.5819169964524917,1.0,0.9709041501773754,2458.000381011516,0.08299684850499034
frozen,7,11,0.3009,0.2981666666666667,post_filter,0.6449170032283291,1.0,0.9677541498385835,2416.003553662449,0.08299684850499034
frozen,8,11,0.3009,0.2981666666666667,post_filter,0.46387499605771154,1.0,0.9768062501971144,2417.0003598555923,0.08299684850499034
frozen,9,11,0.3009,0.2981666666666667,post_filter,0.7042920042295009,1.0,0.964785399788525,2458.000381011516,0.08299684850499034
frozen,10,11,0.3009,0.2981666666666667,post_filter,0.6545830037794076,1.0,0.9672708498110296,2458.997187204659,0.08300412446260452
frozen,11,11,0.3009,0.2981666666666667,post_filter,0.5279169927234761,0.8,0.0,2417.0003598555923,0.08299684850499034
frozen,12,11,0.3009,0.2981666666666667,post_filter,0.5851669993717223,1.0,0.9707416500314139,2417.0003598555923,0.08399365469813347
frozen,13,11,0.3009,0.2981666666666667,post_filter,0.6307500007096678,1.0,0.9684624999645166,2415.996277704835,0.08299684850499034
frozen,14,11,0.3009,0.2981666666666667,post_filter,0.5175410042284057,0.3,0.0,2416.003553662449,0.08299684850499034
frozen,15,11,0.3009,0.2981666666666667,post_filter,0.6388749970938079,1.0,0.9680562501453096,2458.000381011516,0.08400093065574765
frozen,16,11,0.3009,0.2981666666666667,post_filter,0.37491599505301565,0.7,0.0,2417.0003598555923,0.041000021155923605
frozen,17,11,0.3009,0.2981666666666667,post_filter,0.344501000654418,0.0,0.0,2415.996277704835,0.08300412446260452
frozen,18,11,0.3009,0.2981666666666667,post_filter,0.623708991042804,1.0,0.9688145504478598,2458.997187204659,0.041000021155923605
frozen,19,11,0.3009,0.2981666666666667,post_filter,0.4713320013252087,1.0,0.9764333999337396,2458.000381011516,0.08400093065574765
frozen,20,11,0.3009,0.2981666666666667,post_filter,0.53662400750909,1.0,0.9731687996245455,2417.0003598555923,0.08400093065574765
frozen,21,11,0.3009,0.2981666666666667,post_filter,0.5900839969399385,1.0,0.9704958001530031,2749.999111983925,0.08299684850499034
frozen,22,11,0.3009,0.2981666666666667,post_filter,0.41904099634848535,1.0,0.9790479501825757,2834.0000426396728,0.08299684850499034
frozen,23,11,0.3009,0.2981666666666667,post_filter,0.5036669972469099,0.6,0.0,2790.9991331398487,0.12500095181167126
frozen,24,11,0.3009,0.2981666666666667,post_filter,0.49812499491963536,0.4,0.0,2749.999111983925,0.08400093065574765
frozen,25,11,0.3009,0.2981666666666667,post_filter,0.44587499724002555,1.0,0.9777062501379987,2540.997229516506,0.12500095181167126
frozen,26,11,0.3009,0.2981666666666667,post_filter,0.7560410012956709,1.0,0.9621979499352165,2458.997187204659,0.08299684850499034
frozen,27,11,0.3009,0.2981666666666667,post_filter,0.2224569980171509,0.9,0.0,2500.004484318197,0.041000021155923605
frozen,28,11,0.3009,0.2981666666666667,post_filter,0.6226679979590699,1.0,0.9688666001020465,2542.0013116672635,0.08400093065574765
frozen,29,11,0.3009,0.2981666666666667,post_filter,0.5477500017150305,1.0,0.9726124999142485,2541.0045054741204,0.08300412446260452
frozen,30,11,0.3009,0.2981666666666667,post_filter,0.6096669967519119,1.0,0.9695166501624044,2500.004484318197,0.12500095181167126
frozen,31,11,0.3009,0.2981666666666667,post_filter,0.38391599809983745,1.0,0.9808042000950081,2500.004484318197,0.041000021155923605
frozen,32,11,0.3009,0.2981666666666667,post_filter,0.1927089979290031,0.0,0.0,2499.9972083605826,0.041000021155923605
frozen,33,11,0.3009,0.2981666666666667,post_filter,0.5985830066492781,1.0,0.9700708496675361,2499.9972083605826,0.08400093065574765
frozen,34,11,0.3009,0.2981666666666667,post_filter,0.4750840016640723,1.0,0.9762457999167964,2499.9972083605826,0.041000021155923605
frozen,35,11,0.3009,0.2981666666666667,post_filter,0.3789159964071587,0.0,0.0,2542.0013116672635,0.12500095181167126
frozen,36,11,0.3009,0.2981666666666667,post_filter,0.5409590012277476,1.0,0.9729520499386126,2458.000381011516,0.08399365469813347
frozen,37,11,0.3009,0.2981666666666667,post_filter,0.5519579935935326,0.3,0.0,2500.004484318197,0.08400093065574765
frozen,38,11,0.3009,0.2981666666666667,post_filter,0.6082500040065497,1.0,0.9695874997996725,2500.004484318197,0.08299684850499034
frozen,39,11,0.3009,0.2981666666666667,post_filter,0.5200840023462661,0.8,0.0,2499.9972083605826,0.08300412446260452
frozen,40,11,0.3009,0.2981666666666667,post_filter,0.4247499964549206,1.0,0.978762500177254,2458.000381011516,0.08299684850499034
frozen,41,11,0.3009,0.2981666666666667,post_filter,0.7357909926213324,0.9,0.0,2500.004484318197,0.041000021155923605
frozen,42,11,0.3009,0.2981666666666667,post_filter,0.34108301042579114,1.0,0.9829458494787104,2458.997187204659,0.08300412446260452
frozen,43,11,0.3009,0.2981666666666667,post_filter,0.7166670038714074,1.0,0.9641666498064296,2541.9940357096493,0.08400093065574765
frozen,44,11,0.3009,0.2981666666666667,post_filter,0.3975829968112521,1.0,0.9801208501594374,2458.997187204659,0.08300412446260452
frozen,45,11,0.3009,0.2981666666666667,post_filter,0.5915419969824143,1.0,0.9704229001508793,2499.9972083605826,0.08300412446260452
frozen,46,11,0.3009,0.2981666666666667,post_filter,0.327124995237682,0.9,0.0,2542.0013116672635,0.08400093065574765
frozen,47,11,0.3009,0.2981666666666667,post_filter,0.44741699821315706,1.0,0.9776291500893421,2499.9972083605826,0.08400093065574765
frozen,48,11,0.3009,0.2981666666666667,post_filter,0.6177909963298589,1.0,0.969110450183507,2458.997187204659,0.08300412446260452
frozen,49,11,0.3009,0.2981666666666667,post_filter,0.5066259982413612,1.0,0.9746687000879319,2499.9972083605826,0.08299684850499034
frozen,0,12,0.31878,0.3225,post_filter,0.5389989964896813,1.0,0.9730500501755159,8041.002729441971,0.08300412446260452
frozen,1,12,0.31878,0.3225,post_filter,0.7659999973839149,1.0,0.9617000001308043,3458.0007195472717,0.12500095181167126
frozen,2,12,0.31878,0.3225,post_filter,0.579040999582503,1.0,0.9710479500208749,2791.995939332992,0.12500095181167126
frozen,3,12,0.31878,0.3225,post_filter,0.5699999965145253,1.0,0.9715000001742737,2790.9991331398487,0.041000021155923605
frozen,4,12,0.31878,0.3225,post_filter,0.5424579940154217,1.0,0.9728771002992289,2540.997229516506,0.08300412446260452
frozen,5,12,0.31878,0.3225,post_filter,0.6455839975387789,1.0,0.967720800123061,2542.0013116672635,0.08299684850499034
frozen,6,12,0.31878,0.3225,post_filter,0.5236659999354742,1.0,0.9738167000032263,2500.004484318197,0.12500095181167126
frozen,7,12,0.31878,0.3225,post_filter,0.6212509906617925,1.0,0.9689374504669104,2541.0045054741204,0.08299684850499034
frozen,8,12,0.31878,0.3225,post_filter,0.43745899165514857,1.0,0.9781270504172426,2583.001332823187,0.08300412446260452
frozen,9,12,0.31878,0.3225,post_filter,0.6832069993834011,1.0,0.9658396500308299,2541.0045054741204,0.041000021155923605
frozen,10,12,0.31878,0.3225,post_filter,0.6359580074786209,1.0,0.968202099626069,2540.997229516506,0.08300412446260452
frozen,11,12,0.31878,0.3225,post_filter,0.5260419929982163,1.0,0.9736979003500892,2708.9990908280015,0.041000021155923605
frozen,12,12,0.31878,0.3225,post_filter,0.6052919998182915,1.0,0.9697354000090854,2708.9990908280015,0.08299684850499034
frozen,13,12,0.31878,0.3225,post_filter,0.6595829981961288,1.0,0.9670208500901936,2708.9990908280015,0.08299684850499034
frozen,14,12,0.31878,0.3225,post_filter,0.5613319954136387,1.0,0.9719334002293181,2707.995008677244,0.08300412446260452
frozen,15,12,0.31878,0.3225,post_filter,0.5854580012965016,1.0,0.9707270999351749,2749.999111983925,0.08400093065574765
frozen,16,12,0.31878,0.3225,post_filter,0.3810420021181926,1.0,0.9809478998940904,2749.999111983925,0.041000021155923605
frozen,17,12,0.31878,0.3225,post_filter,0.3297079965705052,1.0,0.9835146001714747,2790.9991331398487,0.08299684850499034
frozen,18,12,0.31878,0.3225,post_filter,0.6254580075619742,1.0,0.9687270996219013,2708.9990908280015,0.08300412446260452
frozen,19,12,0.31878,0.3225,post_filter,0.4985409977962263,0.9,0.0,2749.999111983925,0.12500095181167126
frozen,20,12,0.31878,0.3225,post_filter,0.5347080004867166,1.0,0.9732645999756642,2749.999111983925,0.08299684850499034
frozen,21,12,0.31878,0.3225,post_filter,0.6254589970922098,1.0,0.9687270501453895,2749.999111983925,0.08300412446260452
frozen,22,12,0.31878,0.3225,post_filter,0.4406259977258742,1.0,0.9779687001137063,2749.999111983925,0.08300412446260452
frozen,23,12,0.31878,0.3225,post_filter,0.4610420000972226,1.0,0.9769478999951389,2708.9990908280015,0.041000021155923605
frozen,24,12,0.31878,0.3225,post_filter,0.4838339955313131,1.0,0.9758083002234343,2749.999111983925,0.08300412446260452
frozen,25,12,0.31878,0.3225,post_filter,0.44283199531491846,1.0,0.9778584002342541,2708.9990908280015,0.08299684850499034
frozen,26,12,0.31878,0.3225,post_filter,0.6667920024483465,1.0,0.9666603998775827,2708.0022846348584,0.08299684850499034
frozen,27,12,0.31878,0.3225,post_filter,0.2234170024166815,1.0,0.9888291498791659,2790.9991331398487,0.041000021155923605
frozen,28,12,0.31878,0.3225,post_filter,0.6480839947471395,0.9,0.0,2749.999111983925,0.08300412446260452
frozen,29,12,0.31878,0.3225,post_filter,0.5691250044037588,1.0,0.9715437497798121,2749.999111983925,0.12500095181167126
frozen,30,12,0.31878,0.3225,post_filter,0.5955419983365573,1.0,0.9702229000831721,2708.9990908280015,0.08299684850499034
frozen,31,12,0.31878,0.3225,post_filter,0.39566700434079394,0.9,0.0,2790.9991331398487,0.041000021155923605
frozen,32,12,0.31878,0.3225,post_filter,0.24779299565125257,0.0,0.0,2749.999111983925,0.041000021155923605
frozen,33,12,0.31878,0.3225,post_filter,0.6023739988449961,1.0,0.9698813000577502,2749.999111983925,0.08400093065574765
frozen,34,12,0.31878,0.3225,post_filter,0.468541998998262,1.0,0.9765729000500869,2749.999111983925,0.08300412446260452
frozen,35,12,0.31878,0.3225,post_filter,0.34362600126769394,1.0,0.9828186999366153,2749.999111983925,0.041000021155923605
frozen,36,12,0.31878,0.3225,post_filter,0.5722919959225692,0.9,0.0,2749.999111983925,0.08300412446260452
frozen,37,12,0.31878,0.3225,post_filter,0.5654999913531356,1.0,0.9717250004323432,2958.004188258201,0.08400093065574765
frozen,38,12,0.31878,0.3225,post_filter,0.6297509971773252,1.0,0.9685124501411337,2708.9990908280015,0.12500095181167126
frozen,39,12,0.31878,0.3225,post_filter,0.4894170051557012,1.0,0.9755291497422149,2708.0022846348584,0.08299684850499034
frozen,40,12,0.31878,0.3225,post_filter,0.4457080067368224,0.6,0.0,2708.0022846348584,0.08299684850499034
frozen,41,12,0.31878,0.3225,post_filter,0.7270839923876338,1.0,0.9636458003806183,2749.999111983925,0.08400093065574765
frozen,42,12,0.31878,0.3225,post_filter,0.35608300095191225,0.7,0.0,2791.995939332992,0.041000021155923605
frozen,43,12,0.31878,0.3225,post_filter,0.7129570003598928,1.0,0.9643521499820054,2749.999111983925,0.08400093065574765
frozen,44,12,0.31878,0.3225,post_filter,0.3983329952461645,1.0,0.9800833502376918,2749.999111983925,0.08299684850499034
frozen,45,12,0.31878,0.3225,post_filter,0.5714160070056096,1.0,0.9714291996497195,2749.999111983925,0.08300412446260452
frozen,46,12,0.31878,0.3225,post_filter,0.34491700353100896,1.0,0.9827541498234496,2708.9990908280015,0.08299684850499034
frozen,47,12,0.31878,0.3225,post_filter,0.4490409992286004,1.0,0.97754795003857,2749.999111983925,0.041000021155923605
frozen,48,12,0.31878,0.3225,post_filter,0.633250005193986,0.9,0.0,2749.999111983925,0.08299684850499034
frozen,49,12,0.31878,0.3225,post_filter,0.5157080013304949,1.0,0.9742145999334753,2749.999111983925,0.08300412446260452
frozen,0,13,0.340115,0.3471666666666667,post_filter,0.5616249982267618,1.0,0.9719187500886619,4042.0054574497044,0.08400093065574765
frozen,1,13,0.340115,0.3471666666666667,post_filter,1.3268759939819574,1.0,0.9336562003009021,3375.0038710422814,0.08299684850499034
frozen,2,13,0.340115,0.3471666666666667,post_filter,0.7661249983357266,1.0,0.9616937500832137,3166.9987947680056,0.08299684850499034
frozen,3,13,0.340115,0.3471666666666667,post_filter,0.7039999982225709,1.0,0.9648000000888715,3082.997864112258,0.041996827349066734
frozen,4,13,0.340115,0.3471666666666667,post_filter,0.6071240059100091,1.0,0.9696437997044995,3042.0051189139485,0.041996827349066734
frozen,5,13,0.340115,0.3471666666666667,post_filter,0.8162500016624108,1.0,0.9591874999168795,3041.001036763191,0.08400093065574765
frozen,6,13,0.340115,0.3471666666666667,post_filter,0.5422919930424541,1.0,0.9728854003478773,3000.0010156072676,0.08400093065574765
frozen,7,13,0.340115,0.3471666666666667,post_filter,0.6585820083273575,1.0,0.9670708995836321,3000.0010156072676,0.08400093065574765
frozen,8,13,0.340115,0.3471666666666667,post_filter,0.5795420074719004,1.0,0.971022899626405,3041.9978429563344,0.08400093065574765
frozen,9,13,0.340115,0.3471666666666667,post_filter,0.714541005436331,1.0,0.9642729497281834,3000.0010156072676,0.08299684850499034
frozen,10,13,0.340115,0.3471666666666667,post_filter,0.7036239985609427,1.0,0.9648188000719529,3042.0051189139485,0.08299684850499034
frozen,11,13,0.340115,0.3471666666666667,post_filter,0.6782919954275712,1.0,0.9660854002286214,3000.0010156072676,0.041996827349066734
frozen,12,13,0.340115,0.3471666666666667,post_filter,0.6959160018595867,1.0,0.9652041999070207,3000.0010156072676,0.08299684850499034
frozen,13,13,0.340115,0.3471666666666667,post_filter,0.7503750020987354,1.0,0.9624812498950632,3000.0010156072676,0.08299684850499034
frozen,14,13,0.340115,0.3471666666666667,post_filter,0.5621669988613576,1.0,0.9718916500569321,3042.0051189139485,0.08299684850499034
frozen,15,13,0.340115,0.3471666666666667,post_filter,0.5842500031576492,1.0,0.9707874998421175,2999.9937396496534,0.08300412446260452
frozen,16,13,0.340115,0.3471666666666667,post_filter,0.43112499406561255,0.8,0.0,3166.9987947680056,0.08299684850499034
frozen,17,13,0.340115,0.3471666666666667,post_filter,0.43087599624413997,0.0,0.0,3041.9978429563344,0.08300412446260452
frozen,18,13,0.340115,0.3471666666666667,post_filter,0.62570800218964,1.0,0.968714599890518,3041.9978429563344,0.041000021155923605
frozen,19,13,0.340115,0.3471666666666667,post_filter,0.49783299618866295,1.0,0.9751083501905669,2999.9937396496534,0.08299684850499034
frozen,20,13,0.340115,0.3471666666666667,post_filter,0.5452500117826276,1.0,0.9727374994108686,3041.9978429563344,0.08299684850499034
frozen,21,13,0.340115,0.3471666666666667,post_filter,0.6319580061244778,1.0,0.9684020996937761,3000.0010156072676,0.08299684850499034
frozen,22,13,0.340115,0.3471666666666667,post_filter,0.4617910090018995,1.0,0.976910449549905,3000.0010156072676,0.08300412446260452
frozen,23,13,0.340115,0.3471666666666667,post_filter,0.520207999215927,0.7,0.0,3000.0010156072676,0.08400093065574765
frozen,24,13,0.340115,0.3471666666666667,post_filter,0.4907909969915636,1.0,0.9754604501504218,2999.9937396496534,0.08300412446260452
frozen,25,13,0.340115,0.3471666666666667,post_filter,0.47016600728966296,1.0,0.9764916996355169,3041.9978429563344,0.08299684850499034
frozen,26,13,0.340115,0.3471666666666667,post_filter,0.8059170068008825,1.0,0.9597041496599559,3041.001036763191,0.08300412446260452
frozen,27,13,0.340115,0.3471666666666667,post_filter,0.25187500432366505,1.0,0.9874062497838167,3125.001967418939,0.08299684850499034
frozen,28,13,0.340115,0.3471666666666667,post_filter,0.6321659966488369,1.0,0.9683917001675582,3000.0010156072676,0.08300412446260452
frozen,29,13,0.340115,0.3471666666666667,post_filter,0.5982079965178855,1.0,0.9700896001741057,3041.001036763191,0.08300412446260452
frozen,30,13,0.340115,0.3471666666666667,post_filter,0.6582920032087713,1.0,0.9670853998395614,3041.001036763191,0.041000021155923605
frozen,31,13,0.340115,0.3471666666666667,post_filter,0.5329580017132685,1.0,0.9733520999143366,3041.001036763191,0.08299684850499034
frozen,32,13,0.340115,0.3471666666666667,post_filter,0.35187499452149495,0.0,0.0,3042.0051189139485,0.08299684850499034
frozen,33,13,0.340115,0.3471666666666667,post_filter,0.642709004750941,1.0,0.967864549762453,3332.9997677356005,0.08400093065574765
frozen,34,13,0.340115,0.3471666666666667,post_filter,0.5662080002366565,1.0,0.9716895999881672,3042.0051189139485,0.04200410330668092
frozen,35,13,0.340115,0.3471666666666667,post_filter,0.3810420021181926,0.0,0.0,3041.9978429563344,0.041996827349066734
frozen,36,13,0.340115,0.3471666666666667,post_filter,0.5984590025036596,1.0,0.970077049874817,3041.001036763191,0.08299684850499034
frozen,37,13,0.340115,0.3471666666666667,post_filter,0.627918001555372,1.0,0.9686040999222314,3000.0010156072676,0.08300412446260452
frozen,38,13,0.340115,0.3471666666666667,post_filter,0.648125002044253,1.0,0.9675937498977873,3041.001036763191,0.08300412446260452
frozen,39,13,0.340115,0.3471666666666667,post_filter,0.553333004063461,1.0,0.972333349796827,3041.001036763191,0.08300412446260452
frozen,40,13,0.340115,0.3471666666666667,post_filter,0.4595420032273978,1.0,0.9770228998386301,2957.9969123005867,0.08300412446260452
frozen,41,13,0.340115,0.3471666666666667,post_filter,0.7791669995640405,0.9,0.0,3000.0010156072676,0.08300412446260452
frozen,42,13,0.340115,0.3471666666666667,post_filter,0.36654200084740296,1.0,0.9816728999576299,3041.9978429563344,0.08300412446260452
frozen,43,13,0.340115,0.3471666666666667,post_filter,0.7174580023274757,1.0,0.9641270998836262,3042.0051189139485,0.08300412446260452
frozen,44,13,0.340115,0.3471666666666667,post_filter,0.41129300370812416,1.0,0.9794353498145938,3041.001036763191,0.041000021155923605
frozen,45,13,0.340115,0.3471666666666667,post_filter,0.6009169956087135,1.0,0.9699541502195643,3125.001967418939,0.041000021155923605
frozen,46,13,0.340115,0.3471666666666667,post_filter,0.35033300082432106,0.9,0.0,3166.9987947680056,0.08299684850499034
frozen,47,13,0.340115,0.3471666666666667,post_filter,0.4491669897106476,1.0,0.9775416505144676,3000.0010156072676,0.08400093065574765
frozen,48,13,0.340115,0.3471666666666667,post_filter,0.643708001007326,1.0,0.9678145999496337,3000.0010156072676,0.041000021155923605
frozen,49,13,0.340115,0.3471666666666667,post_filter,0.5252919945633039,1.0,0.9737354002718348,3125.001967418939,0.08299684850499034
frozen,0,14,0.389405,0.3953333333333333,post_filter,0.5832500028191134,1.0,0.9708374998590443,10666.000889614224,0.04099274519830942
frozen,1,14,0.389405,0.3953333333333333,post_filter,0.6751670007361099,1.0,0.9662416499631945,6124.995707068592,0.08300412446260452
frozen,2,14,0.389405,0.3953333333333333,post_filter,0.5730819975724444,1.0,0.9713459001213778,5124.995368532836,0.08299684850499034
frozen,3,14,0.389405,0.3953333333333333,post_filter,0.5453339981613681,1.0,0.9727333000919316,5041.001713834703,0.08299684850499034
frozen,4,14,0.389405,0.3953333333333333,post_filter,0.5454570055007935,1.0,0.9727271497249603,4875.000740867108,0.08299684850499034
frozen,5,14,0.389405,0.3953333333333333,post_filter,0.7069579951348715,1.0,0.9646521002432564,4875.000740867108,0.08300412446260452
frozen,6,14,0.389405,0.3953333333333333,post_filter,0.5805000037071295,1.0,0.9709749998146435,4916.000762023032,0.041000021155923605
frozen,7,14,0.389405,0.3953333333333333,post_filter,0.610582996159792,1.0,0.9694708501920104,4875.000740867108,0.08299684850499034
frozen,8,14,0.389405,0.3953333333333333,post_filter,0.42991700320271775,1.0,0.9785041498398641,5041.001713834703,0.08299684850499034
frozen,9,14,0.389405,0.3953333333333333,post_filter,0.6751660039299168,1.0,0.9662416998035042,5000.001692678779,0.08300412446260452
frozen,10,14,0.389405,0.3953333333333333,post_filter,0.6356249941745773,1.0,0.9682187502912711,5041.001713834703,0.041000021155923605
frozen,11,14,0.389405,0.3953333333333333,post_filter,0.5150829965714365,1.0,0.9742458501714282,5041.001713834703,0.08400093065574765
frozen,12,14,0.389405,0.3953333333333333,post_filter,0.5887090010219254,1.0,0.9705645499489037,5041.998520027846,0.08299684850499034
frozen,13,14,0.389405,0.3953333333333333,post_filter,0.6194590023369528,1.0,0.9690270498831524,5000.001692678779,0.08399365469813347
frozen,14,14,0.389405,0.3953333333333333,post_filter,0.5234580021351576,1.0,0.9738270998932421,5000.001692678779,0.08400093065574765
frozen,15,14,0.389405,0.3953333333333333,post_filter,0.5822919920319691,1.0,0.9708854003984015,5000.001692678779,0.08400093065574765
frozen,16,14,0.389405,0.3953333333333333,post_filter,0.4100420046597719,1.0,0.9794978997670114,5083.005817141384,0.08400093065574765
frozen,17,14,0.389405,0.3953333333333333,post_filter,0.34095800219802186,1.0,0.9829520998900989,5041.001713834703,0.08300412446260452
frozen,18,14,0.389405,0.3953333333333333,post_filter,0.6215409957803786,1.0,0.9689229502109811,5041.001713834703,0.08299684850499034
frozen,19,14,0.389405,0.3953333333333333,post_filter,0.5475009966176003,0.9,0.0,5000.001692678779,0.08300412446260452
frozen,20,14,0.389405,0.3953333333333333,post_filter,0.5528329929802567,1.0,0.9723583503509872,4999.994416721165,0.08300412446260452
frozen,21,14,0.389405,0.3953333333333333,post_filter,0.6811249986640178,1.0,0.9659437500667991,5041.001713834703,0.08300412446260452
frozen,22,14,0.389405,0.3953333333333333,post_filter,0.48895800136961043,1.0,0.9755520999315195,5042.00579598546,0.08400093065574765
frozen,23,14,0.389405,0.3953333333333333,post_filter,0.4799579983227886,1.0,0.9760021000838606,5000.001692678779,0.08299684850499034
frozen,24,14,0.389405,0.3953333333333333,post_filter,0.5198340004426427,1.0,0.9740082999778679,5041.998520027846,0.08400093065574765
frozen,25,14,0.389405,0.3953333333333333,post_filter,0.5027500083087943,1.0,0.9748624995845603,5000.001692678779,0.08400093065574765
frozen,26,14,0.389405,0.3953333333333333,post_filter,0.6967090012039989,1.0,0.9651645499398,5041.998520027846,0.08300412446260452
frozen,27,14,0.389405,0.3953333333333333,post_filter,0.2497489913366735,1.0,0.9875125504331663,4959.001671522856,0.08299684850499034
frozen,28,14,0.389405,0.3953333333333333,post_filter,0.7005830048001371,0.9,0.0,5000.001692678779,0.08300412446260452
frozen,29,14,0.389405,0.3953333333333333,post_filter,0.5808330097352155,1.0,0.9709583495132392,4959.001671522856,0.08300412446260452
frozen,30,14,0.389405,0.3953333333333333,post_filter,0.7131669990485534,1.0,0.9643416500475723,5000.001692678779,0.08299684850499034
frozen,31,14,0.389405,0.3953333333333333,post_filter,0.3930420061806217,1.0,0.9803478996909689,5042.00579598546,0.08300412446260452
frozen,32,14,0.389405,0.3953333333333333,post_filter,0.3583750076359138,0.0,0.0,5041.001713834703,0.041000021155923605
frozen,33,14,0.389405,0.3953333333333333,post_filter,0.5954579901299439,1.0,0.9702271004935028,4999.994416721165,0.08400093065574765
frozen,34,14,0.389405,0.3953333333333333,post_filter,0.43429100333014503,1.0,0.9782854498334927,4999.994416721165,0.08400093065574765
frozen,35,14,0.389405,0.3953333333333333,post_filter,0.3417919942876324,1.0,0.9829104002856184,5000.001692678779,0.08400093065574765
frozen,36,14,0.389405,0.3953333333333333,post_filter,0.5875830029253848,0.9,0.0,5000.001692678779,0.041996827349066734
frozen,37,14,0.389405,0.3953333333333333,post_filter,0.5329589985194616,1.0,0.9733520500740269,5000.001692678779,0.08299684850499034
frozen,38,14,0.389405,0.3953333333333333,post_filter,0.621749997662846,1.0,0.9689125001168577,5000.001692678779,0.08299684850499034
frozen,39,14,0.389405,0.3953333333333333,post_filter,0.5585830003838055,1.0,0.9720708499808097,5000.001692678779,0.08299684850499034
frozen,40,14,0.389405,0.3953333333333333,post_filter,0.4879580010310747,0.6,0.0,5124.995368532836,0.08299684850499034
frozen,41,14,0.389405,0.3953333333333333,post_filter,0.7723750022705644,1.0,0.9613812498864718,5000.001692678779,0.08299684850499034
frozen,42,14,0.389405,0.3953333333333333,post_filter,0.3864579994115047,0.8,0.0,5249.996320344508,0.08299684850499034
frozen,43,14,0.389405,0.3953333333333333,post_filter,0.6969999958528206,1.0,0.965150000207359,4875.000740867108,0.041000021155923605
frozen,44,14,0.389405,0.3953333333333333,post_filter,0.4020420019514859,1.0,0.9798978999024257,4916.000762023032,0.08400093065574765
frozen,45,14,0.389405,0.3953333333333333,post_filter,0.5666659999405965,1.0,0.9716667000029702,4875.000740867108,0.08300412446260452
frozen,46,14,0.389405,0.3953333333333333,post_filter,0.34720800613285974,1.0,0.982639599693357,4832.996637560427,0.08300412446260452
frozen,47,14,0.389405,0.3953333333333333,post_filter,0.4317920029279776,1.0,0.9784103998536011,4874.993464909494,0.08300412446260452
frozen,48,14,0.389405,0.3953333333333333,post_filter,0.6913340039318427,1.0,0.9654332998034079,4957.997589372098,0.041000021155923605
frozen,49,14,0.389405,0.3953333333333333,post_filter,0.5589590000454336,1.0,0.9720520499977283,4875.000740867108,0.08299684850499034
frozen,0,15,0.610595,0.6046666666666667,post_filter,0.5431659956229851,1.0,0.9728417002188507,1416.0032151266932,0.041000021155923605
frozen,1,15,0.610595,0.6046666666666667,post_filter,1.9208330049877986,1.0,0.9039583497506101,790.998456068337,0.08300412446260452
frozen,2,15,0.610595,0.6046666666666667,post_filter,1.3414580025710166,1.0,0.9329270998714492,750.0057108700275,0.08299684850499034
frozen,3,15,0.610595,0.6046666666666667,post_filter,0.9744580020196736,1.0,0.9512770998990163,792.0025382190943,0.08299684850499034
frozen,4,15,0.610595,0.6046666666666667,post_filter,1.097751002816949,1.0,0.9451124498591525,749.9984349124134,0.08300412446260452
frozen,5,15,0.610595,0.6046666666666667,post_filter,0.8082910062512383,0.9,0.0,749.9984349124134,0.041000021155923605
frozen,6,15,0.610595,0.6046666666666667,post_filter,0.6136660012998618,1.0,0.9693166999350069,792.0025382190943,0.08400093065574765
frozen,7,15,0.610595,0.6046666666666667,post_filter,0.6756240036338568,1.0,0.9662187998183072,749.9984349124134,0.08400093065574765
frozen,8,15,0.610595,0.6046666666666667,post_filter,0.5444159978651442,0.9,0.0,915.9994078800082,0.041000021155923605
frozen,9,15,0.610595,0.6046666666666667,post_filter,0.741374991775956,1.0,0.9629312504112022,749.9984349124134,0.08300412446260452
frozen,10,15,0.610595,0.6046666666666667,post_filter,0.6738339943694882,1.0,0.9663083002815256,832.9952834174037,0.08299684850499034
frozen,11,15,0.610595,0.6046666666666667,post_filter,0.6748740051989444,1.0,0.9662562997400528,749.9984349124134,0.08299684850499034
frozen,12,15,0.610595,0.6046666666666667,post_filter,0.8336239916388877,1.0,0.9583188004180556,708.0016075633466,0.08399365469813347
frozen,13,15,0.610595,0.6046666666666667,post_filter,0.7278330012923107,1.0,0.9636083499353845,708.0016075633466,0.08299684850499034
frozen,14,15,0.610595,0.6046666666666667,post_filter,0.5938749964116141,1.0,0.9703062501794193,750.0057108700275,0.12500095181167126
frozen,15,15,0.610595,0.6046666666666667,post_filter,0.6582080022781156,1.0,0.9670895998860942,749.9984349124134,0.08400093065574765
frozen,16,15,0.610595,0.6046666666666667,post_filter,0.437165996117983,1.0,0.9781417001941008,707.9943316057324,0.041000021155923605
frozen,17,15,0.610595,0.6046666666666667,post_filter,0.36912500218022615,1.0,0.9815437498909887,707.9943316057324,0.08400093065574765
frozen,18,15,0.610595,0.6046666666666667,post_filter,0.7144579940359108,1.0,0.9642771002982045,707.9943316057324,0.08300412446260452
frozen,19,15,0.610595,0.6046666666666667,post_filter,0.5612500026472844,1.0,0.9719374998676358,708.0016075633466,0.08299684850499034
frozen,20,15,0.610595,0.6046666666666667,post_filter,0.6217090049176477,1.0,0.9689145497541176,749.9984349124134,0.12500095181167126
frozen,21,15,0.610595,0.6046666666666667,post_filter,0.6296260035014711,1.0,0.9685186998249264,749.9984349124134,0.041000021155923605
frozen,22,15,0.610595,0.6046666666666667,post_filter,0.46920800377847627,1.0,0.9765395998110762,707.9943316057324,0.08300412446260452
frozen,23,15,0.610595,0.6046666666666667,post_filter,0.46095900324871764,1.0,0.9769520498375641,708.0016075633466,0.08299684850499034
frozen,24,15,0.610595,0.6046666666666667,post_filter,0.5293749927659519,1.0,0.9735312503617024,749.9984349124134,0.041000021155923605
frozen,25,15,0.610595,0.6046666666666667,post_filter,0.516125001013279,1.0,0.974193749949336,708.0016075633466,0.041000021155923605
frozen,26,15,0.610595,0.6046666666666667,post_filter,0.6856670079287142,1.0,0.9657166496035643,750.0057108700275,0.08400093065574765
frozen,27,15,0.610595,0.6046666666666667,post_filter,0.23233299725688994,1.0,0.9883833501371555,750.0057108700275,0.08299684850499034
frozen,28,15,0.610595,0.6046666666666667,post_filter,0.6322490007732995,1.0,0.968387549961335,749.9984349124134,0.08299684850499034
frozen,29,15,0.610595,0.6046666666666667,post_filter,0.5935010049142875,1.0,0.9703249497542856,708.9984137564898,0.041000021155923605
frozen,30,15,0.610595,0.6046666666666667,post_filter,0.6545819996972568,1.0,0.9672709000151372,707.9943316057324,0.08400093065574765
frozen,31,15,0.610595,0.6046666666666667,post_filter,0.4155410060775466,1.0,0.9792229496961227,667.001586407423,0.08400093065574765
frozen,32,15,0.610595,0.6046666666666667,post_filter,0.20524999854387715,0.0,0.0,708.0016075633466,0.12500095181167126
frozen,33,15,0.610595,0.6046666666666667,post_filter,0.5987080003251322,1.0,0.9700645999837434,790.998456068337,0.08299684850499034
frozen,34,15,0.610595,0.6046666666666667,post_filter,0.5196249985601753,0.1,0.0,708.0016075633466,0.12500095181167126
frozen,35,15,0.610595,0.6046666666666667,post_filter,0.3589990010368638,1.0,0.9820500499481568,750.0057108700275,0.08400093065574765
frozen,36,15,0.610595,0.6046666666666667,post_filter,0.553333004063461,1.0,0.972333349796827,708.0016075633466,0.08300412446260452
frozen,37,15,0.610595,0.6046666666666667,post_filter,0.5405410047387704,1.0,0.9729729497630615,708.9984137564898,0.08299684850499034
frozen,38,15,0.610595,0.6046666666666667,post_filter,0.635374992270954,1.0,0.9682312503864523,708.9984137564898,0.041000021155923605
frozen,39,15,0.610595,0.6046666666666667,post_filter,0.5356659967219457,0.9,0.0,708.0016075633466,0.08299684850499034
frozen,40,15,0.610595,0.6046666666666667,post_filter,0.46224999096011743,1.0,0.9768875004519941,707.9943316057324,0.08300412446260452
frozen,41,15,0.610595,0.6046666666666667,post_filter,0.7718749911873601,0.9,0.0,707.9943316057324,0.08400093065574765
frozen,42,15,0.610595,0.6046666666666667,post_filter,0.40812400402501225,1.0,0.9795937997987494,708.9984137564898,0.041000021155923605
frozen,43,15,0.610595,0.6046666666666667,post_filter,0.7436250016326085,1.0,0.9628187499183696,749.9984349124134,0.08300412446260452
frozen,44,15,0.610595,0.6046666666666667,post_filter,0.4599579988280311,0.4,0.0,749.9984349124134,0.12500095181167126
frozen,45,15,0.610595,0.6046666666666667,post_filter,0.5932080021011643,1.0,0.9703395998949418,750.0057108700275,0.08300412446260452
frozen,46,15,0.610595,0.6046666666666667,post_filter,0.36266599636292085,1.0,0.981866700181854,708.9984137564898,0.08299684850499034
frozen,47,15,0.610595,0.6046666666666667,post_filter,0.48787499690661207,0.1,0.0,790.998456068337,0.08300412446260452
frozen,48,15,0.610595,0.6046666666666667,post_filter,0.6617500039283186,1.0,0.9669124998035841,792.0025382190943,0.08300412446260452
frozen,49,15,0.610595,0.6046666666666667,post_filter,0.5509589973371476,1.0,0.9724520501331426,749.9984349124134,0.08299684850499034
frozen,0,16,0.658305,0.6626666666666666,post_filter,0.6119989993749186,1.0,0.9694000500312541,16124.999092426151,0.12500095181167126
frozen,1,16,0.658305,0.6626666666666666,post_filter,0.6674579999526031,1.0,0.9666271000023698,14375.000318977982,0.12499367585405707
frozen,2,16,0.658305,0.6626666666666666,post_filter,0.5276669908198528,1.0,0.9736166504590074,14332.9962156713,0.08400093065574765
frozen,3,16,0.658305,0.6626666666666666,post_filter,0.5413330000010319,1.0,0.9729333499999484,14041.994290892035,0.12500095181167126
frozen,4,16,0.658305,0.6626666666666666,post_filter,0.5426670031738468,1.0,0.9728666498413077,1115500.0029248185,1.8330028979107738
frozen,5,16,0.658305,0.6626666666666666,post_filter,0.6565409930772148,1.0,0.9671729503461393,57915.99687654525,0.4579997039400041
frozen,6,16,0.658305,0.6626666666666666,post_filter,0.5558340053539723,1.0,0.9722082997323014,22957.99640705809,0.2500019036233425
frozen,7,16,0.658305,0.6626666666666666,post_filter,0.6251250015338883,1.0,0.9687437499233056,21708.001440856606,0.2500019036233425
frozen,8,16,0.658305,0.6626666666666666,post_filter,0.4427089952514507,1.0,0.9778645502374275,57292.003475595266,0.790998456068337
frozen,9,16,0.658305,0.6626666666666666,post_filter,0.6771660046069883,1.0,0.9661416997696506,40416.99867229909,0.6659975042566657
frozen,10,16,0.658305,0.6626666666666666,post_filter,0.628792004135903,1.0,0.9685603997932049,26082.99837447703,0.33299875212833285
frozen,11,16,0.658305,0.6626666666666666,post_filter,0.5005000057280995,1.0,0.974974999713595,21916.00651713088,0.24999462766572833
frozen,12,16,0.658305,0.6626666666666666,post_filter,0.577291997615248,1.0,0.9711354001192376,21166.997612453997,0.2079978003166616
frozen,13,16,0.658305,0.6626666666666666,post_filter,0.6059160004951991,1.0,0.96970419997524,20999.99983329326,0.2500019036233425
frozen,14,16,0.658305,0.6626666666666666,post_filter,0.5202489992370829,1.0,0.9739875500381459,20958.999812137336,0.2500019036233425
frozen,15,16,0.658305,0.6626666666666666,post_filter,0.5374159954953939,1.0,0.9731292002252303,22249.994799494743,0.2090018824674189
frozen,16,16,0.658305,0.6626666666666666,post_filter,0.35304199991514906,1.0,0.9823479000042425,404833.0010846257,0.6249974831007421
frozen,17,16,0.658305,0.6626666666666666,post_filter,0.323957996442914,1.0,0.9838021001778543,26749.999960884452,0.29200600693002343
frozen,18,16,0.658305,0.6626666666666666,post_filter,0.5739580083172768,1.0,0.9713020995841362,21542.00046788901,0.2079978003166616
frozen,19,16,0.658305,0.6626666666666666,post_filter,0.4591670076479204,1.0,0.977041649617604,21457.999537233263,0.24999462766572833
frozen,20,16,0.658305,0.6626666666666666,post_filter,0.5432079997262917,1.0,0.9728396000136854,21500.003640539944,0.166997779160738
frozen,21,16,0.658305,0.6626666666666666,post_filter,0.5778339909738861,1.0,0.9711083004513057,20999.99983329326,0.2090018824674189
frozen,22,16,0.658305,0.6626666666666666,post_filter,0.42308300180593506,1.0,0.9788458499097032,21125.00078510493,0.20899460650980473
frozen,23,16,0.658305,0.6626666666666666,post_filter,0.4763750039273873,1.0,0.9761812498036306,20999.99983329326,0.166997779160738
frozen,24,16,0.658305,0.6626666666666666,post_filter,0.5053339991718531,1.0,0.9747333000414073,20999.99983329326,0.2079978003166616
frozen,25,16,0.658305,0.6626666666666666,post_filter,0.46033300168346614,1.0,0.9769833499158267,20999.99983329326,0.2090018824674189
frozen,26,16,0.658305,0.6626666666666666,post_filter,0.7011249981587753,1.0,0.9649437500920612,21040.999854449183,0.2500019036233425
frozen,27,16,0.658305,0.6626666666666666,post_filter,0.20862599922111258,1.0,0.9895687000389444,21125.00078510493,0.166997779160738
frozen,28,16,0.658305,0.6626666666666666,post_filter,0.636124997981824,1.0,0.9681937501009088,20999.99983329326,0.20899460650980473
frozen,29,16,0.658305,0.6626666666666666,post_filter,0.6039990039425902,1.0,0.9698000498028705,20999.99983329326,0.2090018824674189
frozen,30,16,0.658305,0.6626666666666666,post_filter,0.7034579975879751,1.0,0.9648271001206012,21082.99668179825,0.2090018824674189
frozen,31,16,0.658305,0.6626666666666666,post_filter,0.3880829972331412,1.0,0.9805958501383429,20915.99890263751,0.2079978003166616
frozen,32,16,0.658305,0.6626666666666666,post_filter,0.2027910086326301,0.0,0.0,20916.995708830655,0.2090018824674189
frozen,33,16,0.658305,0.6626666666666666,post_filter,0.5729580007027835,1.0,0.9713520999648608,20958.999812137336,0.20800507627427578
frozen,34,16,0.658305,0.6626666666666666,post_filter,0.4892919969279319,1.0,0.9755354001536034,20915.99890263751,0.20800507627427578
frozen,35,16,0.658305,0.6626666666666666,post_filter,0.3390840065549128,1.0,0.9830457996722544,20875.006157439202,0.2079978003166616
frozen,36,16,0.658305,0.6626666666666666,post_filter,0.5412910031736828,1.0,0.9729354498413159,20999.99983329326,0.20899460650980473
frozen,37,16,0.658305,0.6626666666666666,post_filter,0.5207499998505227,1.0,0.9739625000074739,33042.000723071396,0.2500019036233425
frozen,38,16,0.658305,0.6626666666666666,post_filter,0.6262919996515848,1.0,0.9686854000174208,22166.997950989753,0.2500019036233425
frozen,39,16,0.658305,0.6626666666666666,post_filter,0.5086250021122396,1.0,0.974568749894388,20833.00205413252,0.2090018824674189
frozen,40,16,0.658305,0.6626666666666666,post_filter,0.4517920024227351,1.0,0.9774103998788632,20958.999812137336,0.20899460650980473
frozen,41,16,0.658305,0.6626666666666666,post_filter,0.7747499985271133,1.0,0.9612625000736443,20832.994778174907,0.2079978003166616
frozen,42,16,0.658305,0.6626666666666666,post_filter,0.3473739998298697,1.0,0.9826313000085065,20833.998860325664,0.166997779160738
frozen,43,16,0.658305,0.6626666666666666,post_filter,0.7115830085240304,1.0,0.9644208495737985,20917.00298478827,0.24999462766572833
frozen,44,16,0.658305,0.6626666666666666,post_filter,0.40995800372911617,1.0,0.9795020998135442,20874.998881481588,0.2079978003166616
frozen,45,16,0.658305,0.6626666666666666,post_filter,0.5736660023103468,1.0,0.9713166998844827,20916.006178595126,0.16700505511835217
frozen,46,16,0.658305,0.6626666666666666,post_filter,0.34175000473624095,0.9,0.0,73333.00163736567,0.3749955794773996
frozen,47,16,0.658305,0.6626666666666666,post_filter,0.4466250029508956,1.0,0.9776687498524552,22582.993551623076,0.2079978003166616
frozen,48,16,0.658305,0.6626666666666666,post_filter,0.6529570018756203,1.0,0.967352149906219,116207.99341471866,0.2910019247792661
frozen,49,16,0.658305,0.6626666666666666,post_filter,0.5026670041843317,1.0,0.9748666497907834,28916.00161092356,0.4590037860907614
frozen,0,17,0.68122,0.6775,post_filter,0.580751002416946,1.0,0.9709624498791527,100040.99749494344,0.24999462766572833
frozen,1,17,0.68122,0.6775,post_filter,0.7143339971662499,1.0,0.9642833001416875,9458.002750761807,0.20899460650980473
frozen,2,17,0.68122,0.6775,post_filter,0.5101249989820644,1.0,0.9744937500508968,49208.996642846614,0.2500019036233425
frozen,3,17,0.68122,0.6775,post_filter,0.5574170063482597,1.0,0.972129149682587,7000.002369750291,0.16700505511835217
frozen,4,17,0.68122,0.6775,post_filter,0.5223749976721592,1.0,0.973881250116392,6542.002665810287,0.16700505511835217
frozen,5,17,0.68122,0.6775,post_filter,0.6990000038058497,1.0,0.9650499998097075,6333.000783342868,0.166997779160738
frozen,6,17,0.68122,0.6775,post_filter,0.56275100359926,1.0,0.971862449820037,6207.999831531197,0.166997779160738
frozen,7,17,0.68122,0.6775,post_filter,0.6152909991214983,1.0,0.9692354500439251,6124.995707068592,0.16600097296759486
frozen,8,17,0.68122,0.6775,post_filter,0.45054100337438285,1.0,0.9774729498312809,6125.0029830262065,0.20800507627427578
frozen,9,17,0.68122,0.6775,post_filter,0.679291995766107,1.0,0.9660354002116947,6125.0029830262065,0.20800507627427578
frozen,10,17,0.68122,0.6775,post_filter,0.627581997832749,1.0,0.9686209001083625,6166.999810375273,0.2090018824674189
frozen,11,17,0.68122,0.6775,post_filter,0.5038749950472265,1.0,0.9748062502476387,6084.002961870283,0.2079978003166616
frozen,12,17,0.68122,0.6775,post_filter,0.5979999987175688,1.0,0.9701000000641216,6124.995707068592,0.166997779160738
frozen,13,17,0.68122,0.6775,post_filter,0.6315830032690428,1.0,0.9684208498365479,6209.003913681954,0.2079978003166616
frozen,14,17,0.68122,0.6775,post_filter,0.6533750056405552,1.0,0.9673312497179722,6124.995707068592,0.2079978003166616
frozen,15,17,0.68122,0.6775,post_filter,0.5891249966225587,1.0,0.9705437501688721,6000.002031214535,0.16600097296759486
frozen,16,17,0.68122,0.6775,post_filter,0.39949900383362547,1.0,0.9800250498083187,5666.996003128588,0.166997779160738
frozen,17,17,0.68122,0.6775,post_filter,0.39454099896829575,1.0,0.9802729500515852,5582.995072472841,0.166997779160738
frozen,18,17,0.68122,0.6775,post_filter,0.6014170066919178,1.0,0.9699291496654041,5625.006451737136,0.166997779160738
frozen,19,17,0.68122,0.6775,post_filter,0.5103330040583387,1.0,0.9744833497970831,5250.003596302122,0.16700505511835217
frozen,20,17,0.68122,0.6775,post_filter,0.5652489999192767,1.0,0.9717375500040362,5209.003575146198,0.2079978003166616
frozen,21,17,0.68122,0.6775,post_filter,0.6355419973260723,1.0,0.9682229001336964,5166.999471839517,0.2079978003166616
frozen,22,17,0.68122,0.6775,post_filter,0.45266600500326604,1.0,0.9773666997498367,5249.996320344508,0.166997779160738
frozen,23,17,0.68122,0.6775,post_filter,0.47995800559874624,1.0,0.9760020997200627,5207.999492995441,0.166997779160738
frozen,24,17,0.68122,0.6775,post_filter,0.4852499987464398,1.0,0.975737500062678,5207.999492995441,0.20899460650980473
frozen,25,17,0.68122,0.6775,post_filter,0.44070800504414365,1.0,0.9779645997477928,5207.999492995441,0.166997779160738
frozen,26,17,0.68122,0.6775,post_filter,0.6637080005020835,1.0,0.9668145999748958,5209.003575146198,0.2079978003166616
frozen,27,17,0.68122,0.6775,post_filter,0.2207080033258535,1.0,0.9889645998337073,5207.999492995441,0.16700505511835217
frozen,28,17,0.68122,0.6775,post_filter,0.617584002611693,1.0,0.9691207998694154,5207.999492995441,0.166997779160738
frozen,29,17,0.68122,0.6775,post_filter,0.5453339981613681,1.0,0.9727333000919316,6166.999810375273,0.2079978003166616
frozen,30,17,0.68122,0.6775,post_filter,0.5973750012344681,1.0,0.9701312499382766,5292.000423651189,0.16700505511835217
frozen,31,17,0.68122,0.6775,post_filter,0.3786669985856861,1.0,0.9810666500707157,5250.003596302122,0.166997779160738
frozen,32,17,0.68122,0.6775,post_filter,0.18462400475982577,0.0,0.0,5207.999492995441,0.20800507627427578
frozen,33,17,0.68122,0.6775,post_filter,0.5934169967076741,1.0,0.9703291501646163,5208.996299188584,0.16600097296759486
frozen,34,17,0.68122,0.6775,post_filter,0.4367910005385056,1.0,0.9781604499730747,5209.003575146198,0.2500019036233425
frozen,35,17,0.68122,0.6775,post_filter,0.34095800219802186,1.0,0.9829520998900989,5875.001079402864,0.16700505511835217
frozen,36,17,0.68122,0.6775,post_filter,0.5457490042317659,1.0,0.9727125497884117,5290.996341500431,0.2079978003166616
frozen,37,17,0.68122,0.6775,post_filter,0.5246680011623539,1.0,0.9737665999418823,5207.999492995441,0.2090018824674189
frozen,38,17,0.68122,0.6775,post_filter,0.6357079982990399,1.0,0.968214600085048,5125.002644490451,0.16700505511835217
frozen,39,17,0.68122,0.6775,post_filter,0.5050840045441873,1.0,0.9747457997727906,5209.003575146198,0.2079978003166616
frozen,40,17,0.68122,0.6775,post_filter,0.41954100015573204,1.0,0.9790229499922134,5208.996299188584,0.16600097296759486
frozen,41,17,0.68122,0.6775,post_filter,0.7307079940801486,0.9,0.0,5207.999492995441,0.20800507627427578
frozen,42,17,0.68122,0.6775,post_filter,0.3983330025221221,1.0,0.9800833498738939,5292.000423651189,0.166997779160738
frozen,43,17,0.68122,0.6775,post_filter,0.7360829986282624,1.0,0.9631958500685869,5209.003575146198,0.16600097296759486
frozen,44,17,0.68122,0.6775,post_filter,0.4337499995017424,1.0,0.9783125000249129,5165.99538968876,0.2079978003166616
frozen,45,17,0.68122,0.6775,post_filter,0.6266250056796707,1.0,0.9686687497160165,5250.003596302122,0.16700505511835217
frozen,46,17,0.68122,0.6775,post_filter,0.33791700116125867,1.0,0.9831041499419371,5207.999492995441,0.166997779160738
frozen,47,17,0.68122,0.6775,post_filter,0.4727909981738776,1.0,0.9763604500913061,5166.999471839517,0.2090018824674189
frozen,48,17,0.68122,0.6775,post_filter,0.6457909985329024,1.0,0.9677104500733549,5165.99538968876,0.166997779160738
frozen,49,17,0.68122,0.6775,post_filter,0.5523330037249252,1.0,0.9723833498137537,27209.003746975213,0.2090018824674189
frozen,0,18,0.70283,0.6958333333333333,post_filter,0.5328749903128482,1.0,0.9733562504843576,12917.000276502222,0.2079978003166616
frozen,1,18,0.70283,0.6958333333333333,post_filter,10.21904200752033,1.0,0.48904789962398354,11000.003723893315,0.20800507627427578
frozen,2,18,0.70283,0.6958333333333333,post_filter,7.572167007310782,1.0,0.6213916496344609,11291.99517890811,0.166997779160738
frozen,3,18,0.70283,0.6958333333333333,post_filter,4.368623995105736,1.0,0.7815688002447132,10957.999620586634,0.166997779160738
frozen,4,18,0.70283,0.6958333333333333,post_filter,6.899541003804188,1.0,0.6550229498097906,10958.006896544248,0.16700505511835217
frozen,5,18,0.70283,0.6958333333333333,post_filter,10.78520900773583,1.0,0.4607395496132085,10875.002772081643,0.16600097296759486
frozen,6,18,0.70283,0.6958333333333333,post_filter,4.277249994629528,1.0,0.7861375002685236,10916.99959943071,0.16600097296759486
frozen,7,18,0.70283,0.6958333333333333,post_filter,4.712874011602253,1.0,0.7643562994198874,10875.002772081643,0.2090018824674189
frozen,8,18,0.70283,0.6958333333333333,post_filter,3.323208999063354,1.0,0.8338395500468323,10790.994565468282,0.16600097296759486
frozen,9,18,0.70283,0.6958333333333333,post_filter,4.06887500139419,1.0,0.7965562499302905,11584.001185838133,0.166997779160738
frozen,10,18,0.70283,0.6958333333333333,post_filter,3.311417007353157,1.0,0.8344291496323422,10958.996426779777,0.16600097296759486
frozen,11,18,0.70283,0.6958333333333333,post_filter,1.714000005449634,1.0,0.9142999997275183,10875.002772081643,0.16700505511835217
frozen,12,18,0.70283,0.6958333333333333,post_filter,2.967874999740161,1.0,0.851606250012992,10916.99959943071,0.2090018824674189
frozen,13,18,0.70283,0.6958333333333333,post_filter,2.712832996621728,1.0,0.8643583501689136,11000.003723893315,0.166997779160738
frozen,14,18,0.70283,0.6958333333333333,post_filter,1.6984580070129596,1.0,0.915077099649352,10915.995517279953,0.16600097296759486
frozen,15,18,0.70283,0.6958333333333333,post_filter,3.664542004116811,1.0,0.8167728997941595,10999.9964479357,0.166997779160738
frozen,16,18,0.70283,0.6958333333333333,post_filter,2.160791991627775,1.0,0.8919604004186112,10957.999620586634,0.2090018824674189
frozen,17,18,0.70283,0.6958333333333333,post_filter,0.9390410050400533,1.0,0.9530479497479973,10833.005944732577,0.16700505511835217
frozen,18,18,0.70283,0.6958333333333333,post_filter,3.9302500008489005,1.0,0.803487499957555,10791.998647619039,0.2079978003166616
frozen,19,18,0.70283,0.6958333333333333,post_filter,2.8132509978604503,1.0,0.8593374501069775,10832.998668774962,0.16700505511835217
frozen,20,18,0.70283,0.6958333333333333,post_filter,1.7269170057261363,1.0,0.9136541497136932,10957.999620586634,0.166997779160738
frozen,21,18,0.70283,0.6958333333333333,post_filter,2.2506660025101155,1.0,0.8874666998744942,10875.002772081643,0.16600097296759486
frozen,22,18,0.70283,0.6958333333333333,post_filter,1.979249995201826,1.0,0.9010375002399087,10833.995474968106,0.16600097296759486
frozen,23,18,0.70283,0.6958333333333333,post_filter,0.9806249945540912,1.0,0.9509687502722954,10832.998668774962,0.166997779160738
frozen,24,18,0.70283,0.6958333333333333,post_filter,2.300332998856902,1.0,0.8849833500571549,10833.005944732577,0.16600097296759486
frozen,25,18,0.70283,0.6958333333333333,post_filter,2.3389169946312904,1.0,0.8830541502684355,10832.998668774962,0.166997779160738
frozen,26,18,0.70283,0.6958333333333333,post_filter,1.6300839997711591,1.0,0.918495800011442,10832.998668774962,0.166997779160738
frozen,27,18,0.70283,0.6958333333333333,post_filter,0.863583009049762,1.0,0.9568208495475119,10875.002772081643,0.166997779160738
frozen,28,18,0.70283,0.6958333333333333,post_filter,1.2787500018021092,1.0,0.9360624999098945,10832.998668774962,0.2079978003166616
frozen,29,18,0.70283,0.6958333333333333,post_filter,1.2190829947940074,1.0,0.9390458502602996,10792.005923576653,0.20800507627427578
frozen,30,18,0.70283,0.6958333333333333,post_filter,2.2441669934778474,1.0,0.8877916503261076,10791.001841425896,0.2079978003166616
frozen,31,18,0.70283,0.6958333333333333,post_filter,1.8728750001173466,1.0,0.9063562499941327,10834.00275092572,0.16599369700998068
frozen,32,18,0.70283,0.6958333333333333,post_filter,0.7074169989209622,0.0,0.0,10875.002772081643,0.16700505511835217
frozen,33,18,0.70283,0.6958333333333333,post_filter,1.4667080031358637,1.0,0.9266645998432068,10875.002772081643,0.166997779160738
frozen,34,18,0.70283,0.6958333333333333,post_filter,2.0540839977911673,0.9,0.0,10875.002772081643,0.166997779160738
frozen,35,18,0.70283,0.6958333333333333,post_filter,0.537708998308517,1.0,0.9731145500845741,10832.998668774962,0.20800507627427578
frozen,36,18,0.70283,0.6958333333333333,post_filter,1.0904999944614246,1.0,0.9454750002769288,10834.00275092572,0.20800507627427578
frozen,37,18,0.70283,0.6958333333333333,post_filter,1.235750001796987,1.0,0.9382124999101507,10875.002772081643,0.2090018824674189
frozen,38,18,0.70283,0.6958333333333333,post_filter,1.2492499954532832,1.0,0.9375375002273358,10874.99549612403,0.166997779160738
frozen,39,18,0.70283,0.6958333333333333,post_filter,1.414042999385856,1.0,0.9292978500307072,10832.998668774962,0.20899460650980473
frozen,40,18,0.70283,0.6958333333333333,post_filter,1.1398749920772389,1.0,0.9430062503961381,10833.005944732577,0.16700505511835217
frozen,41,18,0.70283,0.6958333333333333,post_filter,1.2135830038459972,0.9,0.0,10916.99959943071,0.2090018824674189
frozen,42,18,0.70283,0.6958333333333333,post_filter,1.330125000094995,1.0,0.9334937499952503,11500.000255182385,0.2090018824674189
frozen,43,18,0.70283,0.6958333333333333,post_filter,1.260500997886993,0.9,0.0,10957.999620586634,0.2079978003166616
frozen,44,18,0.70283,0.6958333333333333,post_filter,0.8108740003081039,1.0,0.9594562999845948,11458.003427833319,0.166997779160738
frozen,45,18,0.70283,0.6958333333333333,post_filter,0.8912919947761111,1.0,0.9554354002611944,10874.99549612403,0.2079978003166616
frozen,46,18,0.70283,0.6958333333333333,post_filter,1.0642080087563954,1.0,0.9467895995621802,10874.99549612403,0.166997779160738
frozen,47,18,0.70283,0.6958333333333333,post_filter,1.1010840025846846,1.0,0.9449457998707658,10874.99549612403,0.20800507627427578
frozen,48,18,0.70283,0.6958333333333333,post_filter,1.2359989996184595,1.0,0.938200050019077,10875.002772081643,0.16700505511835217
frozen,49,18,0.70283,0.6958333333333333,post_filter,0.8870829988154583,1.0,0.9556458500592271,32541.99691582471,0.20899460650980473
frozen,0,19,0.728715,0.7221666666666666,post_filter,0.6620829954044893,1.0,0.9668958502297755,16250.000044237822,0.2079978003166616
frozen,1,19,0.728715,0.7221666666666666,post_filter,0.7247920002555475,1.0,0.9637603999872226,13292.003131937236,0.2079978003166616
frozen,2,19,0.728715,0.7221666666666666,post_filter,0.6744589991285466,1.0,0.9662770500435727,12542.004697024822,0.2079978003166616
frozen,3,19,0.728715,0.7221666666666666,post_filter,0.6115829964983277,1.0,0.9694208501750836,12374.99964190647,0.16600097296759486
frozen,4,19,0.728715,0.7221666666666666,post_filter,0.6337919985526241,1.0,0.9683104000723688,12249.998690094799,0.2079978003166616
frozen,5,19,0.728715,0.7221666666666666,post_filter,0.6760830001439899,1.0,0.9661958499928005,12166.994565632194,0.166997779160738
frozen,6,19,0.728715,0.7221666666666666,post_filter,0.5842910031788051,1.0,0.9707854498410597,12249.998690094799,0.2079978003166616
frozen,7,19,0.728715,0.7221666666666666,post_filter,0.639749996480532,1.0,0.9680125001759734,12167.001841589808,0.166997779160738
frozen,8,19,0.728715,0.7221666666666666,post_filter,0.4752910099341534,1.0,0.9762354495032923,12124.997738283128,0.166997779160738
frozen,9,19,0.728715,0.7221666666666666,post_filter,0.718833995051682,1.0,0.9640583002474159,12207.994586788118,0.166997779160738
frozen,10,19,0.728715,0.7221666666666666,post_filter,0.686000996211078,1.0,0.9656999501894461,12291.995517443866,0.166997779160738
frozen,11,19,0.728715,0.7221666666666666,post_filter,0.577832994167693,1.0,0.9711083502916154,12166.005035396665,0.16700505511835217
frozen,12,19,0.728715,0.7221666666666666,post_filter,0.6156669987831265,1.0,0.9692166500608437,12208.998668938875,0.166997779160738
frozen,13,19,0.728715,0.7221666666666666,post_filter,0.6507090001832694,1.0,0.9674645499908365,12166.005035396665,0.16700505511835217
frozen,14,19,0.728715,0.7221666666666666,post_filter,0.5442910041892901,1.0,0.9727854497905355,12292.00279340148,0.16600097296759486
frozen,15,19,0.728715,0.7221666666666666,post_filter,0.5300420016283169,1.0,0.9734978999185842,12249.998690094799,0.166997779160738
frozen,16,19,0.728715,0.7221666666666666,post_filter,0.3851670044241473,1.0,0.9807416497787926,12208.001862745732,0.16700505511835217
frozen,17,19,0.728715,0.7221666666666666,post_filter,0.36283199733588845,1.0,0.9818584001332056,12249.998690094799,0.166997779160738
frozen,18,19,0.728715,0.7221666666666666,post_filter,0.6200829957379028,1.0,0.9689958502131049,12249.998690094799,0.16600097296759486
frozen,19,19,0.728715,0.7221666666666666,post_filter,0.5128749980940484,1.0,0.9743562500952976,12166.994565632194,0.166997779160738
frozen,20,19,0.728715,0.7221666666666666,post_filter,0.6462500023189932,1.0,0.9676874998840503,12290.998711250722,0.2079978003166616
frozen,21,19,0.728715,0.7221666666666666,post_filter,0.6618330007768236,1.0,0.9669083499611588,12332.99553859979,0.166997779160738
frozen,22,19,0.728715,0.7221666666666666,post_filter,0.5082920033601113,1.0,0.9745853998319944,12249.998690094799,0.16600097296759486
frozen,23,19,0.728715,0.7221666666666666,post_filter,0.5077070018160157,1.0,0.9746146499091992,12124.997738283128,0.2079978003166616
frozen,24,19,0.728715,0.7221666666666666,post_filter,0.5680829926859587,1.0,0.9715958503657021,12207.994586788118,0.16600097296759486
frozen,25,19,0.728715,0.7221666666666666,post_filter,0.5779569983133115,1.0,0.9711021500843344,12249.998690094799,0.16600097296759486
frozen,26,19,0.728715,0.7221666666666666,post_filter,0.7235409939312376,1.0,0.9638229503034381,12208.001862745732,0.166997779160738
frozen,27,19,0.728715,0.7221666666666666,post_filter,0.25720800476847216,1.0,0.9871395997615764,12165.997759439051,0.16600097296759486
frozen,28,19,0.728715,0.7221666666666666,post_filter,0.7095839973771945,1.0,0.9645208001311403,12166.005035396665,0.20800507627427578
frozen,29,19,0.728715,0.7221666666666666,post_filter,0.6127090018708259,1.0,0.9693645499064587,12208.001862745732,0.16600097296759486
frozen,30,19,0.728715,0.7221666666666666,post_filter,0.728290993720293,1.0,0.9635854503139853,12208.998668938875,0.16599369700998068
frozen,31,19,0.728715,0.7221666666666666,post_filter,0.4749160070787184,1.0,0.9762541996460641,12249.998690094799,0.16600097296759486
frozen,32,19,0.728715,0.7221666666666666,post_filter,0.19816699932562187,0.0,0.0,12290.998711250722,0.16600097296759486
frozen,33,19,0.728715,0.7221666666666666,post_filter,0.6245000040507875,1.0,0.9687749997974606,12167.001841589808,0.2079978003166616
frozen,34,19,0.728715,0.7221666666666666,post_filter,0.5989159981254488,1.0,0.9700542000937276,12208.998668938875,0.20800507627427578
frozen,35,19,0.728715,0.7221666666666666,post_filter,0.38299999869195744,1.0,0.9808500000654021,12208.998668938875,0.2079978003166616
frozen,36,19,0.728715,0.7221666666666666,post_filter,0.5355009925551713,1.0,0.9732249503722414,12290.998711250722,0.16600097296759486
frozen,37,19,0.728715,0.7221666666666666,post_filter,0.5785009925602935,1.0,0.9710749503719853,12250.005966052413,0.2079978003166616
frozen,38,19,0.728715,0.7221666666666666,post_filter,0.6322920089587569,1.0,0.9683853995520622,12209.00594489649,0.2079978003166616
frozen,39,19,0.728715,0.7221666666666666,post_filter,0.6564169962075539,1.0,0.9671791501896223,12292.00279340148,0.166997779160738
frozen,40,19,0.728715,0.7221666666666666,post_filter,0.5054169960203581,1.0,0.9747291501989821,12249.998690094799,0.166997779160738
frozen,41,19,0.728715,0.7221666666666666,post_filter,0.8733339927857742,0.9,0.0,12249.998690094799,0.166997779160738
frozen,42,19,0.728715,0.7221666666666666,post_filter,0.386291001632344,1.0,0.9806854499183828,12208.998668938875,0.16700505511835217
frozen,43,19,0.728715,0.7221666666666666,post_filter,0.7607089937664568,1.0,0.9619645503116772,12124.997738283128,0.166997779160738
frozen,44,19,0.728715,0.7221666666666666,post_filter,0.43187499250052497,1.0,0.9784062503749738,12167.001841589808,0.166997779160738
frozen,45,19,0.728715,0.7221666666666666,post_filter,0.6648750058957376,1.0,0.9667562497052131,12167.001841589808,0.2079978003166616
frozen,46,19,0.728715,0.7221666666666666,post_filter,0.35554200439946726,1.0,0.9822228997800266,12167.001841589808,0.166997779160738
frozen,47,19,0.728715,0.7221666666666666,post_filter,0.45074999798089266,1.0,0.9774625001009554,12208.001862745732,0.16700505511835217
frozen,48,19,0.728715,0.7221666666666666,post_filter,0.6529579914058559,1.0,0.9673521004297072,12290.998711250722,0.2079978003166616
frozen,49,19,0.728715,0.7221666666666666,post_filter,0.5400419977377169,1.0,0.9729979001131142,12083.00091093406,0.2090018824674189
frozen,0,20,0.750325,0.7405,post_filter,0.5443339978228323,1.0,0.9727833001088584,15416.000678669661,0.2079978003166616
frozen,1,20,0.750325,0.7405,post_filter,0.7049999985611066,1.0,0.9647500000719447,13333.00315309316,0.166997779160738
frozen,2,20,0.750325,0.7405,post_filter,0.5667489967891015,1.0,0.9716625501605449,12999.997125007212,0.2079978003166616
frozen,3,20,0.750325,0.7405,post_filter,0.5894999994779937,1.0,0.9705250000261003,12709.00247618556,0.20800507627427578
frozen,4,20,0.750325,0.7405,post_filter,0.5234999989625067,1.0,0.9738250000518747,12708.005669992417,0.20800507627427578
frozen,5,20,0.750325,0.7405,post_filter,0.6590830016648397,1.0,0.967045849916758,12582.997442223132,0.2079978003166616
frozen,6,20,0.750325,0.7405,post_filter,0.7354580011451617,1.0,0.9632270999427419,12582.997442223132,0.166997779160738
frozen,7,20,0.750325,0.7405,post_filter,0.774833002651576,1.0,0.9612583498674212,12625.001545529813,0.20800507627427578
frozen,8,20,0.750325,0.7405,post_filter,0.5474999998114072,1.0,0.9726250000094296,12541.000614874065,0.16600097296759486
frozen,9,20,0.750325,0.7405,post_filter,0.8317510000779293,1.0,0.9584124499961035,12541.997421067208,0.20800507627427578
frozen,10,20,0.750325,0.7405,post_filter,0.7795409983373247,1.0,0.9610229500831338,12582.997442223132,0.2079978003166616
frozen,11,20,0.750325,0.7405,post_filter,0.6353760036290623,1.0,0.9682311998185469,12666.001566685736,0.20800507627427578
frozen,12,20,0.750325,0.7405,post_filter,0.8759580014157109,1.0,0.9562020999292145,12500.000593718141,0.166997779160738
frozen,13,20,0.750325,0.7405,post_filter,0.9450419966015033,1.0,0.9527479001699248,12459.000572562218,0.2079978003166616
frozen,14,20,0.750325,0.7405,post_filter,0.6192509972606786,1.0,0.9690374501369661,12541.997421067208,0.16600097296759486
frozen,15,20,0.750325,0.7405,post_filter,0.6607499963138252,1.0,0.9669625001843087,12582.997442223132,0.166997779160738
frozen,16,20,0.750325,0.7405,post_filter,0.400249999074731,1.0,0.9799875000462634,12542.004697024822,0.16600097296759486
frozen,17,20,0.750325,0.7405,post_filter,0.35491600283421576,1.0,0.9822541998582892,12500.000593718141,0.166997779160738
frozen,18,20,0.750325,0.7405,post_filter,0.7072919979691505,1.0,0.9646354001015425,12582.997442223132,0.16700505511835217
frozen,19,20,0.750325,0.7405,post_filter,0.5950420018052682,1.0,0.9702478999097366,12583.004718180746,0.166997779160738
frozen,20,20,0.750325,0.7405,post_filter,0.6509170052595437,1.0,0.9674541497370228,12500.000593718141,0.2079978003166616
frozen,21,20,0.750325,0.7405,post_filter,0.8285840012831613,1.0,0.9585707999358419,12541.997421067208,0.2079978003166616
frozen,22,20,0.750325,0.7405,post_filter,0.5353329979698174,1.0,0.9732333501015091,12582.997442223132,0.166997779160738
frozen,23,20,0.750325,0.7405,post_filter,0.6120830003055744,1.0,0.9693958499847213,12541.000614874065,0.2079978003166616
frozen,24,20,0.750325,0.7405,post_filter,0.5841680031153373,1.0,0.9707915998442331,12541.000614874065,0.2079978003166616
frozen,25,20,0.750325,0.7405,post_filter,0.5394999971031211,1.0,0.9730250001448439,12584.001524373889,0.16600097296759486
frozen,26,20,0.750325,0.7405,post_filter,0.8282080016215332,1.0,0.9585895999189233,12584.001524373889,0.20800507627427578
frozen,27,20,0.750325,0.7405,post_filter,0.2724169971770607,1.0,0.986379150141147,12665.994290728122,0.166997779160738
frozen,28,20,0.750325,0.7405,post_filter,0.7787090071360581,1.0,0.9610645496431971,12542.004697024822,0.2090018824674189
frozen,29,20,0.750325,0.7405,post_filter,0.8104159933282062,1.0,0.9594792003335897,12541.997421067208,0.20800507627427578
frozen,30,20,0.750325,0.7405,post_filter,0.7659589900868014,1.0,0.9617020504956599,12667.005648836493,0.2079978003166616
frozen,31,20,0.750325,0.7405,post_filter,0.40020800224738196,1.0,0.9799895998876309,12666.99837287888,0.2090018824674189
frozen,32,20,0.750325,0.7405,post_filter,0.2970409914269112,0.0,0.0,12707.998394034803,0.166997779160738
frozen,33,20,0.750325,0.7405,post_filter,0.8282919952762313,1.0,0.9585854002361884,12582.997442223132,0.16599369700998068
frozen,34,20,0.750325,0.7405,post_filter,0.43908300722250715,1.0,0.9780458496388746,16707.999748177826,0.2500019036233425
frozen,35,20,0.750325,0.7405,post_filter,0.33137600257759914,1.0,0.98343119987112,12709.00247618556,0.16700505511835217
frozen,36,20,0.750325,0.7405,post_filter,0.6715839917887934,1.0,0.9664208004105603,12582.997442223132,0.2079978003166616
frozen,37,20,0.750325,0.7405,post_filter,0.570042000617832,1.0,0.9714978999691084,12499.993317760527,0.166997779160738
frozen,38,20,0.750325,0.7405,post_filter,0.6532500046887435,1.0,0.9673374997655628,12582.997442223132,0.2079978003166616
frozen,39,20,0.750325,0.7405,post_filter,0.5161259978194721,1.0,0.9741937001090264,12458.003766369075,0.2079978003166616
frozen,40,20,0.750325,0.7405,post_filter,0.4367080036900006,1.0,0.9781645998155,12500.000593718141,0.20800507627427578
frozen,41,20,0.750325,0.7405,post_filter,0.7257500037667342,0.9,0.0,12625.001545529813,0.2079978003166616
frozen,42,20,0.750325,0.7405,post_filter,0.35791700065601617,1.0,0.9821041499671992,12500.000593718141,0.2090018824674189
frozen,43,20,0.750325,0.7405,post_filter,0.7345419944613241,1.0,0.9632729002769338,12459.000572562218,0.16600097296759486
frozen,44,20,0.750325,0.7405,post_filter,0.560500004212372,1.0,0.9719749997893814,3832791.9974108227,1.1250012903474271
frozen,45,20,0.750325,0.7405,post_filter,0.7589589949930087,1.0,0.9620520502503496,26666.995836421847,0.29199873097240925
frozen,46,20,0.750325,0.7405,post_filter,0.3869579959427938,1.0,0.9806521002028603,13791.999663226306,0.2500019036233425
frozen,47,20,0.750325,0.7405,post_filter,0.483292002172675,1.0,0.9758353998913663,12958.997103851289,0.2079978003166616
frozen,48,20,0.750325,0.7405,post_filter,0.8470829925499856,1.0,0.9576458503725007,12791.99932469055,0.16600097296759486
frozen,49,20,0.750325,0.7405,post_filter,0.7321669982047752,1.0,0.9633916500897612,12750.002497341484,0.166997779160738
frozen,0,21,0.773455,0.7686666666666667,post_filter,2.0259170050849207,1.0,0.898704149745754,17584.00321705267,0.20800507627427578
frozen,1,21,0.773455,0.7686666666666667,post_filter,9.794999990845099,1.0,0.510250000457745,15291.996533051133,0.2079978003166616
frozen,2,21,0.773455,0.7686666666666667,post_filter,22.647290999884717,1.0,0.0,13874.996511731297,0.166997779160738
frozen,3,21,0.773455,0.7686666666666667,post_filter,5.2833329973509535,1.0,0.7358333501324523,13625.001884065568,0.166997779160738
frozen,4,21,0.773455,0.7686666666666667,post_filter,5.6218750032712705,1.0,0.7189062498364365,13333.00315309316,0.2090018824674189
frozen,5,21,0.773455,0.7686666666666667,post_filter,7.507334004912991,1.0,0.6246332997543504,13291.995855979621,0.16600097296759486
frozen,6,21,0.773455,0.7686666666666667,post_filter,13.026083004660904,1.0,0.3486958497669548,13249.999028630555,0.2090018824674189
frozen,7,21,0.773455,0.7686666666666667,post_filter,4.489375001867302,1.0,0.7755312499066349,13290.999049786478,0.166997779160738
frozen,8,21,0.773455,0.7686666666666667,post_filter,3.354832995682955,1.0,0.8322583502158523,13292.003131937236,0.2079978003166616
frozen,9,21,0.773455,0.7686666666666667,post_filter,3.9861249970272183,1.0,0.8006937501486391,13290.999049786478,0.166997779160738
frozen,10,21,0.773455,0.7686666666666667,post_filter,3.2812079953146167,1.0,0.8359396002342692,13249.999028630555,0.166997779160738
frozen,11,21,0.773455,0.7686666666666667,post_filter,3.7756250021629967,1.0,0.8112187498918502,13249.999028630555,0.16700505511835217
frozen,12,21,0.773455,0.7686666666666667,post_filter,15.19600000756327,1.0,0.24019999962183647,13291.995855979621,0.2079978003166616
frozen,13,21,0.773455,0.7686666666666667,post_filter,7.142249996832106,1.0,0.6428875001583947,13291.995855979621,0.16600097296759486
frozen,14,21,0.773455,0.7686666666666667,post_filter,1.709249998384621,1.0,0.914537500080769,13249.999028630555,0.16700505511835217
frozen,15,21,0.773455,0.7686666666666667,post_filter,3.2780409965198487,1.0,0.8360979501740076,13249.999028630555,0.16600097296759486
frozen,16,21,0.773455,0.7686666666666667,post_filter,2.551375000621192,1.0,0.8724312499689404,13207.994925323874,0.166997779160738
frozen,17,21,0.773455,0.7686666666666667,post_filter,1.362958995741792,1.0,0.9318520502129104,13167.002180125564,0.166997779160738
frozen,18,21,0.773455,0.7686666666666667,post_filter,3.5687089985003695,1.0,0.8215645500749815,13292.003131937236,0.2090018824674189
frozen,19,21,0.773455,0.7686666666666667,post_filter,2.7143749975948595,1.0,0.864281250120257,14791.00319556892,0.29199873097240925
frozen,20,21,0.773455,0.7686666666666667,post_filter,1.6790839945315383,1.0,0.9160458002734231,13333.00315309316,0.2090018824674189
frozen,21,21,0.773455,0.7686666666666667,post_filter,2.259375003632158,1.0,0.8870312498183921,13374.999980442226,0.2079978003166616
frozen,22,21,0.773455,0.7686666666666667,post_filter,1.9501659990055487,1.0,0.9024917000497226,13249.999028630555,0.16700505511835217
frozen,23,21,0.773455,0.7686666666666667,post_filter,1.0521669973968528,1.0,0.9473916501301574,13958.000636193901,0.2079978003166616
frozen,24,21,0.773455,0.7686666666666667,post_filter,2.1422920035547577,1.0,0.8928853998222621,812459.0021907352,1.0000003385357559
frozen,25,21,0.773455,0.7686666666666667,post_filter,2.249665994895622,1.0,0.8875167002552189,23833.00306973979,0.2090018824674189
frozen,26,21,0.773455,0.7686666666666667,post_filter,1.75412400130881,1.0,0.9122937999345595,14875.004126224667,0.16700505511835217
frozen,27,21,0.773455,0.7686666666666667,post_filter,1.1668330043903552,1.0,0.9416583497804822,14083.001588005573,0.166997779160738
frozen,28,21,0.773455,0.7686666666666667,post_filter,1.4574580054613762,1.0,0.9271270997269312,19375.00201165676,0.4169996827840805
frozen,29,21,0.773455,0.7686666666666667,post_filter,1.2202500074636191,1.0,0.938987499626819,10874.99549612403,0.041996827349066734
frozen,30,21,0.773455,0.7686666666666667,post_filter,2.2904589932295494,1.0,0.8854770503385225,10292.002116329968,0.08299684850499034
frozen,31,21,0.773455,0.7686666666666667,post_filter,1.672416998189874,1.0,0.9163791500905063,10209.005267824978,0.041996827349066734
frozen,32,21,0.773455,0.7686666666666667,post_filter,0.6796660018153489,0.0,0.0,10333.998943679035,0.08300412446260452
frozen,33,21,0.773455,0.7686666666666667,post_filter,2.3795000015525147,1.0,0.8810249999223743,10333.002137485892,0.08299684850499034
frozen,34,21,0.773455,0.7686666666666667,post_filter,1.8026249963440932,1.0,0.9098687501827953,10207.993909716606,0.08300412446260452
frozen,35,21,0.773455,0.7686666666666667,post_filter,0.5761249994975515,1.0,0.9711937500251224,10290.99803417921,0.16600097296759486
frozen,36,21,0.773455,0.7686666666666667,post_filter,1.403832997311838,1.0,0.9298083501344081,10249.998013023287,0.08399365469813347
frozen,37,21,0.773455,0.7686666666666667,post_filter,1.5731250023236498,1.0,0.9213437498838175,10417.00306814164,0.08300412446260452
frozen,38,21,0.773455,0.7686666666666667,post_filter,1.3899999976274557,1.0,0.9305000001186272,10249.998013023287,0.08400093065574765
frozen,39,21,0.773455,0.7686666666666667,post_filter,1.4587499972549267,1.0,0.9270625001372537,10333.002137485892,0.08299684850499034
frozen,40,21,0.773455,0.7686666666666667,post_filter,1.1382079974282533,1.0,0.9430896001285873,10249.998013023287,0.08299684850499034
frozen,41,21,0.773455,0.7686666666666667,post_filter,1.356959000986535,0.9,0.0,10292.002116329968,0.08400093065574765
frozen,42,21,0.773455,0.7686666666666667,post_filter,1.3109159990563057,1.0,0.9344542000471847,10333.002137485892,0.08299684850499034
frozen,43,21,0.773455,0.7686666666666667,post_filter,1.42891699942993,1.0,0.9285541500285035,10208.00118567422,0.08400093065574765
frozen,44,21,0.773455,0.7686666666666667,post_filter,0.8053340061451308,1.0,0.9597332996927435,10291.994840372354,0.08400093065574765
frozen,45,21,0.773455,0.7686666666666667,post_filter,0.9068329964065924,1.0,0.9546583501796704,10374.998964834958,0.08299684850499034
frozen,46,21,0.773455,0.7686666666666667,post_filter,0.9717919965623878,1.0,0.9514104001718806,10333.002137485892,0.08299684850499034
frozen,47,21,0.773455,0.7686666666666667,post_filter,1.0520830037421547,1.0,0.9473958498128923,10208.997991867363,0.08299684850499034
frozen,48,21,0.773455,0.7686666666666667,post_filter,1.221874998009298,1.0,0.9389062500995351,10332.994861528277,0.08300412446260452
frozen,49,21,0.773455,0.7686666666666667,post_filter,0.9039579963427968,1.0,0.9548021001828602,10292.002116329968,0.041996827349066734
frozen,0,22,0.789645,0.7913333333333333,post_filter,0.7598329975735396,1.0,0.962008350121323,13749.995559919626,0.08300412446260452
frozen,1,22,0.789645,0.7913333333333333,post_filter,0.6935420024092309,1.0,0.9653228998795385,10124.997061211616,0.08400093065574765
frozen,2,22,0.789645,0.7913333333333333,post_filter,0.5897510054637678,1.0,0.9705124497268116,10124.997061211616,0.08299684850499034
frozen,3,22,0.789645,0.7913333333333333,post_filter,0.5888759988010861,1.0,0.9705562000599457,10000.003385357559,0.08299684850499034
frozen,4,22,0.789645,0.7913333333333333,post_filter,1.2200419951113872,1.0,0.9389979002444306,10042.000212706625,0.041000021155923605
frozen,5,22,0.789645,0.7913333333333333,post_filter,0.8700409962330014,1.0,0.9564979501883499,35291.99602780864,0.29199873097240925
frozen,6,22,0.789645,0.7913333333333333,post_filter,0.766334000218194,1.0,0.9616832999890903,13416.00000159815,0.12500095181167126
frozen,7,22,0.789645,0.7913333333333333,post_filter,0.9551249968353659,1.0,0.9522437501582317,10290.99803417921,0.08400093065574765
frozen,8,22,0.789645,0.7913333333333333,post_filter,0.6123759958427399,1.0,0.969381200207863,10042.000212706625,0.08400093065574765
frozen,9,22,0.789645,0.7913333333333333,post_filter,0.8847499993862584,1.0,0.9557625000306871,10292.002116329968,0.08400093065574765
frozen,10,22,0.789645,0.7913333333333333,post_filter,0.8901249966584146,1.0,0.9554937501670793,10083.997040055692,0.12500095181167126
frozen,11,22,0.789645,0.7913333333333333,post_filter,0.6473339963122271,1.0,0.9676333001843886,10042.000212706625,0.08299684850499034
frozen,12,22,0.789645,0.7913333333333333,post_filter,0.7321670054807328,1.0,0.9633916497259634,10165.99708236754,0.08299684850499034
frozen,13,22,0.789645,0.7913333333333333,post_filter,0.7558750003227033,1.0,0.9622062499838648,24458.997359033674,0.08400093065574765
frozen,14,22,0.789645,0.7913333333333333,post_filter,0.6869170028949156,1.0,0.9656541498552542,10667.004971764982,0.08400093065574765
frozen,15,22,0.789645,0.7913333333333333,post_filter,0.6529159945785068,1.0,0.9673542002710747,9916.002454701811,0.041000021155923605
frozen,16,22,0.789645,0.7913333333333333,post_filter,0.4581240063998848,1.0,0.9770937996800058,10041.003406513482,0.041000021155923605
frozen,17,22,0.789645,0.7913333333333333,post_filter,0.4072909941896796,1.0,0.979635450290516,10124.997061211616,0.12500095181167126
frozen,18,22,0.789645,0.7913333333333333,post_filter,0.8357919941772707,1.0,0.9582104002911365,133792.00390772894,0.4579997039400041
frozen,19,22,0.789645,0.7913333333333333,post_filter,0.5800830040243454,1.0,0.9709958497987827,39042.00275428593,0.2079978003166616
frozen,20,22,0.789645,0.7913333333333333,post_filter,0.6651250077993609,1.0,0.966743749610032,10957.999620586634,0.12500095181167126
frozen,21,22,0.789645,0.7913333333333333,post_filter,0.6609579941141419,1.0,0.9669521002942929,10124.997061211616,0.041000021155923605
frozen,22,22,0.789645,0.7913333333333333,post_filter,0.5010419990867376,1.0,0.9749479000456631,29375.00539701432,0.5830006557516754
frozen,23,22,0.789645,0.7913333333333333,post_filter,0.5527510074898601,1.0,0.972362449625507,15874.997188802809,0.24999462766572833
frozen,24,22,0.789645,0.7913333333333333,post_filter,0.6239169961190782,1.0,0.9688041501940461,13416.996807791293,0.16600097296759486
frozen,25,22,0.789645,0.7913333333333333,post_filter,0.7002910060691647,1.0,0.9649854496965418,13000.004400964826,0.16600097296759486
frozen,26,22,0.789645,0.7913333333333333,post_filter,0.9469590004300699,1.0,0.9526520499784965,13750.00283587724,0.16600097296759486
frozen,27,22,0.789645,0.7913333333333333,post_filter,0.3096250075032003,1.0,0.98451874962484,12999.997125007212,0.2090018824674189
frozen,28,22,0.789645,0.7913333333333333,post_filter,0.8657499929540791,1.0,0.956712500352296,13041.993952356279,8.625000191386789
frozen,29,22,0.789645,0.7913333333333333,post_filter,0.8021239991649054,1.0,0.9598938000417547,14292.003470472991,0.16700505511835217
frozen,30,22,0.789645,0.7913333333333333,post_filter,0.8493329951306805,1.0,0.957533350243466,10374.998964834958,0.12500095181167126
frozen,31,22,0.789645,0.7913333333333333,post_filter,0.5117499968037009,1.0,0.974412500159815,9916.999260894954,0.12500095181167126
frozen,32,22,0.789645,0.7913333333333333,post_filter,0.2347920017200522,0.0,0.0,10042.000212706625,0.08299684850499034
frozen,33,22,0.789645,0.7913333333333333,post_filter,0.687625004502479,1.0,0.965618749774876,10083.000233862549,0.08299684850499034
frozen,34,22,0.789645,0.7913333333333333,post_filter,0.562332003028132,0.8,0.0,9957.999282050878,0.08400093065574765
frozen,35,22,0.789645,0.7913333333333333,post_filter,0.36141599412076175,1.0,0.9819292002939619,9832.998330239207,0.12500095181167126
frozen,36,22,0.789645,0.7913333333333333,post_filter,0.5918739989283495,1.0,0.9704063000535825,10000.003385357559,0.041996827349066734
frozen,37,22,0.789645,0.7913333333333333,post_filter,0.5931249979767017,1.0,0.9703437501011649,9958.006558008492,0.12500095181167126
frozen,38,22,0.789645,0.7913333333333333,post_filter,0.6644999957643449,1.0,0.9667750002117828,10083.000233862549,0.08300412446260452
frozen,39,22,0.789645,0.7913333333333333,post_filter,0.6142910060589202,1.0,0.969285449697054,9957.999282050878,0.08400093065574765
frozen,40,22,0.789645,0.7913333333333333,post_filter,0.46854299580445513,1.0,0.9765728502097772,10042.000212706625,0.08299684850499034
frozen,41,22,0.789645,0.7913333333333333,post_filter,0.8887079966370948,0.9,0.0,10083.000233862549,0.12500095181167126
frozen,42,22,0.789645,0.7913333333333333,post_filter,0.4079589998582378,1.0,0.9796020500070881,10000.003385357559,0.08299684850499034
frozen,43,22,0.789645,0.7913333333333333,post_filter,0.8514159999322146,1.0,0.9574292000033893,9999.996109399945,0.12500095181167126
frozen,44,22,0.789645,0.7913333333333333,post_filter,0.5012909969082102,0.6,0.0,9957.999282050878,0.041000021155923605
frozen,45,22,0.789645,0.7913333333333333,post_filter,0.7179579988587648,1.0,0.9641021000570618,10000.003385357559,0.08299684850499034
frozen,46,22,0.789645,0.7913333333333333,post_filter,0.3621260038926266,1.0,0.9818936998053687,9999.996109399945,0.08300412446260452
frozen,47,22,0.789645,0.7913333333333333,post_filter,0.5162910019862466,0.4,0.0,9999.996109399945,0.08299684850499034
frozen,48,22,0.789645,0.7913333333333333,post_filter,0.8132079965434968,1.0,0.9593396001728252,9916.002454701811,0.08299684850499034
frozen,49,22,0.789645,0.7913333333333333,post_filter,0.5837920034537092,1.0,0.9708103998273145,9916.999260894954,0.08399365469813347
frozen,0,23,0.82095,0.8133333333333334,post_filter,0.5759999985457398,1.0,0.971200000072713,17167.003534268588,0.08400093065574765
frozen,1,23,0.82095,0.8133333333333334,post_filter,0.9230829964508303,1.0,0.9538458501774585,12750.002497341484,0.08299684850499034
frozen,2,23,0.82095,0.8133333333333334,post_filter,0.641625993011985,1.0,0.9679187003494008,11834.003089461476,0.12500095181167126
frozen,3,23,0.82095,0.8133333333333334,post_filter,0.6811659986851737,1.0,0.9659417000657413,11832.999007310718,0.08400093065574765
frozen,4,23,0.82095,0.8133333333333334,post_filter,0.6578750035259873,1.0,0.9671062498237006,11542.004358489066,0.08300412446260452
frozen,5,23,0.82095,0.8133333333333334,post_filter,0.8835410044412129,1.0,0.9558229497779394,11541.000276338309,0.08299684850499034
frozen,6,23,0.82095,0.8133333333333334,post_filter,0.6681250088149682,1.0,0.9665937495592516,11500.000255182385,0.08299684850499034
frozen,7,23,0.82095,0.8133333333333334,post_filter,0.7037509931251407,1.0,0.964812450343743,11584.001185838133,0.08300412446260452
frozen,8,23,0.82095,0.8133333333333334,post_filter,0.5652499967254698,1.0,0.9717375001637265,11500.000255182385,0.08299684850499034
frozen,9,23,0.82095,0.8133333333333334,post_filter,0.8159159915521741,1.0,0.9592042004223913,11500.000255182385,0.12500095181167126
frozen,10,23,0.82095,0.8133333333333334,post_filter,0.7695829990552738,1.0,0.9615208500472363,11666.00122814998,0.12500095181167126
frozen,11,23,0.82095,0.8133333333333334,post_filter,0.589209004829172,1.0,0.9705395497585414,11499.992979224771,0.08300412446260452
frozen,12,23,0.82095,0.8133333333333334,post_filter,0.7446259987773374,1.0,0.9627687000611331,11625.001206994057,0.08299684850499034
frozen,13,23,0.82095,0.8133333333333334,post_filter,0.6881669978611171,1.0,0.9655916501069441,11582.997103687376,0.08399365469813347
frozen,14,23,0.82095,0.8133333333333334,post_filter,0.6256679989746772,1.0,0.9687166000512661,11625.001206994057,0.08299684850499034
frozen,15,23,0.82095,0.8133333333333334,post_filter,0.7089589926181361,1.0,0.9645520503690932,11583.00437964499,0.041000021155923605
frozen,16,23,0.82095,0.8133333333333334,post_filter,0.41145899740513414,1.0,0.9794270501297433,11582.997103687376,0.08300412446260452
frozen,17,23,0.82095,0.8133333333333334,post_filter,0.40370899660047144,1.0,0.9798145501699764,11625.001206994057,0.08300412446260452
frozen,18,23,0.82095,0.8133333333333334,post_filter,0.6930420058779418,1.0,0.9653478997061029,11625.001206994057,0.08299684850499034
frozen,19,23,0.82095,0.8133333333333334,post_filter,0.616458994045388,1.0,0.9691770502977306,11707.998055499047,0.08299684850499034
frozen,20,23,0.82095,0.8133333333333334,post_filter,0.6475410045823082,1.0,0.9676229497708846,11791.002179961652,0.08299684850499034
frozen,21,23,0.82095,0.8133333333333334,post_filter,0.739708004402928,1.0,0.9630145997798536,11750.002158805728,0.12500095181167126
frozen,22,23,0.82095,0.8133333333333334,post_filter,0.46741699770791456,1.0,0.9766291501146043,11666.00122814998,0.08299684850499034
frozen,23,23,0.82095,0.8133333333333334,post_filter,0.5106249955133535,1.0,0.9744687502243323,11707.998055499047,0.08299684850499034
frozen,24,23,0.82095,0.8133333333333334,post_filter,0.5810420043417253,1.0,0.9709478997829137,11666.998034343123,0.12500095181167126
frozen,25,23,0.82095,0.8133333333333334,post_filter,0.5372079904191196,1.0,0.973139600479044,11750.002158805728,0.08299684850499034
frozen,26,23,0.82095,0.8133333333333334,post_filter,0.7891249988460913,1.0,0.9605437500576954,11666.00122814998,0.08299684850499034
frozen,27,23,0.82095,0.8133333333333334,post_filter,0.2512499922886491,1.0,0.9874375003855675,11625.001206994057,0.12500095181167126
frozen,28,23,0.82095,0.8133333333333334,post_filter,0.7312090019695461,1.0,0.9634395499015227,11625.001206994057,0.08400093065574765
frozen,29,23,0.82095,0.8133333333333334,post_filter,0.6597510000574403,1.0,0.967012449997128,11750.002158805728,0.08300412446260452
frozen,30,23,0.82095,0.8133333333333334,post_filter,0.6638339982600883,1.0,0.9668083000869956,11666.998034343123,0.08399365469813347
frozen,31,23,0.82095,0.8133333333333334,post_filter,0.4390840040287003,1.0,0.978045799798565,11666.998034343123,0.08400093065574765
frozen,32,23,0.82095,0.8133333333333334,post_filter,0.1963340037036687,0.0,0.0,11708.99486169219,0.12500095181167126
frozen,33,23,0.82095,0.8133333333333334,post_filter,0.7249589980347082,1.0,0.9637520500982646,11791.998986154795,0.12500095181167126
frozen,34,23,0.82095,0.8133333333333334,post_filter,0.5190420051803812,1.0,0.9740478997409809,11625.001206994057,0.08299684850499034
frozen,35,23,0.82095,0.8133333333333334,post_filter,0.3699160006362945,1.0,0.9815041999681853,11666.998034343123,0.08299684850499034
frozen,36,23,0.82095,0.8133333333333334,post_filter,0.6269160003284924,1.0,0.9686541999835754,11666.998034343123,0.08299684850499034
frozen,37,23,0.82095,0.8133333333333334,post_filter,0.6529169986606576,1.0,0.9673541500669671,11708.99486169219,0.08299684850499034
frozen,38,23,0.82095,0.8133333333333334,post_filter,0.6739169984939508,1.0,0.9663041500753025,11749.994882848114,0.08299684850499034
frozen,39,23,0.82095,0.8133333333333334,post_filter,0.6181240023579448,1.0,0.9690937998821028,11709.002137649804,0.08400093065574765
frozen,40,23,0.82095,0.8133333333333334,post_filter,0.5444580019684508,1.0,0.9727770999015775,11625.001206994057,0.04200410330668092
frozen,41,23,0.82095,0.8133333333333334,post_filter,0.8628329960629344,0.9,0.0,11667.005310300738,0.041996827349066734
frozen,42,23,0.82095,0.8133333333333334,post_filter,0.3807090033660643,1.0,0.9809645498316968,11750.002158805728,0.08299684850499034
frozen,43,23,0.82095,0.8133333333333334,post_filter,0.8551659921067767,1.0,0.9572417003946612,11709.002137649804,0.08299684850499034
frozen,44,23,0.82095,0.8133333333333334,post_filter,0.4659999904106371,1.0,0.9767000004794681,11667.005310300738,0.041996827349066734
frozen,45,23,0.82095,0.8133333333333334,post_filter,0.6176670067361556,1.0,0.9691166496631922,11625.001206994057,0.08299684850499034
frozen,46,23,0.82095,0.8133333333333334,post_filter,0.3829589986708015,1.0,0.9808520500664599,11666.998034343123,0.08400093065574765
frozen,47,23,0.82095,0.8133333333333334,post_filter,0.5102499999338761,1.0,0.9744875000033062,11707.998055499047,0.08400093065574765
frozen,48,23,0.82095,0.8133333333333334,post_filter,0.6664579996140674,1.0,0.9666771000192966,11791.002179961652,0.08400093065574765
frozen,49,23,0.82095,0.8133333333333334,post_filter,0.6063330001779832,1.0,0.9696833499911008,11417.003406677395,0.08300412446260452
frozen,0,24,0.83714,0.836,post_filter,0.6722079997416586,1.0,0.9663896000129171,13333.999959286302,0.08299684850499034
frozen,1,24,0.83714,0.836,post_filter,8.016749998205341,1.0,0.5991625000897329,11209.005606360734,0.08299684850499034
frozen,2,24,0.83714,0.836,post_filter,5.833124996570405,1.0,0.7083437501714798,10916.99959943071,0.08399365469813347
frozen,3,24,0.83714,0.836,post_filter,3.911250001692679,1.0,0.8044374999153661,11207.994248252362,0.08400093065574765
frozen,4,24,0.83714,0.836,post_filter,5.4263330093817785,1.0,0.7286833495309111,10749.994544312358,0.04200410330668092
frozen,5,24,0.83714,0.836,post_filter,7.226458001241554,1.0,0.6386770999379223,10708.004992920905,0.12499367585405707
frozen,6,24,0.83714,0.836,post_filter,4.36791600077413,1.0,0.7816041999612935,10709.001799114048,0.08299684850499034
frozen,7,24,0.83714,0.836,post_filter,4.63037499866914,1.0,0.768481250066543,10834.00275092572,0.08399365469813347
frozen,8,24,0.83714,0.836,post_filter,3.2534589990973473,1.0,0.8373270500451326,10875.002772081643,0.04200410330668092
frozen,9,24,0.83714,0.836,post_filter,3.874999994877726,1.0,0.8062500002561137,10625.0008684583,0.12500095181167126
frozen,10,24,0.83714,0.836,post_filter,3.1715010045445524,1.0,0.8414249497727724,10707.997716963291,0.04200410330668092
frozen,11,24,0.83714,0.836,post_filter,0.9197079998557456,1.0,0.9540146000072127,10791.001841425896,0.08299684850499034
frozen,12,24,0.83714,0.836,post_filter,1.3289170019561425,1.0,0.9335541499021929,10875.002772081643,0.12500095181167126
frozen,13,24,0.83714,0.836,post_filter,1.2398740072967485,1.0,0.9380062996351626,10875.002772081643,0.04200410330668092
frozen,14,24,0.83714,0.836,post_filter,0.8488750027026981,1.0,0.9575562498648651,10834.00275092572,0.08300412446260452
frozen,15,24,0.83714,0.836,post_filter,1.2394579971442,1.0,0.93802710014279,10916.99959943071,0.041996827349066734
frozen,16,24,0.83714,0.836,post_filter,0.8552919971407391,1.0,0.957235400142963,10791.998647619039,0.08299684850499034
frozen,17,24,0.83714,0.836,post_filter,0.7078329945215955,1.0,0.9646083502739202,10791.998647619039,0.08400093065574765
frozen,18,24,0.83714,0.836,post_filter,1.3754590036114678,1.0,0.9312270498194266,11457.996151875705,0.08400093065574765
frozen,19,24,0.83714,0.836,post_filter,1.0664580040611327,1.0,0.9466770997969434,60000.005760230124,0.4579997039400041
frozen,20,24,0.83714,0.836,post_filter,0.9446670010220259,1.0,0.9527666499488987,19875.005818903446,0.2090018824674189
frozen,21,24,0.83714,0.836,post_filter,1.1590409994823858,1.0,0.9420479500258807,13333.999959286302,0.12500095181167126
frozen,22,24,0.83714,0.836,post_filter,0.8356249963981099,1.0,0.9582187501800945,11500.000255182385,0.08299684850499034
frozen,23,24,0.83714,0.836,post_filter,0.6418330012820661,1.0,0.9679083499358967,11250.005627516657,0.12500095181167126
frozen,24,24,0.83714,0.836,post_filter,0.9590419940650463,1.0,0.9520479002967477,11208.001524209976,0.08400093065574765
frozen,25,24,0.83714,0.836,post_filter,0.9858340054051951,1.0,0.9507082997297402,11042.000551242381,0.08299684850499034
frozen,26,24,0.83714,0.836,post_filter,1.052375002473127,1.0,0.9473812498763436,11124.997399747372,0.08300412446260452
frozen,27,24,0.83714,0.836,post_filter,0.433540997619275,1.0,0.9783229501190362,10791.998647619039,0.12500095181167126
frozen,28,24,0.83714,0.836,post_filter,0.9166259987978265,1.0,0.9541687000601087,10959.003702737391,0.12500095181167126
frozen,29,24,0.83714,0.836,post_filter,0.8137920012813993,1.0,0.95931039993593,10999.9964479357,0.08300412446260452
frozen,30,24,0.83714,0.836,post_filter,1.0557919958955608,1.0,0.947210400205222,11125.004675704986,0.08299684850499034
frozen,31,24,0.83714,0.836,post_filter,0.7103329990059137,1.0,0.9644833500497043,11083.997378591448,0.08300412446260452
frozen,32,24,0.83714,0.836,post_filter,0.327833004121203,0.0,0.0,11125.004675704986,0.041000021155923605
frozen,33,24,0.83714,0.836,post_filter,0.9020840006996877,1.0,0.9548957999650156,11040.996469091624,0.08300412446260452
frozen,34,24,0.83714,0.836,post_filter,0.8925000001909211,1.0,0.9553749999904539,10957.999620586634,0.08400093065574765
frozen,35,24,0.83714,0.836,post_filter,0.4305840047891252,1.0,0.9784707997605437,11083.000572398305,0.08400093065574765
frozen,36,24,0.83714,0.836,post_filter,0.6698330034851097,1.0,0.9665083498257445,11083.000572398305,0.08300412446260452
frozen,37,24,0.83714,0.836,post_filter,0.6955010030651465,1.0,0.9652249498467427,11125.004675704986,0.08299684850499034
frozen,38,24,0.83714,0.836,post_filter,0.8514170040143654,1.0,0.9574291497992817,11167.001503054053,0.08400093065574765
frozen,39,24,0.83714,0.836,post_filter,0.7866239902796224,0.9,0.0,11042.000551242381,0.12500095181167126
frozen,40,24,0.83714,0.836,post_filter,0.652875991363544,1.0,0.9673562004318228,21332.998585421592,0.37500285543501377
frozen,41,24,0.83714,0.836,post_filter,0.9020420038723387,0.9,0.0,15792.000340297818,0.2090018824674189
frozen,42,24,0.83714,0.836,post_filter,0.5847089996677823,1.0,0.9707645500166109,14958.000974729657,0.166997779160738
frozen,43,24,0.83714,0.836,post_filter,1.003833007416688,1.0,0.9498083496291656,14833.000022917986,0.2079978003166616
frozen,44,24,0.83714,0.836,post_filter,0.6441669975174591,1.0,0.967791650124127,14707.999071106315,0.2090018824674189
frozen,45,24,0.83714,0.836,post_filter,0.7635410001967102,1.0,0.9618229499901645,14500.001270789653,0.2079978003166616
frozen,46,24,0.83714,0.836,post_filter,0.5135430037626065,1.0,0.9743228498118697,14500.001270789653,0.16599369700998068
frozen,47,24,0.83714,0.836,post_filter,0.6446260013035499,1.0,0.9677686999348225,14457.997167482972,0.2090018824674189
frozen,48,24,0.83714,0.836,post_filter,0.9244169996236451,1.0,0.9537791500188177,14332.9962156713,0.2079978003166616
frozen,49,24,0.83714,0.836,post_filter,0.6932079995749518,1.0,0.9653396000212524,14375.000318977982,0.20800507627427578
frozen,0,25,0.86027,0.8641666666666666,post_filter,0.6325840004137717,1.0,0.9683707999793114,84041.9961605221,0.3749955794773996
frozen,1,25,0.86027,0.8641666666666666,post_filter,0.7769160001771525,1.0,0.9611541999911424,15416.997484862804,0.20899460650980473
frozen,2,25,0.86027,0.8641666666666666,post_filter,0.6507090001832694,1.0,0.9674645499908365,14625.002222601324,0.166997779160738
frozen,3,25,0.86027,0.8641666666666666,post_filter,0.6561669943039306,1.0,0.9671916502848035,14333.003491628915,0.16700505511835217
frozen,4,25,0.86027,0.8641666666666666,post_filter,0.6304170019575395,1.0,0.968479149902123,14208.002539817244,0.2079978003166616
frozen,5,25,0.86027,0.8641666666666666,post_filter,0.8719589895918034,1.0,0.9564020505204098,14208.002539817244,0.2090018824674189
frozen,6,25,0.86027,0.8641666666666666,post_filter,0.6692490060231648,1.0,0.9665375496988418,14042.001566849649,0.2500019036233425
frozen,7,25,0.86027,0.8641666666666666,post_filter,0.8023340051295236,1.0,0.9598832997435238,14083.998394198716,0.2079978003166616
frozen,8,25,0.86027,0.8641666666666666,post_filter,0.5989999990561046,1.0,0.9700500000471948,14041.004760656506,0.2090018824674189
frozen,9,25,0.86027,0.8641666666666666,post_filter,0.8212920001824386,1.0,0.9589353999908781,14000.004739500582,0.16600097296759486
frozen,10,25,0.86027,0.8641666666666666,post_filter,0.7369999948423356,1.0,0.9631500002578832,14083.001588005573,0.2090018824674189
frozen,11,25,0.86027,0.8641666666666666,post_filter,0.5967079996480606,1.0,0.970164600017597,14124.99841535464,0.16700505511835217
frozen,12,25,0.86027,0.8641666666666666,post_filter,0.6217510017449968,1.0,0.9689124499127502,13999.997463542968,0.24999462766572833
frozen,13,25,0.86027,0.8641666666666666,post_filter,0.7241670027724467,1.0,0.9637916498613777,14208.999346010387,0.2079978003166616
frozen,14,25,0.86027,0.8641666666666666,post_filter,0.6000420107739046,1.0,0.9699978994613048,14040.997484698892,0.2079978003166616
frozen,15,25,0.86027,0.8641666666666666,post_filter,0.6293330079643056,1.0,0.9685333496017847,14166.995242703706,0.166997779160738
frozen,16,25,0.86027,0.8641666666666666,post_filter,0.4252500002621673,1.0,0.9787374999868916,14124.99841535464,0.166997779160738
frozen,17,25,0.86027,0.8641666666666666,post_filter,0.3726249997271225,1.0,0.9813687500136439,14083.998394198716,0.2079978003166616
frozen,18,25,0.86027,0.8641666666666666,post_filter,0.6838330009486526,1.0,0.9658083499525674,13999.997463542968,0.2079978003166616
frozen,19,25,0.86027,0.8641666666666666,post_filter,0.5801250008516945,1.0,0.9709937499574153,14083.001588005573,0.29199873097240925
frozen,20,25,0.86027,0.8641666666666666,post_filter,0.6605419985135086,1.0,0.9669729000743246,14083.001588005573,0.166997779160738
frozen,21,25,0.86027,0.8641666666666666,post_filter,0.6961249964660965,1.0,0.9651937501766952,14124.99841535464,0.2079978003166616
frozen,22,25,0.86027,0.8641666666666666,post_filter,0.49524999485583976,1.0,0.975237500257208,14083.998394198716,0.16600097296759486
frozen,23,25,0.86027,0.8641666666666666,post_filter,0.5406670024967752,1.0,0.9729666498751612,14042.001566849649,0.166997779160738
frozen,24,25,0.86027,0.8641666666666666,post_filter,0.5482510023284703,1.0,0.9725874498835765,14042.001566849649,0.16600097296759486
frozen,25,25,0.86027,0.8641666666666666,post_filter,0.5239579986664467,1.0,0.9738021000666777,14084.00567015633,0.2079978003166616
frozen,26,25,0.86027,0.8641666666666666,post_filter,0.9582909915479831,1.0,0.9520854504226008,14042.001566849649,0.20800507627427578
frozen,27,25,0.86027,0.8641666666666666,post_filter,0.24887500330805779,1.0,0.9875562498345971,13999.997463542968,0.166997779160738
frozen,28,25,0.86027,0.8641666666666666,post_filter,0.7265829990501516,1.0,0.9636708500474924,14124.99841535464,0.166997779160738
frozen,29,25,0.86027,0.8641666666666666,post_filter,0.6962090046727099,1.0,0.9651895497663645,14083.998394198716,0.20800507627427578
frozen,30,25,0.86027,0.8641666666666666,post_filter,0.7047500039334409,1.0,0.964762499803328,14124.99841535464,0.16700505511835217
frozen,31,25,0.86027,0.8641666666666666,post_filter,0.4372080002212897,1.0,0.9781395999889355,14207.99526385963,0.2090018824674189
frozen,32,25,0.86027,0.8641666666666666,post_filter,0.19354100368218496,0.0,0.0,13958.000636193901,0.166997779160738
frozen,33,25,0.86027,0.8641666666666666,post_filter,0.6757919982192107,1.0,0.9662104000890395,14083.001588005573,0.2079978003166616
frozen,34,25,0.86027,0.8641666666666666,post_filter,0.5283749924274161,1.0,0.9735812503786292,14165.998436510563,0.2079978003166616
frozen,35,25,0.86027,0.8641666666666666,post_filter,0.38845800736453384,1.0,0.9805770996317733,13999.997463542968,0.2090018824674189
frozen,36,25,0.86027,0.8641666666666666,post_filter,0.6285420022322796,1.0,0.968572899888386,13916.003808844835,0.20800507627427578
frozen,37,25,0.86027,0.8641666666666666,post_filter,0.6433339949580841,1.0,0.9678333002520958,14083.998394198716,0.20800507627427578
frozen,38,25,0.86027,0.8641666666666666,post_filter,0.7117920031305403,1.0,0.964410399843473,14082.994312047958,0.166997779160738
frozen,39,25,0.86027,0.8641666666666666,post_filter,0.6245420081540942,1.0,0.9687728995922953,14083.998394198716,0.16600097296759486
frozen,40,25,0.86027,0.8641666666666666,post_filter,0.5187920032767579,1.0,0.9740603998361621,14166.995242703706,0.2079978003166616
frozen,41,25,0.86027,0.8641666666666666,post_filter,0.8694159987499006,0.9,0.0,14334.000297822058,0.2079978003166616
frozen,42,25,0.86027,0.8641666666666666,post_filter,0.410459004342556,1.0,0.9794770497828722,13958.000636193901,0.2079978003166616
frozen,43,25,0.86027,0.8641666666666666,post_filter,0.8605840048403479,1.0,0.9569707997579826,13958.997442387044,0.2079978003166616
frozen,44,25,0.86027,0.8641666666666666,post_filter,0.48741699720267206,1.0,0.9756291501398664,13958.997442387044,0.2079978003166616
frozen,45,25,0.86027,0.8641666666666666,post_filter,0.687374995322898,1.0,0.9656312502338551,13917.000615037978,0.16700505511835217
frozen,46,25,0.86027,0.8641666666666666,post_filter,0.3787500027101487,1.0,0.9810624998644926,14000.004739500582,0.16600097296759486
frozen,47,25,0.86027,0.8641666666666666,post_filter,0.5266250082058832,1.0,0.9736687495897058,14000.004739500582,0.2079978003166616
frozen,48,25,0.86027,0.8641666666666666,post_filter,0.7388759986497462,1.0,0.9630562000675127,14000.004739500582,0.166997779160738
frozen,49,25,0.86027,0.8641666666666666,post_filter,0.6119170066085644,1.0,0.9694041496695718,14124.99841535464,0.2079978003166616
frozen,0,26,0.88188,0.8825,post_filter,0.5593329988187179,1.0,0.9720333500590641,21250.0017369166,0.16600097296759486
frozen,1,26,0.88188,0.8825,post_filter,0.9409160047653131,1.0,0.9529541997617343,17209.000361617655,0.166997779160738
frozen,2,26,0.88188,0.8825,post_filter,0.6688739958917722,1.0,0.9665563002054114,16209.000023081899,0.16700505511835217
frozen,3,26,0.88188,0.8825,post_filter,0.9572079943609424,1.0,0.9521396002819529,15833.000361453742,0.166997779160738
frozen,4,26,0.88188,0.8825,post_filter,0.8452080001006834,1.0,0.9577395999949658,15458.004781976342,0.166997779160738
frozen,5,26,0.88188,0.8825,post_filter,0.8010840101633221,1.0,0.9599457994918339,15375.000657513738,0.16599369700998068
frozen,6,26,0.88188,0.8825,post_filter,0.6559160028700717,1.0,0.9672041998564964,15375.000657513738,0.16700505511835217
frozen,7,26,0.88188,0.8825,post_filter,0.7373330008704215,1.0,0.9631333499564789,15416.000678669661,0.2090018824674189
frozen,8,26,0.88188,0.8825,post_filter,1.6635419960948639,1.0,0.9168229001952568,15332.996554207057,0.166997779160738
frozen,9,26,0.88188,0.8825,post_filter,0.7193329947767779,1.0,0.9640333502611611,15332.996554207057,0.166997779160738
frozen,10,26,0.88188,0.8825,post_filter,0.686916995618958,1.0,0.9656541502190521,18624.996300786734,0.2079978003166616
frozen,11,26,0.88188,0.8825,post_filter,0.6403329971362837,1.0,0.9679833501431858,15499.994333367795,0.166997779160738
frozen,12,26,0.88188,0.8825,post_filter,0.8041250039241277,1.0,0.9597937498037936,15290.99972685799,0.166997779160738
frozen,13,26,0.88188,0.8825,post_filter,0.6991659975028597,1.0,0.965041700124857,15375.000657513738,0.16700505511835217
frozen,14,26,0.88188,0.8825,post_filter,0.5946660021436401,1.0,0.970266699892818,15416.997484862804,0.166997779160738
frozen,15,26,0.88188,0.8825,post_filter,0.6748750020051375,1.0,0.9662562498997431,15332.996554207057,0.166997779160738
frozen,16,26,0.88188,0.8825,post_filter,0.4752079985337332,1.0,0.9762396000733133,15375.000657513738,0.20800507627427578
frozen,17,26,0.88188,0.8825,post_filter,0.40595799509901553,1.0,0.9797021002450492,15374.993381556123,0.2079978003166616
frozen,18,26,0.88188,0.8825,post_filter,0.7024169972282834,1.0,0.9648791501385858,15332.996554207057,0.166997779160738
frozen,19,26,0.88188,0.8825,post_filter,0.5811669980175793,1.0,0.970941650099121,15332.996554207057,0.16600097296759486
frozen,20,26,0.88188,0.8825,post_filter,0.6656260011368431,1.0,0.9667186999431578,15375.000657513738,0.2079978003166616
frozen,21,26,0.88188,0.8825,post_filter,0.8078330065472983,1.0,0.9596083496726351,15541.998436674476,0.2079978003166616
frozen,22,26,0.88188,0.8825,post_filter,0.5397909990279004,1.0,0.973010450048605,15416.000678669661,0.16700505511835217
frozen,23,26,0.88188,0.8825,post_filter,0.6211250001797453,1.0,0.9689437499910127,15416.997484862804,0.20800507627427578
frozen,24,26,0.88188,0.8825,post_filter,0.6099989986978471,1.0,0.9695000500651076,15499.994333367795,0.16600097296759486
frozen,25,26,0.88188,0.8825,post_filter,2.520083995477762,1.0,0.8739958002261119,15417.004760820419,0.16700505511835217
frozen,26,26,0.88188,0.8825,post_filter,1.6619159941910766,1.0,0.9169042002904462,15416.000678669661,0.2079978003166616
frozen,27,26,0.88188,0.8825,post_filter,1.007958002446685,1.0,0.9496020998776658,15292.003809008747,0.2079978003166616
frozen,28,26,0.88188,0.8825,post_filter,1.3737090048380196,1.0,0.931314549758099,15291.996533051133,0.2079978003166616
frozen,29,26,0.88188,0.8825,post_filter,1.1403759926906787,1.0,0.9429812003654661,15416.997484862804,0.20899460650980473
frozen,30,26,0.88188,0.8825,post_filter,2.1423340003821068,1.0,0.8928832999808947,15334.000636357814,0.2079978003166616
frozen,31,26,0.88188,0.8825,post_filter,1.7364170053042471,1.0,0.9131791497347876,40458.995499648154,0.29200600693002343
frozen,32,26,0.88188,0.8825,post_filter,0.7484579982701689,0.0,0.0,17917.001969181,0.2079978003166616
frozen,33,26,0.88188,0.8825,post_filter,1.6637090011499822,1.0,0.9168145499425009,15416.997484862804,0.166997779160738
frozen,34,26,0.88188,0.8825,post_filter,1.7866240013972856,1.0,0.9106687999301357,15499.994333367795,0.16700505511835217
frozen,35,26,0.88188,0.8825,post_filter,0.571250006032642,1.0,0.9714374996983679,15416.000678669661,0.166997779160738
frozen,36,26,0.88188,0.8825,post_filter,1.1347500039846636,1.0,0.9432624998007668,15375.000657513738,0.166997779160738
frozen,37,26,0.88188,0.8825,post_filter,0.9385419980389997,1.0,0.95307290009805,15458.004781976342,0.16599369700998068
frozen,38,26,0.88188,0.8825,post_filter,1.260624994756654,1.0,0.9369687502621673,15291.996533051133,0.166997779160738
frozen,39,26,0.88188,0.8825,post_filter,1.5008740010671318,1.0,0.9249562999466434,15375.000657513738,0.16700505511835217
frozen,40,26,0.88188,0.8825,post_filter,1.1825000037788413,1.0,0.9408749998110579,15375.000657513738,0.166997779160738
frozen,41,26,0.88188,0.8825,post_filter,1.3212080011726357,0.9,0.0,15375.000657513738,0.2079978003166616
frozen,42,26,0.88188,0.8825,post_filter,1.3000420003663749,1.0,0.9349978999816813,15333.003830164671,0.2079978003166616
frozen,43,26,0.88188,0.8825,post_filter,1.265833001525607,1.0,0.9367083499237197,15375.000657513738,0.20800507627427578
frozen,44,26,0.88188,0.8825,post_filter,0.82562500028871,1.0,0.9587187499855645,15292.003809008747,0.16600097296759486
frozen,45,26,0.88188,0.8825,post_filter,0.8952910066000186,1.0,0.9552354496699991,15333.003830164671,0.166997779160738
frozen,46,26,0.88188,0.8825,post_filter,0.981875004072208,1.0,0.9509062497963896,15291.996533051133,0.166997779160738
frozen,47,26,0.88188,0.8825,post_filter,1.0972499949275516,1.0,0.9451375002536224,15291.996533051133,0.16700505511835217
frozen,48,26,0.88188,0.8825,post_filter,1.3492919970303774,1.0,0.9325354001484811,15416.000678669661,0.16600097296759486
frozen,49,26,0.88188,0.8825,post_filter,0.8825419936329126,1.0,0.9558729003183544,15375.000657513738,0.166997779160738
frozen,0,27,0.907765,0.9088333333333334,post_filter,0.6094160053180531,1.0,0.9695291997340973,17917.001969181,0.2910019247792661
frozen,1,27,0.907765,0.9088333333333334,post_filter,1.2374989892123267,1.0,0.9381250505393837,15208.002878353,0.166997779160738
frozen,2,27,0.907765,0.9088333333333334,post_filter,0.6304169946815819,1.0,0.9684791502659209,14874.996850267053,0.166997779160738
frozen,3,27,0.907765,0.9088333333333334,post_filter,0.6489160005003214,1.0,0.9675541999749839,14750.003174412996,0.2079978003166616
frozen,4,27,0.907765,0.9088333333333334,post_filter,0.6422500009648502,1.0,0.9678874999517575,14749.995898455381,0.2079978003166616
frozen,5,27,0.907765,0.9088333333333334,post_filter,0.7779160005156882,1.0,0.9611041999742156,14791.00319556892,0.2079978003166616
frozen,6,27,0.907765,0.9088333333333334,post_filter,0.6365839944919571,1.0,0.9681708002754021,14707.999071106315,0.2079978003166616
frozen,7,27,0.907765,0.9088333333333334,post_filter,0.73395900108153,1.0,0.9633020499459235,14792.000001762062,0.166997779160738
frozen,8,27,0.907765,0.9088333333333334,post_filter,0.5469579991768114,1.0,0.9726521000411594,14708.995877299458,0.2090018824674189
frozen,9,27,0.907765,0.9088333333333334,post_filter,0.796957996499259,1.0,0.960152100175037,62541.99979593977,0.37500285543501377
frozen,10,27,0.907765,0.9088333333333334,post_filter,0.7484159941668622,1.0,0.9625792002916569,16792.000678833574,0.166997779160738
frozen,11,27,0.907765,0.9088333333333334,post_filter,0.6367089954437688,1.0,0.9681645502278116,14791.00319556892,0.2079978003166616
frozen,12,27,0.907765,0.9088333333333334,post_filter,0.726792000932619,1.0,0.963660399953369,14917.000953573734,0.2079978003166616
frozen,13,27,0.907765,0.9088333333333334,post_filter,0.7285419997060671,1.0,0.9635729000146966,14665.994967799634,0.2079978003166616
frozen,14,27,0.907765,0.9088333333333334,post_filter,0.597333004407119,1.0,0.970133349779644,14707.999071106315,0.20800507627427578
frozen,15,27,0.907765,0.9088333333333334,post_filter,0.626042005023919,1.0,0.968697899748804,14833.000022917986,0.2079978003166616
frozen,16,27,0.907765,0.9088333333333334,post_filter,0.417041992477607,1.0,0.9791479003761197,14749.995898455381,0.2079978003166616
frozen,17,27,0.907765,0.9088333333333334,post_filter,0.3779580001719296,1.0,0.9811020999914035,14750.003174412996,0.2079978003166616
frozen,18,27,0.907765,0.9088333333333334,post_filter,0.7487500042770989,1.0,0.962562499786145,14625.002222601324,0.2090018824674189
frozen,19,27,0.907765,0.9088333333333334,post_filter,0.5279580000205897,1.0,0.9736020999989705,14749.995898455381,0.166997779160738
frozen,20,27,0.907765,0.9088333333333334,post_filter,0.5780840001534671,1.0,0.9710957999923266,14707.999071106315,0.20800507627427578
frozen,21,27,0.907765,0.9088333333333334,post_filter,0.6253339961403981,1.0,0.9687333001929801,14707.999071106315,0.16700505511835217
frozen,22,27,0.907765,0.9088333333333334,post_filter,0.5024589991080575,1.0,0.9748770500445971,14709.003153257072,0.2079978003166616
frozen,23,27,0.907765,0.9088333333333334,post_filter,0.5269160028547049,1.0,0.9736541998572648,14790.995919611305,0.16700505511835217
frozen,24,27,0.907765,0.9088333333333334,post_filter,0.5477499944390729,1.0,0.9726125002780464,14750.003174412996,0.166997779160738
frozen,25,27,0.907765,0.9088333333333334,post_filter,0.5274580034893006,1.0,0.973627099825535,14707.999071106315,0.20800507627427578
frozen,26,27,0.907765,0.9088333333333334,post_filter,0.8245830031228252,1.0,0.9587708498438587,14666.999049950391,0.16600097296759486
frozen,27,27,0.907765,0.9088333333333334,post_filter,0.25466700026299804,1.0,0.9872666499868501,14709.003153257072,0.16600097296759486
frozen,28,27,0.907765,0.9088333333333334,post_filter,0.7237919999170117,1.0,0.9638104000041494,14750.003174412996,0.16599369700998068
frozen,29,27,0.907765,0.9088333333333334,post_filter,0.6899989966768771,1.0,0.9655000501661561,14749.995898455381,0.166997779160738
frozen,30,27,0.907765,0.9088333333333334,post_filter,0.7265829917741939,1.0,0.9636708504112903,14707.999071106315,0.2079978003166616
frozen,31,27,0.907765,0.9088333333333334,post_filter,0.437082999269478,1.0,0.9781458500365261,14750.003174412996,0.2090018824674189
frozen,32,27,0.907765,0.9088333333333334,post_filter,0.2082089995383285,0.0,0.0,15083.998732734472,0.2079978003166616
frozen,33,27,0.907765,0.9088333333333334,post_filter,0.6744999991497025,1.0,0.9662750000425149,26458.001229912043,0.24999462766572833
frozen,34,27,0.907765,0.9088333333333334,post_filter,0.5178339924896136,1.0,0.9741083003755193,12750.002497341484,0.08400093065574765
frozen,35,27,0.907765,0.9088333333333334,post_filter,0.40395800169790164,1.0,0.9798020999151049,11249.998351559043,0.08300412446260452
frozen,36,27,0.907765,0.9088333333333334,post_filter,0.6258749926928431,1.0,0.9687062503653578,11041.993275284767,0.08300412446260452
frozen,37,27,0.907765,0.9088333333333334,post_filter,0.6145830047898926,1.0,0.9692708497605054,11084.004654549062,0.08299684850499034
frozen,38,27,0.907765,0.9088333333333334,post_filter,0.7235000011860393,1.0,0.963824999940698,11166.994227096438,0.08400093065574765
frozen,39,27,0.907765,0.9088333333333334,post_filter,0.613043004705105,1.0,0.9693478497647448,11208.99833040312,0.08299684850499034
frozen,40,27,0.907765,0.9088333333333334,post_filter,0.5056250010966323,1.0,0.9747187499451684,10958.996426779777,0.08300412446260452
frozen,41,27,0.907765,0.9088333333333334,post_filter,0.9025829931488261,0.9,0.0,11125.004675704986,0.08300412446260452
frozen,42,27,0.907765,0.9088333333333334,post_filter,0.36862499837297946,1.0,0.981568750081351,10916.002793237567,0.08300412446260452
frozen,43,27,0.907765,0.9088333333333334,post_filter,0.8986250031739473,1.0,0.9550687498413026,11167.001503054053,0.041996827349066734
frozen,44,27,0.907765,0.9088333333333334,post_filter,0.48183299804804847,1.0,0.9759083500975976,11374.999303370714,0.08300412446260452
frozen,45,27,0.907765,0.9088333333333334,post_filter,0.7004999933997169,1.0,0.9649750003300142,11124.997399747372,0.08300412446260452
frozen,46,27,0.907765,0.9088333333333334,post_filter,0.3663319948827848,1.0,0.9816834002558608,11167.001503054053,0.12499367585405707
frozen,47,27,0.907765,0.9088333333333334,post_filter,0.5139580025570467,1.0,0.9743020998721477,11083.997378591448,0.08300412446260452
frozen,48,27,0.907765,0.9088333333333334,post_filter,0.7407499942928553,1.0,0.9629625002853572,11042.000551242381,0.04200410330668092
frozen,49,27,0.907765,0.9088333333333334,post_filter,0.6223329983185977,1.0,0.9688833500840701,11125.004675704986,0.08299684850499034
frozen,0,28,0.929375,0.9271666666666667,post_filter,0.6485000048996881,1.0,0.9675749997550156,18165.999790653586,0.08300412446260452
frozen,1,28,0.929375,0.9271666666666667,post_filter,7.817416997568216,1.0,0.6091291501215892,14208.002539817244,0.08400093065574765
frozen,2,28,0.929375,0.9271666666666667,post_filter,5.919916999118868,1.0,0.7040041500440566,14083.998394198716,0.08299684850499034
frozen,3,28,0.929375,0.9271666666666667,post_filter,4.7222919965861365,1.0,0.7638854001706932,13417.004083748907,0.08400093065574765
frozen,4,28,0.929375,0.9271666666666667,post_filter,5.651375002344139,1.0,0.717431249882793,13417.004083748907,0.04200410330668092
frozen,5,28,0.929375,0.9271666666666667,post_filter,6.907750001118984,1.0,0.6546124999440508,13541.997759602964,0.08300412446260452
frozen,6,28,0.929375,0.9271666666666667,post_filter,4.110208996280562,1.0,0.7944895501859719,13082.993973512203,0.08400093065574765
frozen,7,28,0.929375,0.9271666666666667,post_filter,4.405833002238069,1.0,0.7797083498880966,13292.003131937236,0.08299684850499034
frozen,8,28,0.929375,0.9271666666666667,post_filter,3.5426670001470484,1.0,0.8228666499926476,12875.003449153155,0.08299684850499034
frozen,9,28,0.929375,0.9271666666666667,post_filter,3.9982499947655015,1.0,0.8000875002617249,13040.997146163136,0.08300412446260452
frozen,10,28,0.929375,0.9271666666666667,post_filter,3.3795830022427253,1.0,0.8310208498878637,12791.99932469055,0.04200410330668092
frozen,11,28,0.929375,0.9271666666666667,post_filter,1.9504160081851296,1.0,0.9024791995907435,12792.006600648165,0.08400093065574765
frozen,12,28,0.929375,0.9271666666666667,post_filter,2.8469589960877784,1.0,0.8576520501956111,12916.003470309079,0.08300412446260452
frozen,13,28,0.929375,0.9271666666666667,post_filter,2.5424159975955263,1.0,0.8728792001202237,12874.99617319554,0.08299684850499034
frozen,14,28,0.929375,0.9271666666666667,post_filter,1.7472920008003712,1.0,0.9126353999599814,12958.000297658145,0.12500095181167126
frozen,15,28,0.929375,0.9271666666666667,post_filter,2.9805830054101534,1.0,0.8509708497294923,12791.99932469055,0.041996827349066734
frozen,16,28,0.929375,0.9271666666666667,post_filter,2.1378330056904815,1.0,0.8931083497154759,12874.99617319554,0.08300412446260452
frozen,17,28,0.929375,0.9271666666666667,post_filter,0.9725829950184561,1.0,0.9513708502490772,12792.006600648165,0.041996827349066734
frozen,18,28,0.929375,0.9271666666666667,post_filter,3.3404580026399344,1.0,0.8329770998680033,12875.003449153155,0.08299684850499034
frozen,19,28,0.929375,0.9271666666666667,post_filter,2.627582995046396,1.0,0.8686208502476802,12832.999345846474,0.08400093065574765
frozen,20,28,0.929375,0.9271666666666667,post_filter,1.5945420018397272,1.0,0.9202728999080136,12875.003449153155,0.08400093065574765
frozen,21,28,0.929375,0.9271666666666667,post_filter,2.2129569988464937,1.0,0.8893521500576753,12916.003470309079,0.08300412446260452
frozen,22,28,0.929375,0.9271666666666667,post_filter,1.8328739970456809,1.0,0.908356300147716,12791.99932469055,0.08399365469813347
frozen,23,28,0.929375,0.9271666666666667,post_filter,0.962206999247428,1.0,0.9518896500376286,12833.996152039617,0.08299684850499034
frozen,24,28,0.929375,0.9271666666666667,post_filter,2.1604590001516044,1.0,0.8919770499924198,12791.99932469055,0.08300412446260452
frozen,25,28,0.929375,0.9271666666666667,post_filter,0.5357089976314455,1.0,0.9732145501184277,12874.99617319554,0.08299684850499034
frozen,26,28,0.929375,0.9271666666666667,post_filter,0.8258339948952198,1.0,0.958708300255239,12791.99932469055,0.08299684850499034
frozen,27,28,0.929375,0.9271666666666667,post_filter,0.27808299637399614,1.0,0.9860958501813002,12750.002497341484,0.08299684850499034
frozen,28,28,0.929375,0.9271666666666667,post_filter,0.7453330035787076,1.0,0.9627333498210646,12832.999345846474,0.08400093065574765
frozen,29,28,0.929375,0.9271666666666667,post_filter,0.6915419944562018,1.0,0.9654229002771899,12875.003449153155,0.08300412446260452
frozen,30,28,0.929375,0.9271666666666667,post_filter,0.7490000061807223,1.0,0.9625499996909639,12917.000276502222,0.08300412446260452
frozen,31,28,0.929375,0.9271666666666667,post_filter,0.4803750052815303,1.0,0.9759812497359235,12916.003470309079,0.041000021155923605
frozen,32,28,0.929375,0.9271666666666667,post_filter,0.23049899755278602,0.0,0.0,12958.000297658145,0.08399365469813347
frozen,33,28,0.929375,0.9271666666666667,post_filter,0.6829989943071268,1.0,0.9658500502846437,12791.002518497407,0.08299684850499034
frozen,34,28,0.929375,0.9271666666666667,post_filter,0.5447910007205792,1.0,0.972760449963971,12917.000276502222,0.04200410330668092
frozen,35,28,0.929375,0.9271666666666667,post_filter,0.3809159970842302,1.0,0.9809542001457885,12874.99617319554,0.08299684850499034
frozen,36,28,0.929375,0.9271666666666667,post_filter,0.6402090002666228,1.0,0.9679895499866689,12875.003449153155,0.08299684850499034
frozen,37,28,0.929375,0.9271666666666667,post_filter,0.6645000030403025,1.0,0.9667749998479849,12791.99932469055,0.08300412446260452
frozen,38,28,0.929375,0.9271666666666667,post_filter,0.7414170031552203,1.0,0.962929149842239,12958.000297658145,0.08400093065574765
frozen,39,28,0.929375,0.9271666666666667,post_filter,0.6246670018299483,1.0,0.9687666499085026,12917.000276502222,0.12500095181167126
frozen,40,28,0.929375,0.9271666666666667,post_filter,0.5392079910961911,1.0,0.9730396004451904,12874.99617319554,0.041000021155923605
frozen,41,28,0.929375,0.9271666666666667,post_filter,0.8571660000598058,1.0,0.9571416999970097,13000.004400964826,0.041000021155923605
frozen,42,28,0.929375,0.9271666666666667,post_filter,0.42137499985983595,1.0,0.9789312500070082,12874.99617319554,0.041000021155923605
frozen,43,28,0.929375,0.9271666666666667,post_filter,0.8679999955347739,1.0,0.9566000002232613,12917.000276502222,0.041000021155923605
frozen,44,28,0.929375,0.9271666666666667,post_filter,0.4949999929522164,1.0,0.9752500003523892,12834.003427997231,0.041000021155923605
frozen,45,28,0.929375,0.9271666666666667,post_filter,0.7028330001048744,1.0,0.9648583499947563,12791.99932469055,0.08400093065574765
frozen,46,28,0.929375,0.9271666666666667,post_filter,0.4107080021640286,1.0,0.9794645998917986,12791.99932469055,0.041000021155923605
frozen,47,28,0.929375,0.9271666666666667,post_filter,0.5459569947561249,1.0,0.9727021502621938,12832.999345846474,0.08400093065574765
frozen,48,28,0.929375,0.9271666666666667,post_filter,0.774416999774985,1.0,0.9612791500112507,12958.997103851289,0.041000021155923605
frozen,49,28,0.929375,0.9271666666666667,post_filter,0.6347919988911599,1.0,0.968260400055442,12915.996194351465,0.08299684850499034
frozen,0,29,0.952505,0.9553333333333334,post_filter,0.6780000039725564,1.0,0.9660999998013722,20459.003280848265,0.08299684850499034
frozen,1,29,0.952505,0.9553333333333334,post_filter,0.7570830057375133,1.0,0.9621458497131243,15082.994650583714,0.08299684850499034
frozen,2,29,0.952505,0.9553333333333334,post_filter,0.618582998868078,1.0,0.9690708500565961,13875.003787688911,0.041000021155923605
frozen,3,29,0.952505,0.9553333333333334,post_filter,0.6517500005429611,1.0,0.967412499972852,13999.997463542968,0.08399365469813347
frozen,4,29,0.952505,0.9553333333333334,post_filter,0.6348749957396649,1.0,0.9682562502130168,13625.001884065568,0.08400093065574765
frozen,5,29,0.952505,0.9553333333333334,post_filter,0.778375004301779,1.0,0.961081249784911,13583.99458695203,0.08299684850499034
frozen,6,29,0.952505,0.9553333333333334,post_filter,0.6422080041375011,1.0,0.9678895997931249,13541.997759602964,0.08299684850499034
frozen,7,29,0.952505,0.9553333333333334,post_filter,0.7153740007197484,1.0,0.9642312999640126,13665.994629263878,0.12500095181167126
frozen,8,29,0.952505,0.9553333333333334,post_filter,0.5315000016707927,1.0,0.9734249999164604,13625.001884065568,0.041000021155923605
frozen,9,29,0.952505,0.9553333333333334,post_filter,0.7298330019693822,1.0,0.9635083499015309,13625.001884065568,0.041000021155923605
frozen,10,29,0.952505,0.9553333333333334,post_filter,0.7659160110051744,1.0,0.9617041994497413,16042.00224392116,0.08299684850499034
frozen,11,29,0.952505,0.9553333333333334,post_filter,0.6112490009400062,1.0,0.9694375499529997,13582.997780758888,0.08400093065574765
frozen,12,29,0.952505,0.9553333333333334,post_filter,0.6972499977564439,1.0,0.9651375001121778,13707.998732570559,0.041000021155923605
frozen,13,29,0.952505,0.9553333333333334,post_filter,0.7494169985875487,1.0,0.9625291500706226,13541.997759602964,0.041000021155923605
frozen,14,29,0.952505,0.9553333333333334,post_filter,0.5892489934922196,1.0,0.970537550325389,13582.997780758888,0.08299684850499034
frozen,15,29,0.952505,0.9553333333333334,post_filter,0.6518340014736168,1.0,0.9674082999263192,13541.00095340982,0.08300412446260452
frozen,16,29,0.952505,0.9553333333333334,post_filter,0.43629099673125893,1.0,0.978185450163437,13582.997780758888,0.08300412446260452
frozen,17,29,0.952505,0.9553333333333334,post_filter,0.3767910020542331,1.0,0.9811604498972883,13666.001905221492,0.08299684850499034
frozen,18,29,0.952505,0.9553333333333334,post_filter,0.6752909976057708,1.0,0.9662354501197115,13500.000932253897,0.08299684850499034
frozen,19,29,0.952505,0.9553333333333334,post_filter,0.5446250070235692,1.0,0.9727687496488215,13625.001884065568,0.08300412446260452
frozen,20,29,0.952505,0.9553333333333334,post_filter,0.6389999980456196,1.0,0.968050000097719,13666.001905221492,0.041000021155923605
frozen,21,29,0.952505,0.9553333333333334,post_filter,0.6781670090276748,1.0,0.9660916495486163,13624.994608107954,0.08400093065574765
frozen,22,29,0.952505,0.9553333333333334,post_filter,0.44845799857284874,1.0,0.9775771000713576,13541.997759602964,0.08400093065574765
frozen,23,29,0.952505,0.9553333333333334,post_filter,0.5276669980958104,1.0,0.9736166500952095,13500.000932253897,0.08399365469813347
frozen,24,29,0.952505,0.9553333333333334,post_filter,0.5427920041256584,1.0,0.9728603997937171,13584.001862909645,0.08299684850499034
frozen,25,29,0.952505,0.9553333333333334,post_filter,0.5107909964863211,1.0,0.974460450175684,13582.997780758888,0.041996827349066734
frozen,26,29,0.952505,0.9553333333333334,post_filter,0.7638329989276826,1.0,0.9618083500536159,13500.000932253897,0.08399365469813347
frozen,27,29,0.952505,0.9553333333333334,post_filter,0.24120799935190007,1.0,0.987939600032405,13665.994629263878,0.08299684850499034
frozen,28,29,0.952505,0.9553333333333334,post_filter,0.7383319971268065,1.0,0.9630834001436597,13625.001884065568,0.08299684850499034
frozen,29,29,0.952505,0.9553333333333334,post_filter,0.6823750009061769,1.0,0.9658812499546912,13625.001884065568,0.08299684850499034
frozen,30,29,0.952505,0.9553333333333334,post_filter,0.7022080026217736,1.0,0.9648895998689113,13500.000932253897,0.08299684850499034
frozen,31,29,0.952505,0.9553333333333334,post_filter,0.4352089963504113,1.0,0.9782395501824794,13541.00095340982,0.08299684850499034
frozen,32,29,0.952505,0.9553333333333334,post_filter,0.2067500026896596,0.0,0.0,13542.005035560578,0.12500095181167126
frozen,33,29,0.952505,0.9553333333333334,post_filter,0.690499997290317,1.0,0.9654750001354842,13625.001884065568,0.08300412446260452
frozen,34,29,0.952505,0.9553333333333334,post_filter,0.5419999943114817,1.0,0.9729000002844259,13500.000932253897,0.041000021155923605
frozen,35,29,0.952505,0.9553333333333334,post_filter,0.38350000249920413,1.0,0.9808249998750398,13582.997780758888,0.041000021155923605
frozen,36,29,0.952505,0.9553333333333334,post_filter,0.632417002634611,1.0,0.9683791498682695,13541.00095340982,0.041000021155923605
frozen,37,29,0.952505,0.9553333333333334,post_filter,0.6287490032264031,1.0,0.9685625498386798,13542.005035560578,0.08300412446260452
frozen,38,29,0.952505,0.9553333333333334,post_filter,0.7171239994931966,1.0,0.9641438000253402,13667.00598737225,0.041000021155923605
frozen,39,29,0.952505,0.9553333333333334,post_filter,0.5304990045260638,1.0,0.9734750497736968,13542.005035560578,0.08299684850499034
frozen,40,29,0.952505,0.9553333333333334,post_filter,0.6330830001388676,1.0,0.9683458499930566,13666.001905221492,0.08299684850499034
frozen,41,29,0.952505,0.9553333333333334,post_filter,0.8600410001236014,1.0,0.9569979499938199,13541.997759602964,0.041000021155923605
frozen,42,29,0.952505,0.9553333333333334,post_filter,0.39029199979268014,1.0,0.980485400010366,13707.998732570559,0.041000021155923605
frozen,43,29,0.952505,0.9553333333333334,post_filter,0.8074169963947497,1.0,0.9596291501802625,13625.001884065568,0.08299684850499034
frozen,44,29,0.952505,0.9553333333333334,post_filter,0.4515839973464608,1.0,0.977420800132677,13915.99653288722,0.041000021155923605
frozen,45,29,0.952505,0.9553333333333334,post_filter,0.669332999677863,1.0,0.9665333500161069,13583.005056716502,0.08400093065574765
frozen,46,29,0.952505,0.9553333333333334,post_filter,0.3512920011417009,1.0,0.982435399942915,13500.000932253897,0.041000021155923605
frozen,47,29,0.952505,0.9553333333333334,post_filter,0.48587500350549817,1.0,0.9757062498247251,13625.001884065568,0.08400093065574765
frozen,48,29,0.952505,0.9553333333333334,post_filter,0.7368329970631748,1.0,0.9631583501468413,13459.000911097974,0.08299684850499034
frozen,49,29,0.952505,0.9553333333333334,post_filter,0.6370830014930107,1.0,0.9681458499253495,13541.997759602964,0.08400093065574765
