phase,query_idx,filter_idx,actual_selectivity,estimated_selectivity,strategy_chosen,latency_ms,recall,reward,predict_overhead_us,route_overhead_us
learning,22,27,0.4977,0.49666666666666665,post_filter,0.38420804776251316,1.0,0.9961579195223749,25250.017642974854,8.291972335428
learning,2,25,0.499745,0.499,post_filter,0.4032920114696026,1.0,0.995967079885304,10709.045454859734,3.1249946914613247
learning,7,17,0.634135,0.6293333333333333,post_filter,0.5352490115910769,1.0,0.9946475098840892,13874.960131943226,1.667009200900793
learning,5,12,0.318055,0.30733333333333335,post_filter,0.419124960899353,0.9,0.0,5541.951395571232,0.9160139597952366
learning,40,26,0.498065,0.49383333333333335,post_filter,0.4199169925414026,0.9,0.0,10624.993592500687,1.040985807776451
learning,23,27,0.4977,0.49666666666666665,post_filter,0.36562501918524504,1.0,0.9963437498081475,4875.008016824722,0.8329516276717186
learning,4,22,0.520815,0.5185,bitmap_prefilter,68.51970800198615,1.0,0.31480291998013854,12333.039194345474,0.9169452823698521
learning,49,7,0.211115,0.2095,bitmap_prefilter,31.302999996114522,1.0,0.6869700000388548,6375.019438564777,0.625033862888813
learning,14,2,0.091935,0.0895,post_filter,0.5078340182080865,1.0,0.9949216598179191,2541.986759752035,0.458036083728075
learning,17,12,0.318055,0.30733333333333335,bitmap_prefilter,108.76583302160725,1.0,0.0,2250.0171326100826,0.6660120561718941
learning,23,26,0.498065,0.49383333333333335,bitmap_prefilter,68.12299898592755,1.0,0.3187700101407245,5167.035851627588,0.8750357665121555
learning,13,11,0.30024,0.29283333333333333,post_filter,0.8080409606918693,0.5,0.0,5208.014044910669,0.625033862888813
learning,43,22,0.520815,0.5185,post_filter,0.42866705916821957,0.9,0.0,5999.987479299307,0.8330098353326321
learning,40,19,0.53564,0.5466666666666666,bitmap_prefilter,70.7306670374237,1.0,0.292693329625763,13291.02087765932,0.8749775588512421
learning,15,23,0.50137,0.49766666666666665,bitmap_prefilter,69.49024996720254,1.0,0.30509750032797456,6458.023563027382,0.8330098353326321
learning,17,12,0.318055,0.30733333333333335,post_filter,0.4913340089842677,1.0,0.9950866599101573,1791.9810488820076,0.667001586407423
learning,44,20,0.52445,0.5201666666666667,post_filter,0.48970797797665,1.0,0.9951029202202335,5791.953299194574,0.792031642049551
learning,20,21,1.0,1.0,post_filter,0.4058330086991191,1.0,0.9959416699130088,999.9494068324566,0.08294591680169106
learning,49,26,0.498065,0.49383333333333335,post_filter,0.4563749535009265,1.0,0.9954362504649907,4625.00611320138,0.8329516276717186
learning,2,7,0.211115,0.2095,post_filter,0.5199589650146663,0.9,0.0,3000.02284348011,0.500003807246685
learning,17,12,0.318055,0.30733333333333335,bitmap_prefilter,108.76583302160725,1.0,0.0,1709.0351320803165,0.6249756552278996
learning,36,29,0.495095,0.4925,post_filter,0.4230000195093453,1.0,0.9957699998049065,4749.977961182594,0.7500057108700275
learning,13,10,0.269105,0.2755,post_filter,0.6237069610506296,1.0,0.9937629303894937,10374.991688877344,0.7090275175869465
learning,41,12,0.318055,0.30733333333333335,bitmap_prefilter,47.19062498770654,1.0,0.5280937501229346,1624.9832697212696,0.625033862888813
learning,8,8,0.22942,0.23266666666666666,bitmap_prefilter,45.978541020303965,1.0,0.5402145897969604,5792.011506855488,0.5839974619448185
learning,34,17,0.634135,0.6293333333333333,bitmap_prefilter,81.57116698566824,1.0,0.18428833014331758,7416.994776576757,0.9580398909747601
learning,27,18,0.543895,0.541,post_filter,0.5149170756340027,1.0,0.99485082924366,6582.995411008596,0.8750357665121555
learning,23,12,0.318055,0.30733333333333335,bitmap_prefilter,45.03279295749962,1.0,0.5496720704250038,1499.9532140791416,0.667001586407423
learning,32,4,0.14593,0.1435,bitmap_prefilter,25.224709068425,1.0,0.74775290931575,750.0057108700275,0.500003807246685
learning,3,24,0.50093,0.497,post_filter,0.5572090158239007,0.9,0.0,5166.977643966675,0.792031642049551
learning,40,4,0.14593,0.1435,bitmap_prefilter,22.978499997407198,1.0,0.770215000025928,375.0319592654705,0.4589674063026905
learning,27,21,1.0,1.0,post_filter,0.5430410383269191,1.0,0.9945695896167308,416.01015254855156,0.08300412446260452
learning,4,19,0.53564,0.5466666666666666,bitmap_prefilter,72.30854104273021,1.0,0.2769145895726979,6541.027687489986,0.8329516276717186
learning,29,19,0.53564,0.5466666666666666,post_filter,0.45904098078608513,1.0,0.9954095901921391,4916.044417768717,0.8330098353326321
learning,0,17,0.634135,0.6293333333333333,post_filter,0.7004999788478017,0.9,0.0,5582.987796515226,0.9589712135493755
learning,43,3,0.10466,0.10066666666666667,post_filter,0.4040839849039912,0.9,0.0,2457.9931050539017,0.458036083728075
learning,17,24,0.50093,0.497,post_filter,0.3885420155711472,1.0,0.9961145798442885,4708.010237663984,0.833999365568161
learning,7,10,0.269105,0.2755,bitmap_prefilter,40.54916702443734,1.0,0.5945083297556266,2916.960511356592,0.6660120561718941
learning,29,5,0.15984,0.15766666666666668,bitmap_prefilter,23.956083052325994,1.0,0.7604391694767401,2541.986759752035,0.500003807246685
learning,46,23,0.50137,0.49766666666666665,bitmap_prefilter,66.49341696174815,1.0,0.33506583038251847,5415.990017354488,0.8330098353326321
learning,48,16,0.67152,0.6761666666666667,bitmap_prefilter,87.92166702914983,1.0,0.1207833297085017,11750.031262636185,1.00000761449337
learning,6,29,0.495095,0.4925,post_filter,0.53416594164446,0.9,0.0,4625.00611320138,0.7919734343886375
learning,40,9,0.24966,0.25466666666666665,post_filter,0.5553750088438392,0.5,0.0,4041.0086512565613,0.5830079317092896
learning,9,6,0.182175,0.17783333333333334,bitmap_prefilter,31.508374959230423,1.0,0.6849162504076958,2374.988980591297,0.541971530765295
learning,34,5,0.15984,0.15766666666666668,post_filter,0.49949903041124344,1.0,0.9950050096958876,2167.013008147478,0.6660120561718941
learning,33,29,0.495095,0.4925,post_filter,0.2752079744823277,1.0,0.9972479202551767,4542.001988738775,0.8330098353326321
learning,20,19,0.53564,0.5466666666666666,bitmap_prefilter,71.90545805497095,1.0,0.2809454194502905,5042.00579598546,0.9159557521343231
learning,23,3,0.10466,0.10066666666666667,post_filter,0.5818340578116477,0.1,0.0,1834.006980061531,0.41601015254855156
learning,19,26,0.498065,0.49383333333333335,bitmap_prefilter,68.09016701299697,1.0,0.3190983298700303,4625.00611320138,0.8749775588512421
learning,36,7,0.211115,0.2095,post_filter,0.5185829941183329,1.0,0.9948141700588167,2624.9908842146397,0.500003807246685
learning,46,2,0.091935,0.0895,bitmap_prefilter,14.58345801802352,1.0,0.8541654198197648,1083.0117389559746,0.4169996827840805
learning,48,2,0.091935,0.0895,post_filter,0.7299999706447124,0.0,0.0,1000.00761449337,0.37497375160455704
learning,8,4,0.14593,0.1435,post_filter,0.652958988212049,1.0,0.9934704101178795,333.00602808594704,0.4169996827840805
learning,10,17,0.634135,0.6293333333333333,bitmap_prefilter,83.05354096228257,1.0,0.16946459037717432,5499.983672052622,0.9579816833138466
learning,38,27,0.4977,0.49666666666666665,bitmap_prefilter,67.20783305354416,1.0,0.32792166946455836,4749.977961182594,0.7909839041531086
learning,34,6,0.182175,0.17783333333333334,post_filter,0.7389999809674919,0.4,0.0,1500.011421740055,0.4589674063026905
learning,12,22,0.520815,0.5185,post_filter,0.3701670211739838,1.0,0.9962983297882602,5208.014044910669,0.833999365568161
learning,42,12,0.318055,0.30733333333333335,post_filter,0.6986660300754011,0.9,0.0,1624.9832697212696,0.5839974619448185
learning,33,14,0.38971,0.4031666666666667,bitmap_prefilter,53.872376040089875,1.0,0.46127623959910125,2707.995008677244,0.7079797796905041
learning,14,7,0.211115,0.2095,bitmap_prefilter,32.59920800337568,1.0,0.6740079199662432,2333.9525796473026,0.5420297384262085
learning,37,0,0.05569,0.05516666666666667,post_filter,0.5670409882441163,0.9,0.0,541.971530765295,0.3750319592654705
learning,14,18,0.543895,0.541,bitmap_prefilter,72.69000000087544,1.0,0.27309999999124557,5457.957740873098,0.8750357665121555
learning,40,22,0.520815,0.5185,bitmap_prefilter,69.07058297656476,1.0,0.30929417023435235,4792.003892362118,0.8330098353326321
learning,2,2,0.091935,0.0895,post_filter,0.7859580218791962,0.6,0.0,1000.00761449337,0.41601015254855156
learning,32,2,0.091935,0.0895,bitmap_prefilter,14.534832967910916,1.0,0.8546516703208908,1084.0012691915035,0.3750319592654705
learning,31,21,1.0,1.0,post_filter,0.41704101022332907,1.0,0.9958295898977667,375.0319592654705,0.08300412446260452
learning,34,6,0.182175,0.17783333333333334,bitmap_prefilter,27.07004197873175,1.0,0.7292995802126825,1334.003172814846,0.500003807246685
learning,36,29,0.495095,0.4925,post_filter,0.4230000195093453,1.0,0.9957699998049065,4500.034265220165,8.500006515532732
learning,30,7,0.211115,0.2095,post_filter,0.6651249714195728,0.1,0.0,2374.988980591297,0.5420297384262085
learning,6,6,0.182175,0.17783333333333334,bitmap_prefilter,27.217499969992787,1.0,0.7278250003000721,1334.003172814846,0.500003807246685
learning,22,13,0.340785,0.347,bitmap_prefilter,48.263999982737005,1.0,0.51736000017263,7165.9451350569725,0.6659538485109806
learning,46,14,0.38971,0.4031666666666667,bitmap_prefilter,68.65870906040072,1.0,0.31341290939599276,2457.9931050539017,0.7079797796905041
learning,41,20,0.52445,0.5201666666666667,bitmap_prefilter,70.73720899643376,1.0,0.29262791003566235,5416.979547590017,0.833999365568161
learning,46,12,0.318055,0.30733333333333335,bitmap_prefilter,46.11358302645385,1.0,0.5388641697354615,1500.011421740055,0.625033862888813
learning,6,27,0.4977,0.49666666666666665,post_filter,0.5291669513098896,0.9,0.0,4583.03838968277,3.8750004023313522
learning,34,6,0.182175,0.17783333333333334,bitmap_prefilter,27.07004197873175,1.0,0.7292995802126825,1458.043698221445,0.459025613963604
learning,11,13,0.340785,0.347,bitmap_prefilter,54.82183396816254,1.0,0.45178166031837463,3709.0503610670567,0.7079797796905041
learning,4,7,0.211115,0.2095,bitmap_prefilter,29.08008301164955,1.0,0.7091991698835045,2415.967173874378,0.5409820005297661
learning,35,27,0.4977,0.49666666666666665,post_filter,0.23512501502409577,1.0,0.997648749849759,4542.001988738775,2.374988980591297
learning,0,17,0.634135,0.6293333333333333,post_filter,0.7004999788478017,0.9,0.0,5332.985892891884,0.9159557521343231
learning,48,29,0.495095,0.4925,post_filter,0.43529196409508586,0.9,0.0,4417.030140757561,1.9170111045241356
learning,26,5,0.15984,0.15766666666666668,bitmap_prefilter,22.953458013944328,1.0,0.7704654198605567,2040.9934222698212,0.458036083728075
learning,25,6,0.182175,0.17783333333333334,post_filter,0.48275006702169776,0.7,0.0,1292.035449296236,0.500003807246685
learning,24,5,0.15984,0.15766666666666668,bitmap_prefilter,23.139249009545892,1.0,0.7686075099045411,1958.04750546813,0.45797787606716156
learning,16,12,0.318055,0.30733333333333335,post_filter,0.38279202999547124,1.0,0.9961720797000453,1459.033228456974,0.6249756552278996
learning,29,25,0.499745,0.499,bitmap_prefilter,66.86829205136746,1.0,0.3313170794863254,4791.945684701204,1.9170111045241356
learning,46,22,0.520815,0.5185,post_filter,0.6311240140348673,0.9,0.0,4875.008016824722,0.7919734343886375
learning,42,17,0.634135,0.6293333333333333,post_filter,0.3759589744731784,1.0,0.9962404102552682,5250.039976090193,0.8749775588512421
learning,12,4,0.14593,0.1435,bitmap_prefilter,22.402833972591907,1.0,0.7759716602740809,333.00602808594704,0.4169996827840805
learning,37,1,0.068415,0.06633333333333333,post_filter,0.6381660350598395,0.9,0.0,1207.983586937189,0.37497375160455704
learning,47,1,0.068415,0.06633333333333333,bitmap_prefilter,11.368458974175155,1.0,0.8863154102582484,833.999365568161,0.33300602808594704
learning,37,1,0.068415,0.06633333333333333,bitmap_prefilter,11.71795796835795,1.0,0.8828204203164205,957.9816833138466,0.3750319592654705
learning,33,29,0.495095,0.4925,post_filter,0.2752079744823277,1.0,0.9972479202551767,4500.034265220165,1.8329592421650887
learning,11,2,0.091935,0.0895,bitmap_prefilter,14.639000000897795,0.0,0.0,1041.97533801198,0.33300602808594704
learning,43,2,0.091935,0.0895,post_filter,0.388041022233665,0.9,0.0,959.029421210289,0.37497375160455704
learning,7,12,0.318055,0.30733333333333335,post_filter,0.4998330259695649,1.0,0.9950016697403044,1417.0072972774506,0.6249756552278996
learning,15,18,0.543895,0.541,post_filter,0.4469580599106848,1.0,0.9955304194008932,5165.988113731146,0.8749775588512421
learning,39,1,0.068415,0.06633333333333333,bitmap_prefilter,10.825000004842877,1.0,0.8917499999515712,833.999365568161,0.37497375160455704
learning,37,21,1.0,1.0,post_filter,0.4946659901179373,1.0,0.9950533400988206,374.97375160455704,0.08300412446260452
learning,33,18,0.543895,0.541,bitmap_prefilter,72.00579199707136,1.0,0.27994208002928644,4917.033948004246,0.8750357665121555
learning,13,8,0.22942,0.23266666666666666,post_filter,0.7550009759142995,0.3,0.0,2750.0209398567677,0.5830079317092896
learning,15,10,0.269105,0.2755,bitmap_prefilter,42.218250047881156,1.0,0.5778174995211884,2917.0187190175056,0.5839974619448185
learning,42,4,0.14593,0.1435,post_filter,0.4166250000707805,1.0,0.9958337499992922,374.97375160455704,0.458036083728075
learning,20,14,0.38971,0.4031666666666667,post_filter,0.42858399683609605,1.0,0.995714160031639,2457.9931050539017,0.708969309926033
learning,4,29,0.495095,0.4925,post_filter,0.51979097770527,1.0,0.9948020902229473,4458.997864276171,1.7919810488820076
learning,6,18,0.543895,0.541,bitmap_prefilter,72.18620803905651,1.0,0.2781379196094349,4875.008016824722,0.8750357665121555
learning,32,6,0.182175,0.17783333333333334,bitmap_prefilter,27.648374962154776,1.0,0.7235162503784522,1292.035449296236,0.45797787606716156
learning,22,29,0.495095,0.4925,post_filter,0.4017089959233999,1.0,0.995982910040766,4417.030140757561,1.6660196706652641
learning,15,28,0.495225,0.49333333333333335,post_filter,0.4374170093797147,1.0,0.9956258299062029,4665.984306484461,1.667009200900793
learning,28,5,0.15984,0.15766666666666668,post_filter,0.6496250280179083,0.7,0.0,1917.0111045241356,0.500003807246685
learning,19,22,0.520815,0.5185,post_filter,0.35195896634832025,1.0,0.9964804103365168,4834.029823541641,0.8329516276717186
learning,41,25,0.499745,0.499,post_filter,0.3732919576577842,1.0,0.9962670804234222,4792.003892362118,1.708976924419403
learning,35,21,1.0,1.0,post_filter,0.2851669560186565,1.0,0.9971483304398134,375.0319592654705,0.12497184798121452
learning,42,9,0.24966,0.25466666666666665,bitmap_prefilter,47.76445805327967,1.0,0.5223554194672033,2707.995008677244,0.541971530765295
learning,8,28,0.495225,0.49333333333333335,post_filter,0.6107510416768491,1.0,0.9938924895832315,4458.008334040642,1.6659614630043507
learning,6,28,0.495225,0.49333333333333335,post_filter,0.5557080148719251,0.9,0.0,8000.002708286047,1.8329592421650887
learning,17,4,0.14593,0.1435,bitmap_prefilter,20.59620793443173,1.0,0.7940379206556827,291.03830456733704,0.4169996827840805
learning,45,6,0.182175,0.17783333333333334,bitmap_prefilter,27.063499961514026,1.0,0.7293650003848597,1291.9772416353226,0.45797787606716156
learning,40,21,1.0,1.0,post_filter,0.378916971385479,1.0,0.9962108302861452,333.00602808594704,0.08300412446260452
learning,16,27,0.4977,0.49666666666666665,post_filter,0.33912499202415347,1.0,0.9966087500797585,4667.032044380903,1.6249832697212696
learning,3,8,0.22942,0.23266666666666666,bitmap_prefilter,34.955166978761554,1.0,0.6504483302123845,2417.0149117708206,0.500003807246685
learning,17,13,0.340785,0.347,bitmap_prefilter,49.41854195203632,1.0,0.5058145804796368,3584.0203054249287,0.6249756552278996
learning,49,10,0.269105,0.2755,bitmap_prefilter,45.65670806914568,1.0,0.5434329193085432,2791.9886633753777,0.5830079317092896
learning,10,8,0.22942,0.23266666666666666,post_filter,0.5333340377546847,0.9,0.0,2250.0171326100826,0.541971530765295
learning,45,17,0.634135,0.6293333333333333,bitmap_prefilter,81.91570901544765,1.0,0.18084290984552354,5292.007699608803,0.9170034900307655
learning,7,0,0.05569,0.05516666666666667,bitmap_prefilter,8.914624981116503,1.0,0.910853750188835,333.995558321476,0.3750319592654705
learning,44,28,0.495225,0.49333333333333335,post_filter,0.4739589639939368,1.0,0.9952604103600606,4541.012458503246,1.7919810488820076
learning,2,17,0.634135,0.6293333333333333,post_filter,0.4525420372374356,1.0,0.9954745796276256,5208.014044910669,0.9159557521343231
learning,35,18,0.543895,0.541,bitmap_prefilter,71.29829202312976,1.0,0.2870170797687024,4792.003892362118,0.8749775588512421
learning,2,4,0.14593,0.1435,bitmap_prefilter,22.70062593743205,1.0,0.7729937406256795,291.9696271419525,0.4169996827840805
learning,2,28,0.495225,0.49333333333333335,post_filter,0.39237499004229903,1.0,0.996076250099577,4458.008334040642,1.6660196706652641
learning,43,6,0.182175,0.17783333333333334,bitmap_prefilter,27.529376035090536,1.0,0.7247062396490946,1333.013642579317,1.00000761449337
learning,22,3,0.10466,0.10066666666666667,post_filter,0.4348749644123018,1.0,0.995651250355877,1584.0050764381886,0.41601015254855156
learning,26,28,0.495225,0.49333333333333335,post_filter,0.5217920406721532,1.0,0.9947820795932785,4499.976057559252,1.6660196706652641
learning,9,23,0.50137,0.49766666666666665,post_filter,0.4134170012548566,1.0,0.9958658299874514,4875.008016824722,1.625041477382183
learning,10,7,0.211115,0.2095,post_filter,0.38745900383219123,1.0,0.9961254099616781,2291.9848561286926,0.500003807246685
learning,11,25,0.499745,0.499,post_filter,0.3437509876675904,0.0,0.0,4707.952030003071,1.6659614630043507
learning,11,0,0.05569,0.05516666666666667,post_filter,0.3284999984316528,0.0,0.0,292.027834802866,0.37497375160455704
learning,26,10,0.269105,0.2755,post_filter,0.5802920204587281,1.0,0.9941970797954127,2624.9908842146397,0.5830079317092896
learning,47,27,0.4977,0.49666666666666665,post_filter,0.3844579914584756,1.0,0.9961554200854152,4542.001988738775,1.5420373529195786
learning,10,8,0.22942,0.23266666666666666,post_filter,0.5333340377546847,0.9,0.0,2250.0171326100826,0.5409820005297661
learning,24,3,0.10466,0.10066666666666667,post_filter,0.5828340072184801,0.9,0.0,1583.0155462026596,0.41601015254855156
learning,30,27,0.4977,0.49666666666666665,post_filter,0.36258401814848185,1.0,0.9963741598185152,4499.976057559252,1.6659614630043507
learning,29,26,0.498065,0.49383333333333335,post_filter,0.3852910012938082,1.0,0.9961470899870619,4542.001988738775,1.6249832697212696
learning,14,26,0.498065,0.49383333333333335,post_filter,0.42470800690352917,0.9,0.0,4499.976057559252,1.5840050764381886
learning,12,21,1.0,1.0,post_filter,0.5058750393800437,0.9,0.0,375.0319592654705,0.08300412446260452
learning,21,12,0.318055,0.30733333333333335,bitmap_prefilter,45.57133297203109,1.0,0.5442866702796891,1500.011421740055,0.625033862888813
learning,49,2,0.091935,0.0895,bitmap_prefilter,14.497168071102351,1.0,0.8550283192889765,958.9712135493755,0.37497375160455704
learning,32,20,0.52445,0.5201666666666667,bitmap_prefilter,69.33674996253103,1.0,0.3066325003746897,5082.983989268541,0.833999365568161
learning,34,26,0.498065,0.49383333333333335,post_filter,0.5124170565977693,0.9,0.0,4500.034265220165,1.6660196706652641
learning,7,0,0.05569,0.05516666666666667,post_filter,0.9355419897474349,0.2,0.0,374.97375160455704,0.37497375160455704
learning,11,8,0.22942,0.23266666666666666,post_filter,0.5053329514339566,0.0,0.0,2292.043063789606,0.5830079317092896
learning,2,8,0.22942,0.23266666666666666,bitmap_prefilter,33.79262494854629,1.0,0.6620737505145371,2207.991201430559,0.5410402081906796
learning,22,13,0.340785,0.347,post_filter,0.4729169886559248,1.0,0.9952708301134408,3624.9984987080097,0.625033862888813
learning,27,10,0.269105,0.2755,post_filter,0.5914589855819941,1.0,0.9940854101441801,2707.995008677244,0.5839974619448185
learning,7,16,0.67152,0.6761666666666667,bitmap_prefilter,86.818709038198,1.0,0.13181290961802006,6749.993190169334,1.04197533801198
learning,12,18,0.543895,0.541,bitmap_prefilter,73.2815419905819,1.0,0.267184580094181,4875.008016824722,0.8750357665121555
learning,27,22,0.520815,0.5185,bitmap_prefilter,69.15508396923542,1.0,0.3084491603076458,4834.029823541641,0.8330098353326321
learning,34,29,0.495095,0.4925,bitmap_prefilter,65.56879199342802,1.0,0.3443120800657198,4459.056071937084,1.6660196706652641
learning,47,23,0.50137,0.49766666666666665,post_filter,0.33949996577575803,1.0,0.9966050003422424,4708.999767899513,1.667009200900793
learning,27,11,0.30024,0.29283333333333333,bitmap_prefilter,50.69008399732411,1.0,0.4930991600267589,2957.9969123005867,0.5839974619448185
learning,21,21,1.0,1.0,post_filter,0.5343750235624611,1.0,0.9946562497643754,333.995558321476,0.08300412446260452
learning,20,19,0.53564,0.5466666666666666,post_filter,0.38104201667010784,1.0,0.9961895798332989,4791.014362126589,0.8749775588512421
learning,46,3,0.10466,0.10066666666666667,post_filter,0.6863750168122351,0.8,0.0,1542.0373529195786,0.37497375160455704
learning,19,16,0.67152,0.6761666666666667,post_filter,0.4359589656814933,0.8,0.0,5832.989700138569,0.959029421210289
learning,25,10,0.269105,0.2755,post_filter,0.5296249873936176,0.8,0.0,2790.9991331398487,0.5830079317092896
learning,8,17,0.634135,0.6293333333333333,bitmap_prefilter,96.31575096864253,1.0,0.03684249031357467,5207.955837249756,0.9999494068324566
learning,24,21,1.0,1.0,post_filter,0.541082990821451,1.0,0.9945891700917855,292.027834802866,0.08399365469813347
learning,47,21,1.0,1.0,post_filter,0.3242500242777169,1.0,0.9967574997572228,290.98009690642357,0.08300412446260452
learning,11,28,0.495225,0.49333333333333335,post_filter,0.34399901051074266,0.0,0.0,4499.976057559252,1.7079873941838741
learning,25,9,0.24966,0.25466666666666665,post_filter,0.5311249988153577,0.6,0.0,2542.0449674129486,0.5829497240483761
learning,19,0,0.05569,0.05516666666666667,bitmap_prefilter,8.798041963018477,1.0,0.9120195803698152,333.995558321476,0.3750319592654705
learning,37,13,0.340785,0.347,post_filter,0.528083008248359,0.9,0.0,3582.9725675284863,0.5839974619448185
learning,29,10,0.269105,0.2755,bitmap_prefilter,41.469291027169675,1.0,0.5853070897283033,2624.9908842146397,0.5830079317092896
learning,13,21,1.0,1.0,post_filter,0.7185839931480587,1.0,0.9928141600685194,333.00602808594704,0.08300412446260452
learning,30,16,0.67152,0.6761666666666667,post_filter,0.41758298175409436,1.0,0.9958241701824591,5541.020072996616,1.00000761449337
learning,47,25,0.499745,0.499,bitmap_prefilter,67.58579099550843,1.0,0.3241420900449157,4625.00611320138,1.9170111045241356
learning,42,16,0.67152,0.6761666666666667,post_filter,0.37937506567686796,0.9,0.0,5458.015948534012,0.9579816833138466
learning,5,10,0.269105,0.2755,post_filter,0.38350000977516174,0.9,0.0,2541.0554371774197,0.6249756552278996
learning,15,24,0.50093,0.497,post_filter,0.419457966927439,1.0,0.9958054203307256,4584.027919918299,1.5830155462026596
learning,12,7,0.211115,0.2095,bitmap_prefilter,31.528958003036678,1.0,0.6847104199696332,2332.9630494117737,0.5409820005297661
learning,15,1,0.068415,0.06633333333333333,post_filter,0.7873340509831905,0.0,0.0,916.0139597952366,0.33300602808594704
learning,49,19,0.53564,0.5466666666666666,bitmap_prefilter,70.29870903352275,1.0,0.29701290966477245,4665.984306484461,0.8750357665121555
learning,40,13,0.340785,0.347,post_filter,0.43570902198553085,1.0,0.9956429097801447,3458.0007195472717,0.6659538485109806
learning,44,22,0.520815,0.5185,bitmap_prefilter,68.04700003704056,1.0,0.3195299996295944,4791.014362126589,0.8330098353326321
learning,15,12,0.318055,0.30733333333333335,bitmap_prefilter,46.013457991648465,1.0,0.5398654200835153,1458.9750207960606,0.667001586407423
learning,0,22,0.520815,0.5185,post_filter,0.95624994719401,1.0,0.9904375005280599,4708.010237663984,0.792031642049551
learning,49,27,0.4977,0.49666666666666665,post_filter,0.4664579755626619,1.0,0.9953354202443734,4625.00611320138,1.7079873941838741
learning,27,24,0.50093,0.497,post_filter,0.46095799189060926,1.0,0.9953904200810939,4625.00611320138,1.6249832697212696
learning,33,22,0.520815,0.5185,bitmap_prefilter,69.47837601182982,1.0,0.30521623988170177,4708.999767899513,0.7909839041531086
learning,15,17,0.634135,0.6293333333333333,post_filter,0.44808402890339494,1.0,0.995519159710966,5332.985892891884,0.8749775588512421
learning,29,3,0.10466,0.10066666666666667,bitmap_prefilter,16.103041009046137,1.0,0.8389695899095386,1540.9896150231361,0.4169996827840805
learning,42,14,0.38971,0.4031666666666667,post_filter,1.4177910052239895,0.6,0.0,2500.019036233425,0.7500057108700275
learning,38,17,0.634135,0.6293333333333333,bitmap_prefilter,83.91041698632762,1.0,0.16089583013672382,5333.044100552797,0.9170034900307655
learning,28,24,0.50093,0.497,post_filter,0.3968750243075192,1.0,0.9960312497569248,4625.00611320138,1.7090351320803165
learning,32,23,0.50137,0.49766666666666665,post_filter,0.38579199463129044,1.0,0.9961420800536871,4749.977961182594,1.6249832697212696
learning,35,29,0.495095,0.4925,post_filter,0.22891699336469173,1.0,0.9977108300663531,4500.034265220165,1.625041477382183
learning,47,5,0.15984,0.15766666666666668,post_filter,0.375000003259629,1.0,0.9962499999674037,1957.9892978072166,0.458036083728075
learning,16,14,0.38971,0.4031666666666667,post_filter,0.4143330152146518,0.9,0.0,2457.9931050539017,0.7080379873514175
learning,40,26,0.498065,0.49383333333333335,post_filter,0.4199169925414026,0.9,0.0,4541.012458503246,1.6660196706652641
learning,33,24,0.50093,0.497,post_filter,0.35908306017518044,1.0,0.9964091693982482,4625.00611320138,1.9579892978072166
learning,17,7,0.211115,0.2095,bitmap_prefilter,31.51566704036668,1.0,0.6848433295963332,2250.0171326100826,0.500003807246685
learning,18,22,0.520815,0.5185,bitmap_prefilter,70.56429097428918,1.0,0.2943570902571082,4667.032044380903,0.8330098353326321
learning,20,10,0.269105,0.2755,post_filter,0.6647910340689123,0.4,0.0,2709.0427465736866,0.6249756552278996
learning,8,2,0.091935,0.0895,bitmap_prefilter,14.147917041555047,1.0,0.8585208295844495,1084.0012691915035,0.4169996827840805
learning,44,12,0.318055,0.30733333333333335,bitmap_prefilter,45.761374989524484,1.0,0.5423862501047552,1500.011421740055,0.6249756552278996
learning,4,6,0.182175,0.17783333333333334,bitmap_prefilter,32.31408301508054,1.0,0.6768591698491946,1332.9554349184036,0.500003807246685
learning,34,10,0.269105,0.2755,bitmap_prefilter,46.03550006868318,1.0,0.5396449993131682,2624.9908842146397,0.6249756552278996
learning,13,1,0.068415,0.06633333333333333,post_filter,0.8334160665981472,0.0,0.0,875.0357665121555,0.3750319592654705
learning,49,12,0.318055,0.30733333333333335,post_filter,0.5960830021649599,1.0,0.9940391699783504,1457.9854905605316,1.334003172814846
learning,1,22,0.520815,0.5185,post_filter,0.595749996136874,0.9,0.0,4666.97383671999,0.8330098353326321
learning,36,24,0.50093,0.497,post_filter,0.41329202940687537,1.0,0.9958670797059312,4584.027919918299,1.6660196706652641
learning,22,0,0.05569,0.05516666666666667,bitmap_prefilter,8.97045701276511,1.0,0.9102954298723489,333.00602808594704,0.333995558321476
learning,26,12,0.318055,0.30733333333333335,post_filter,1.1095409863628447,1.0,0.9889045901363716,1416.949089616537,1.2500095181167126
learning,34,23,0.50137,0.49766666666666665,post_filter,0.48620905727148056,0.9,0.0,4708.999767899513,1.792039256542921
learning,14,28,0.495225,0.49333333333333335,post_filter,0.44941698433831334,0.9,0.0,4499.976057559252,1.541979145258665
learning,27,8,0.22942,0.23266666666666666,bitmap_prefilter,34.34574999846518,1.0,0.6565425000153482,2332.9630494117737,0.5420297384262085
learning,21,12,0.318055,0.30733333333333335,post_filter,1.1309169931337237,1.0,0.9886908300686628,1375.0395737588406,1.167005393654108
learning,25,25,0.499745,0.499,post_filter,0.37458300357684493,1.0,0.9962541699642316,4625.00611320138,1.6249832697212696
learning,29,26,0.498065,0.49383333333333335,post_filter,0.3852910012938082,1.0,0.9961470899870619,4541.012458503246,1.8330174498260021
learning,34,19,0.53564,0.5466666666666666,bitmap_prefilter,71.3897499954328,1.0,0.28610250004567206,4749.977961182594,0.833999365568161
learning,37,12,0.318055,0.30733333333333335,post_filter,0.7670830236747861,0.9,0.0,1500.011421740055,1.2909877113997936
learning,5,0,0.05569,0.05516666666666667,post_filter,0.4664170555770397,0.9,0.0,250.0019036233425,0.3750319592654705
learning,29,4,0.14593,0.1435,bitmap_prefilter,22.018957999534905,1.0,0.779810420004651,292.027834802866,0.4169996827840805
learning,24,8,0.22942,0.23266666666666666,bitmap_prefilter,37.96100104227662,1.0,0.6203899895772338,2250.0171326100826,0.541971530765295
learning,20,14,0.38971,0.4031666666666667,bitmap_prefilter,56.21562502346933,1.0,0.4378437497653067,2416.956704109907,0.7079797796905041
learning,24,28,0.495225,0.49333333333333335,post_filter,0.5422920221462846,1.0,0.9945770797785372,4499.976057559252,1.6660196706652641
learning,26,26,0.498065,0.49383333333333335,post_filter,0.559625041205436,1.0,0.9944037495879456,4541.012458503246,1.6249832697212696
learning,30,2,0.091935,0.0895,bitmap_prefilter,14.21729294816032,1.0,0.8578270705183968,1041.97533801198,0.33300602808594704
learning,3,17,0.634135,0.6293333333333333,post_filter,0.6153330323286355,1.0,0.9938466696767136,5334.033630788326,0.9170034900307655
learning,14,11,0.30024,0.29283333333333333,post_filter,0.43316802475601435,0.9,0.0,2749.962732195854,1.2500095181167126
learning,41,24,0.50093,0.497,bitmap_prefilter,67.18716601608321,1.0,0.3281283398391679,4625.00611320138,1.7079873941838741
learning,12,7,0.211115,0.2095,post_filter,0.45320799108594656,1.0,0.9954679200891405,2290.9953258931637,0.500003807246685
learning,9,19,0.53564,0.5466666666666666,bitmap_prefilter,75.142459012568,1.0,0.24857540987432003,4791.014362126589,0.7909839041531086
learning,42,15,0.611055,0.6068333333333333,bitmap_prefilter,80.18833299865946,1.0,0.19811667001340538,9165.960364043713,0.833999365568161
learning,29,6,0.182175,0.17783333333333334,post_filter,0.4723749589174986,1.0,0.995276250410825,1457.9854905605316,0.500003807246685
learning,23,24,0.50093,0.497,post_filter,0.36116602132096887,1.0,0.9963883397867903,4666.97383671999,1.7079873941838741
learning,45,23,0.50137,0.49766666666666665,post_filter,0.4533749888651073,1.0,0.9954662501113489,4708.010237663984,1.8329592421650887
learning,6,9,0.24966,0.25466666666666665,post_filter,0.7606659783050418,0.5,0.0,2583.0231606960297,0.5830079317092896
learning,19,29,0.495095,0.4925,post_filter,0.5150409415364265,0.3,0.0,4499.976057559252,1.5830155462026596
learning,24,29,0.495095,0.4925,post_filter,0.5441660177893937,1.0,0.9945583398221061,4458.008334040642,1.6249832697212696
learning,12,22,0.520815,0.5185,post_filter,0.3701670211739838,1.0,0.9962983297882602,4791.014362126589,1.7079873941838741
learning,15,20,0.52445,0.5201666666666667,post_filter,0.428917002864182,1.0,0.9957108299713582,5208.014044910669,1.6249832697212696
learning,43,27,0.4977,0.49666666666666665,post_filter,0.39733300218358636,1.0,0.9960266699781641,4583.03838968277,1.667009200900793
learning,36,3,0.10466,0.10066666666666667,post_filter,0.5347499973140657,0.8,0.0,1625.041477382183,0.41601015254855156
learning,34,11,0.30024,0.29283333333333333,post_filter,0.7152920006774366,1.0,0.9928470799932256,2707.995008677244,1.2500095181167126
learning,4,11,0.30024,0.29283333333333333,post_filter,0.5870829918421805,1.0,0.9941291700815782,2624.9908842146397,1.207983586937189
learning,0,10,0.269105,0.2755,post_filter,0.6586660165339708,0.9,0.0,2708.984538912773,0.5830079317092896
learning,31,26,0.498065,0.49383333333333335,post_filter,0.3933330299332738,0.9,0.0,4625.00611320138,1.5830155462026596
learning,29,20,0.52445,0.5201666666666667,post_filter,0.399999029468745,1.0,0.9960000097053126,4915.986210107803,1.625041477382183
learning,11,13,0.340785,0.347,post_filter,0.49879198195412755,0.0,0.0,3707.944415509701,0.6660120561718941
learning,17,20,0.52445,0.5201666666666667,post_filter,0.44049997813999653,1.0,0.9955950002186,5166.046321392059,1.7079873941838741
learning,34,29,0.495095,0.4925,post_filter,0.4830420366488397,1.0,0.9951695796335116,4499.976057559252,1.6249832697212696
learning,27,14,0.38971,0.4031666666666667,post_filter,0.5829159636050463,1.0,0.9941708403639495,2417.0149117708206,0.7079797796905041
learning,17,18,0.543895,0.541,post_filter,0.45066705206409097,1.0,0.9954933294793591,5042.00579598546,1.667009200900793
learning,5,7,0.211115,0.2095,bitmap_prefilter,32.1932919905521,1.0,0.678067080094479,2374.988980591297,0.5409820005297661
learning,15,14,0.38971,0.4031666666666667,post_filter,0.8029590244404972,0.4,0.0,2458.9826352894306,0.7080379873514175
learning,39,18,0.543895,0.541,post_filter,0.45216595754027367,1.0,0.9954783404245973,4999.979864805937,1.7079873941838741
learning,1,10,0.269105,0.2755,bitmap_prefilter,40.31358304200694,1.0,0.5968641695799306,2624.9908842146397,0.625033862888813
learning,11,10,0.269105,0.2755,bitmap_prefilter,40.77183298068121,0.0,0.0,2583.0231606960297,0.5830079317092896
learning,16,11,0.30024,0.29283333333333333,post_filter,0.36616699071601033,1.0,0.9963383300928399,2665.9690774977207,1.207983586937189
learning,38,28,0.495225,0.49333333333333335,post_filter,0.3119169850833714,1.0,0.9968808301491663,4541.012458503246,1.667009200900793
learning,35,8,0.22942,0.23266666666666666,bitmap_prefilter,35.45995900640264,1.0,0.6454004099359736,2333.021257072687,0.5420297384262085
learning,5,6,0.182175,0.17783333333333334,bitmap_prefilter,28.500334010459483,1.0,0.7149966598954052,1291.9772416353226,0.5410402081906796
learning,31,13,0.340785,0.347,post_filter,0.4135000053793192,1.0,0.9958649999462068,3541.0048440098763,0.6660120561718941
learning,44,7,0.211115,0.2095,bitmap_prefilter,34.58062501158565,1.0,0.6541937498841435,2332.9630494117737,0.541971530765295
learning,31,22,0.520815,0.5185,post_filter,0.3968329983763397,1.0,0.9960316700162366,4708.999767899513,1.6659614630043507
learning,5,0,0.05569,0.05516666666666667,bitmap_prefilter,9.385875950101763,1.0,0.9061412404989824,375.0319592654705,0.33300602808594704
learning,44,12,0.318055,0.30733333333333335,post_filter,0.6313740159384906,1.0,0.9936862598406151,1583.946868777275,1.2500095181167126
learning,37,21,1.0,1.0,post_filter,0.4946659901179373,1.0,0.9950533400988206,375.0319592654705,0.08300412446260452
learning,30,11,0.30024,0.29283333333333333,post_filter,0.6079580052755773,0.9,0.0,2709.0427465736866,1.249951310455799
learning,27,11,0.30024,0.29283333333333333,post_filter,0.9551250259391963,1.0,0.990448749740608,2541.986759752035,1.2909877113997936
learning,21,17,0.634135,0.6293333333333333,bitmap_prefilter,82.42416701978073,1.0,0.17575832980219275,9165.960364043713,0.9159557521343231
learning,17,14,0.38971,0.4031666666666667,bitmap_prefilter,58.37991600856185,1.0,0.4162008399143815,2541.986759752035,0.7079797796905041
learning,7,7,0.211115,0.2095,post_filter,0.5867069703526795,1.0,0.9941329302964732,2334.010787308216,0.49994559958577156
learning,7,10,0.269105,0.2755,post_filter,0.5171250086277723,1.0,0.9948287499137223,2666.027285158634,0.8749775588512421
frozen,0,0,0.05569,0.05516666666666667,bitmap_prefilter,12.123543012421578,1.0,0.8787645698757842,1000.00761449337,0.8330098353326321
frozen,1,0,0.05569,0.05516666666666667,bitmap_prefilter,10.735415969975293,1.0,0.8926458403002471,542.0297384262085,0.500003807246685
frozen,2,0,0.05569,0.05516666666666667,bitmap_prefilter,8.735625015106052,1.0,0.9126437498489395,292.027834802866,0.2080341801047325
frozen,3,0,0.05569,0.05516666666666667,bitmap_prefilter,9.101916046347469,1.0,0.9089808395365253,250.0019036233425,0.12497184798121452
frozen,4,0,0.05569,0.05516666666666667,bitmap_prefilter,8.3344989689067,1.0,0.916655010310933,208.965502679348,0.08300412446260452
frozen,5,0,0.05569,0.05516666666666667,bitmap_prefilter,9.385875950101763,1.0,0.9061412404989824,208.0341801047325,0.08399365469813347
frozen,6,0,0.05569,0.05516666666666667,bitmap_prefilter,8.942793007008731,1.0,0.9105720699299127,207.97597244381905,0.08300412446260452
frozen,7,0,0.05569,0.05516666666666667,bitmap_prefilter,8.914624981116503,1.0,0.910853750188835,291.9696271419525,0.125030055642128
frozen,8,0,0.05569,0.05516666666666667,bitmap_prefilter,8.82429099874571,1.0,0.9117570900125429,250.0019036233425,0.08399365469813347
frozen,9,0,0.05569,0.05516666666666667,bitmap_prefilter,8.84095800574869,1.0,0.9115904199425131,333.00602808594704,0.08399365469813347
frozen,10,0,0.05569,0.05516666666666667,bitmap_prefilter,8.7964580161497,1.0,0.912035419838503,333.00602808594704,0.16600824892520905
frozen,11,0,0.05569,0.05516666666666667,bitmap_prefilter,8.876917010638863,0.0,0.0,291.9696271419525,0.12497184798121452
frozen,12,0,0.05569,0.05516666666666667,bitmap_prefilter,9.358542039990425,1.0,0.9064145796000957,374.97375160455704,0.08300412446260452
frozen,13,0,0.05569,0.05516666666666667,bitmap_prefilter,8.861541980877519,1.0,0.9113845801912248,290.98009690642357,0.16595004126429558
frozen,14,0,0.05569,0.05516666666666667,bitmap_prefilter,8.73850000789389,1.0,0.9126149999210611,292.027834802866,0.08399365469813347
frozen,15,0,0.05569,0.05516666666666667,bitmap_prefilter,8.862333022989333,1.0,0.9113766697701067,333.00602808594704,0.125030055642128
frozen,16,0,0.05569,0.05516666666666667,bitmap_prefilter,9.235624980647117,1.0,0.9076437501935288,291.03830456733704,0.125030055642128
frozen,17,0,0.05569,0.05516666666666667,bitmap_prefilter,8.871749974787235,1.0,0.9112825002521276,292.027834802866,0.12497184798121452
frozen,18,0,0.05569,0.05516666666666667,bitmap_prefilter,8.775207970757037,1.0,0.9122479202924296,292.027834802866,0.12497184798121452
frozen,19,0,0.05569,0.05516666666666667,bitmap_prefilter,8.798041963018477,1.0,0.9120195803698152,250.0019036233425,0.12497184798121452
frozen,20,0,0.05569,0.05516666666666667,bitmap_prefilter,8.87420802609995,1.0,0.9112579197390005,290.98009690642357,0.125030055642128
frozen,21,0,0.05569,0.05516666666666667,bitmap_prefilter,8.933959004934877,1.0,0.9106604099506512,290.98009690642357,0.12497184798121452
frozen,22,0,0.05569,0.05516666666666667,bitmap_prefilter,8.97045701276511,1.0,0.9102954298723489,292.027834802866,0.08399365469813347
frozen,23,0,0.05569,0.05516666666666667,bitmap_prefilter,8.993083029054105,1.0,0.910069169709459,292.027834802866,0.12497184798121452
frozen,24,0,0.05569,0.05516666666666667,bitmap_prefilter,9.025584033224732,1.0,0.9097441596677527,333.00602808594704,0.16600824892520905
frozen,25,0,0.05569,0.05516666666666667,bitmap_prefilter,8.794541994575411,1.0,0.9120545800542459,333.00602808594704,0.12497184798121452
frozen,26,0,0.05569,0.05516666666666667,bitmap_prefilter,8.753249945584685,1.0,0.9124675005441532,292.027834802866,0.12497184798121452
frozen,27,0,0.05569,0.05516666666666667,bitmap_prefilter,8.854917017742991,1.0,0.9114508298225701,292.027834802866,0.125030055642128
frozen,28,0,0.05569,0.05516666666666667,bitmap_prefilter,8.944583998527378,1.0,0.9105541600147262,333.00602808594704,0.125030055642128
frozen,29,0,0.05569,0.05516666666666667,bitmap_prefilter,9.11958294454962,1.0,0.9088041705545038,250.0019036233425,0.125030055642128
frozen,30,0,0.05569,0.05516666666666667,bitmap_prefilter,8.687084016855806,1.0,0.9131291598314419,291.9696271419525,0.16600824892520905
frozen,31,0,0.05569,0.05516666666666667,bitmap_prefilter,11.747250042390078,1.0,0.8825274995760992,250.0019036233425,0.125030055642128
frozen,32,0,0.05569,0.05516666666666667,bitmap_prefilter,9.023332968354225,1.0,0.9097666703164577,333.00602808594704,0.125030055642128
frozen,33,0,0.05569,0.05516666666666667,bitmap_prefilter,12.701875995844603,1.0,0.872981240041554,292.027834802866,0.12497184798121452
frozen,34,0,0.05569,0.05516666666666667,bitmap_prefilter,8.961417013779283,1.0,0.9103858298622072,333.00602808594704,0.08399365469813347
frozen,35,0,0.05569,0.05516666666666667,bitmap_prefilter,12.590749014634639,1.0,0.8740925098536536,290.98009690642357,0.125030055642128
frozen,36,0,0.05569,0.05516666666666667,bitmap_prefilter,11.842000007163733,1.0,0.8815799999283627,290.98009690642357,0.125030055642128
frozen,37,0,0.05569,0.05516666666666667,bitmap_prefilter,9.737332991790026,1.0,0.9026266700820997,292.027834802866,0.12497184798121452
frozen,38,0,0.05569,0.05516666666666667,bitmap_prefilter,10.143499996047467,1.0,0.8985650000395253,291.03830456733704,0.12497184798121452
frozen,39,0,0.05569,0.05516666666666667,bitmap_prefilter,9.332958026789129,1.0,0.9066704197321087,291.03830456733704,0.12497184798121452
frozen,40,0,0.05569,0.05516666666666667,bitmap_prefilter,9.58845898276195,1.0,0.9041154101723805,290.98009690642357,0.125030055642128
frozen,41,0,0.05569,0.05516666666666667,bitmap_prefilter,10.09387505473569,1.0,0.8990612494526431,249.94369596242905,0.16600824892520905
frozen,42,0,0.05569,0.05516666666666667,bitmap_prefilter,9.234416007529944,1.0,0.9076558399247006,333.995558321476,0.08300412446260452
frozen,43,0,0.05569,0.05516666666666667,bitmap_prefilter,9.718875982798636,1.0,0.9028112401720136,291.9696271419525,0.125030055642128
frozen,44,0,0.05569,0.05516666666666667,bitmap_prefilter,9.046459046658128,1.0,0.9095354095334187,250.0019036233425,0.08300412446260452
frozen,45,0,0.05569,0.05516666666666667,bitmap_prefilter,9.547040972393006,1.0,0.9045295902760699,250.0019036233425,0.12497184798121452
frozen,46,0,0.05569,0.05516666666666667,bitmap_prefilter,9.91666701156646,1.0,0.9008333298843354,250.0019036233425,0.125030055642128
frozen,47,0,0.05569,0.05516666666666667,bitmap_prefilter,9.245041001122445,1.0,0.9075495899887756,250.0019036233425,0.08399365469813347
frozen,48,0,0.05569,0.05516666666666667,bitmap_prefilter,9.578291967045516,1.0,0.9042170803295448,250.0019036233425,0.125030055642128
frozen,49,0,0.05569,0.05516666666666667,bitmap_prefilter,9.098083013668656,1.0,0.9090191698633134,250.0019036233425,0.12497184798121452
frozen,0,1,0.068415,0.06633333333333333,bitmap_prefilter,20.293458946980536,1.0,0.7970654105301946,1250.0095181167126,0.08399365469813347
frozen,1,1,0.068415,0.06633333333333333,bitmap_prefilter,10.77950099715963,1.0,0.8922049900284037,874.9775588512421,0.08300412446260452
frozen,2,1,0.068415,0.06633333333333333,bitmap_prefilter,11.124667013064027,1.0,0.8887533298693597,790.9839041531086,0.08300412446260452
frozen,3,1,0.068415,0.06633333333333333,bitmap_prefilter,11.836666031740606,1.0,0.8816333396825939,875.0357665121555,0.08300412446260452
frozen,4,1,0.068415,0.06633333333333333,bitmap_prefilter,12.465999985579401,1.0,0.875340000144206,750.0057108700275,0.08300412446260452
frozen,5,1,0.068415,0.06633333333333333,bitmap_prefilter,10.936166974715889,1.0,0.8906383302528411,750.0057108700275,0.08399365469813347
frozen,6,1,0.068415,0.06633333333333333,bitmap_prefilter,19.743540964554995,1.0,0.80256459035445,750.0057108700275,0.04103640094399452
frozen,7,1,0.068415,0.06633333333333333,bitmap_prefilter,12.436583056114614,1.0,0.8756341694388539,750.0057108700275,0.08300412446260452
frozen,8,1,0.068415,0.06633333333333333,bitmap_prefilter,11.395374953281134,1.0,0.8860462504671887,750.0057108700275,0.12497184798121452
frozen,9,1,0.068415,0.06633333333333333,bitmap_prefilter,11.08862494584173,1.0,0.8891137505415827,750.0057108700275,0.08300412446260452
frozen,10,1,0.068415,0.06633333333333333,bitmap_prefilter,11.982208990957588,1.0,0.8801779100904241,707.9797796905041,0.08399365469813347
frozen,11,1,0.068415,0.06633333333333333,bitmap_prefilter,13.099625008180737,0.0,0.0,750.0057108700275,0.12497184798121452
frozen,12,1,0.068415,0.06633333333333333,bitmap_prefilter,12.274332984816283,1.0,0.8772566701518372,750.0057108700275,0.08300412446260452
frozen,13,1,0.068415,0.06633333333333333,bitmap_prefilter,11.152874969411641,1.0,0.8884712503058836,709.0275175869465,0.08300412446260452
frozen,14,1,0.068415,0.06633333333333333,bitmap_prefilter,10.665834008250386,1.0,0.8933416599174961,709.0275175869465,0.08300412446260452
frozen,15,1,0.068415,0.06633333333333333,bitmap_prefilter,10.821582982316613,1.0,0.8917841701768339,707.9797796905041,0.08300412446260452
frozen,16,1,0.068415,0.06633333333333333,bitmap_prefilter,10.74695901479572,1.0,0.8925304098520428,707.9797796905041,0.08300412446260452
frozen,17,1,0.068415,0.06633333333333333,bitmap_prefilter,10.513166023883969,1.0,0.8948683397611603,708.0379873514175,0.08300412446260452
frozen,18,1,0.068415,0.06633333333333333,bitmap_prefilter,10.72504196781665,1.0,0.8927495803218335,750.0057108700275,0.08300412446260452
frozen,19,1,0.068415,0.06633333333333333,bitmap_prefilter,10.905959003139287,1.0,0.8909404099686071,750.0057108700275,0.08300412446260452
frozen,20,1,0.068415,0.06633333333333333,bitmap_prefilter,11.549249989911914,1.0,0.8845075001008809,708.0379873514175,0.08300412446260452
frozen,21,1,0.068415,0.06633333333333333,bitmap_prefilter,11.88458304386586,1.0,0.8811541695613414,750.0057108700275,0.12497184798121452
frozen,22,1,0.068415,0.06633333333333333,bitmap_prefilter,11.182083981111646,1.0,0.8881791601888835,708.969309926033,0.08300412446260452
frozen,23,1,0.068415,0.06633333333333333,bitmap_prefilter,11.24808401800692,1.0,0.8875191598199308,750.0057108700275,0.08300412446260452
frozen,24,1,0.068415,0.06633333333333333,bitmap_prefilter,10.600582987535745,1.0,0.8939941701246426,708.0379873514175,0.08300412446260452
frozen,25,1,0.068415,0.06633333333333333,bitmap_prefilter,10.227126011159271,1.0,0.8977287398884073,750.0057108700275,0.125030055642128
frozen,26,1,0.068415,0.06633333333333333,bitmap_prefilter,10.04241599002853,1.0,0.8995758400997147,708.969309926033,0.04202593117952347
frozen,27,1,0.068415,0.06633333333333333,bitmap_prefilter,10.135167045518756,1.0,0.8986483295448124,709.0275175869465,0.08294591680169106
frozen,28,1,0.068415,0.06633333333333333,bitmap_prefilter,13.132916996255517,1.0,0.8686708300374448,749.9475032091141,0.08300412446260452
frozen,29,1,0.068415,0.06633333333333333,bitmap_prefilter,11.77087496034801,1.0,0.8822912503965199,750.0057108700275,0.08300412446260452
frozen,30,1,0.068415,0.06633333333333333,bitmap_prefilter,10.661999986041337,1.0,0.8933800001395866,750.0057108700275,0.08300412446260452
frozen,31,1,0.068415,0.06633333333333333,bitmap_prefilter,10.120916995219886,1.0,0.8987908300478011,707.9797796905041,0.12497184798121452
frozen,32,1,0.068415,0.06633333333333333,bitmap_prefilter,10.824209020938724,1.0,0.8917579097906128,750.0057108700275,0.08300412446260452
frozen,33,1,0.068415,0.06633333333333333,bitmap_prefilter,10.660916974302381,1.0,0.8933908302569762,707.9797796905041,0.08300412446260452
frozen,34,1,0.068415,0.06633333333333333,bitmap_prefilter,10.650374984834343,1.0,0.8934962501516566,708.0379873514175,0.08300412446260452
frozen,35,1,0.068415,0.06633333333333333,bitmap_prefilter,29.74679204635322,1.0,0.7025320795364678,750.0057108700275,0.08300412446260452
frozen,36,1,0.068415,0.06633333333333333,bitmap_prefilter,12.646541930735111,1.0,0.8735345806926489,709.0275175869465,0.08294591680169106
frozen,37,1,0.068415,0.06633333333333333,bitmap_prefilter,11.71795796835795,1.0,0.8828204203164205,750.0057108700275,0.125030055642128
frozen,38,1,0.068415,0.06633333333333333,bitmap_prefilter,10.69070800440386,1.0,0.8930929199559614,708.0379873514175,0.125030055642128
frozen,39,1,0.068415,0.06633333333333333,bitmap_prefilter,10.825000004842877,1.0,0.8917499999515712,750.0057108700275,0.08399365469813347
frozen,40,1,0.068415,0.06633333333333333,bitmap_prefilter,11.262500018347055,1.0,0.8873749998165295,750.0057108700275,0.08300412446260452
frozen,41,1,0.068415,0.06633333333333333,bitmap_prefilter,11.023208033293486,1.0,0.8897679196670651,667.001586407423,0.08300412446260452
frozen,42,1,0.068415,0.06633333333333333,bitmap_prefilter,10.807333048433065,1.0,0.8919266695156693,707.9797796905041,0.08300412446260452
frozen,43,1,0.068415,0.06633333333333333,bitmap_prefilter,11.014874966349453,1.0,0.8898512503365055,707.9797796905041,0.08300412446260452
frozen,44,1,0.068415,0.06633333333333333,bitmap_prefilter,10.957501013763249,1.0,0.8904249898623675,707.9797796905041,0.08300412446260452
frozen,45,1,0.068415,0.06633333333333333,bitmap_prefilter,10.8540840446949,1.0,0.891459159553051,707.9797796905041,0.08294591680169106
frozen,46,1,0.068415,0.06633333333333333,bitmap_prefilter,10.908665950410068,1.0,0.8909133404958993,750.0057108700275,0.08300412446260452
frozen,47,1,0.068415,0.06633333333333333,bitmap_prefilter,11.368458974175155,1.0,0.8863154102582484,708.969309926033,0.08300412446260452
frozen,48,1,0.068415,0.06633333333333333,bitmap_prefilter,11.539250961504877,1.0,0.8846074903849512,708.969309926033,0.08300412446260452
frozen,49,1,0.068415,0.06633333333333333,bitmap_prefilter,11.14158402197063,1.0,0.8885841597802937,667.001586407423,0.08300412446260452
frozen,0,2,0.091935,0.0895,bitmap_prefilter,43.37220801971853,1.0,0.5662779198028147,1040.985807776451,0.08300412446260452
frozen,1,2,0.091935,0.0895,bitmap_prefilter,14.172333001624793,1.0,0.8582766699837521,1000.00761449337,0.08300412446260452
frozen,2,2,0.091935,0.0895,bitmap_prefilter,14.417083992157131,1.0,0.8558291600784287,917.0034900307655,0.08300412446260452
frozen,3,2,0.091935,0.0895,bitmap_prefilter,14.533457986544818,1.0,0.8546654201345518,959.029421210289,0.12497184798121452
frozen,4,2,0.091935,0.0895,bitmap_prefilter,13.812791963573545,1.0,0.8618720803642645,957.9816833138466,0.08294591680169106
frozen,5,2,0.091935,0.0895,bitmap_prefilter,14.615666994359344,1.0,0.8538433300564066,833.999365568161,0.08300412446260452
frozen,6,2,0.091935,0.0895,bitmap_prefilter,14.465957996435463,1.0,0.8553404200356454,833.0098353326321,0.08300412446260452
frozen,7,2,0.091935,0.0895,bitmap_prefilter,14.628082979470491,1.0,0.8537191702052951,832.9516276717186,0.08300412446260452
frozen,8,2,0.091935,0.0895,bitmap_prefilter,14.147917041555047,1.0,0.8585208295844495,874.9775588512421,0.08300412446260452
frozen,9,2,0.091935,0.0895,bitmap_prefilter,14.038332970812917,1.0,0.8596166702918708,832.9516276717186,0.12497184798121452
frozen,10,2,0.091935,0.0895,bitmap_prefilter,14.730333001352847,1.0,0.8526966699864715,874.9775588512421,0.12497184798121452
frozen,11,2,0.091935,0.0895,bitmap_prefilter,14.639000000897795,0.0,0.0,1041.0440154373646,0.16600824892520905
frozen,12,2,0.091935,0.0895,bitmap_prefilter,14.324292016681284,1.0,0.8567570798331872,874.9775588512421,0.08294591680169106
frozen,13,2,0.091935,0.0895,bitmap_prefilter,13.457874010782689,1.0,0.8654212598921731,833.999365568161,0.08300412446260452
frozen,14,2,0.091935,0.0895,bitmap_prefilter,14.066167001146823,1.0,0.8593383299885318,875.0357665121555,0.08294591680169106
frozen,15,2,0.091935,0.0895,bitmap_prefilter,13.524916023015976,1.0,0.8647508397698402,833.0098353326321,0.08300412446260452
frozen,16,2,0.091935,0.0895,bitmap_prefilter,13.904874969739467,1.0,0.8609512503026053,833.0098353326321,0.08300412446260452
frozen,17,2,0.091935,0.0895,bitmap_prefilter,13.420124014373869,1.0,0.8657987598562613,874.9775588512421,0.08405186235904694
frozen,18,2,0.091935,0.0895,bitmap_prefilter,13.664083031471819,1.0,0.8633591696852818,874.9775588512421,0.08399365469813347
frozen,19,2,0.091935,0.0895,bitmap_prefilter,14.274042041506618,1.0,0.8572595795849338,833.999365568161,0.08300412446260452
frozen,20,2,0.091935,0.0895,bitmap_prefilter,14.09204100491479,1.0,0.8590795899508521,833.0098353326321,0.08300412446260452
frozen,21,2,0.091935,0.0895,bitmap_prefilter,14.63312393752858,1.0,0.8536687606247142,833.999365568161,0.08300412446260452
frozen,22,2,0.091935,0.0895,bitmap_prefilter,14.444751024711877,1.0,0.8555524897528812,833.0098353326321,0.08399365469813347
frozen,23,2,0.091935,0.0895,bitmap_prefilter,14.454333984758705,1.0,0.855456660152413,833.999365568161,0.08399365469813347
frozen,24,2,0.091935,0.0895,bitmap_prefilter,14.44249995984137,1.0,0.8555750004015863,833.0098353326321,0.08300412446260452
frozen,25,2,0.091935,0.0895,bitmap_prefilter,14.440458035096526,1.0,0.8555954196490347,874.9775588512421,0.08300412446260452
frozen,26,2,0.091935,0.0895,bitmap_prefilter,14.184499974362552,1.0,0.8581550002563745,874.9775588512421,0.12497184798121452
frozen,27,2,0.091935,0.0895,bitmap_prefilter,14.470292022451758,1.0,0.8552970797754824,833.0098353326321,0.12497184798121452
frozen,28,2,0.091935,0.0895,bitmap_prefilter,14.168916968628764,1.0,0.8583108303137124,833.999365568161,0.08300412446260452
frozen,29,2,0.091935,0.0895,bitmap_prefilter,14.437958074267954,1.0,0.8556204192573205,917.0034900307655,0.08399365469813347
frozen,30,2,0.091935,0.0895,post_filter,0.6839589332230389,0.2,0.0,833.999365568161,0.37497375160455704
frozen,31,2,0.091935,0.0895,bitmap_prefilter,14.606916985940188,1.0,0.8539308301405981,916.0139597952366,0.125030055642128
frozen,32,2,0.091935,0.0895,bitmap_prefilter,14.534832967910916,1.0,0.8546516703208908,833.999365568161,0.08300412446260452
frozen,33,2,0.091935,0.0895,bitmap_prefilter,14.444750035181642,1.0,0.8555524996481836,832.9516276717186,0.08300412446260452
frozen,34,2,0.091935,0.0895,bitmap_prefilter,14.191208989359438,1.0,0.8580879101064056,875.0357665121555,0.08300412446260452
frozen,35,2,0.091935,0.0895,bitmap_prefilter,14.434998971410096,1.0,0.855650010285899,875.0357665121555,0.08294591680169106
frozen,36,2,0.091935,0.0895,bitmap_prefilter,14.012125029694289,1.0,0.8598787497030571,875.0357665121555,0.125030055642128
frozen,37,2,0.091935,0.0895,bitmap_prefilter,14.405458001419902,1.0,0.855945419985801,833.0098353326321,0.08300412446260452
frozen,38,2,0.091935,0.0895,bitmap_prefilter,14.424209017306566,1.0,0.8557579098269343,875.0357665121555,0.08300412446260452
frozen,39,2,0.091935,0.0895,bitmap_prefilter,14.165125030558556,1.0,0.8583487496944144,875.0357665121555,0.08300412446260452
frozen,40,2,0.091935,0.0895,bitmap_prefilter,14.360208995640278,1.0,0.8563979100435972,875.0357665121555,0.12497184798121452
frozen,41,2,0.091935,0.0895,bitmap_prefilter,14.08925000578165,1.0,0.8591074999421835,832.9516276717186,0.12497184798121452
frozen,42,2,0.091935,0.0895,bitmap_prefilter,13.823458983097225,1.0,0.8617654101690277,833.0098353326321,0.08399365469813347
frozen,43,2,0.091935,0.0895,bitmap_prefilter,14.5785819622688,1.0,0.854214180377312,832.9516276717186,0.08300412446260452
frozen,44,2,0.091935,0.0895,bitmap_prefilter,14.10891697742045,1.0,0.8589108302257955,874.9775588512421,0.08300412446260452
frozen,45,2,0.091935,0.0895,bitmap_prefilter,14.12258401978761,1.0,0.8587741598021239,833.0098353326321,0.125030055642128
frozen,46,2,0.091935,0.0895,bitmap_prefilter,14.58345801802352,1.0,0.8541654198197648,833.0098353326321,0.08405186235904694
frozen,47,2,0.091935,0.0895,bitmap_prefilter,14.33187595102936,1.0,0.8566812404897064,833.999365568161,0.08300412446260452
frozen,48,2,0.091935,0.0895,bitmap_prefilter,15.012001036666334,1.0,0.8498799896333367,833.0098353326321,0.08399365469813347
frozen,49,2,0.091935,0.0895,bitmap_prefilter,14.497168071102351,1.0,0.8550283192889765,833.999365568161,0.08300412446260452
frozen,0,3,0.10466,0.10066666666666667,bitmap_prefilter,26.247959060128778,1.0,0.7375204093987122,1500.011421740055,0.08300412446260452
frozen,1,3,0.10466,0.10066666666666667,bitmap_prefilter,15.377792005892843,1.0,0.8462220799410716,1457.9854905605316,0.12497184798121452
frozen,2,3,0.10466,0.10066666666666667,bitmap_prefilter,15.885667002294213,1.0,0.8411433299770579,1416.0177670419216,0.08300412446260452
frozen,3,3,0.10466,0.10066666666666667,bitmap_prefilter,15.774417028296739,1.0,0.8422558297170326,1375.0395737588406,0.08300412446260452
frozen,4,3,0.10466,0.10066666666666667,bitmap_prefilter,15.235459024552256,1.0,0.8476454097544774,1375.0395737588406,0.08294591680169106
frozen,5,3,0.10466,0.10066666666666667,bitmap_prefilter,16.02787501178682,1.0,0.8397212498821318,1250.0095181167126,0.125030055642128
frozen,6,3,0.10466,0.10066666666666667,bitmap_prefilter,16.518501040991396,1.0,0.834814989590086,1291.9772416353226,0.08300412446260452
frozen,7,3,0.10466,0.10066666666666667,bitmap_prefilter,16.120333049912006,1.0,0.8387966695008799,1291.9772416353226,0.08300412446260452
frozen,8,3,0.10466,0.10066666666666667,bitmap_prefilter,16.233542002737522,1.0,0.8376645799726248,1290.9877113997936,0.12497184798121452
frozen,9,3,0.10466,0.10066666666666667,bitmap_prefilter,16.374833066947758,1.0,0.8362516693305224,1250.0095181167126,0.125030055642128
frozen,10,3,0.10466,0.10066666666666667,bitmap_prefilter,33.59416697639972,1.0,0.6640583302360028,1290.9877113997936,0.08300412446260452
frozen,11,3,0.10466,0.10066666666666667,bitmap_prefilter,28.69591600028798,0.0,0.0,1250.0095181167126,0.08300412446260452
frozen,12,3,0.10466,0.10066666666666667,bitmap_prefilter,17.608166963327676,1.0,0.8239183303667232,1249.951310455799,0.08294591680169106
frozen,13,3,0.10466,0.10066666666666667,bitmap_prefilter,19.66349995927885,1.0,0.8033650004072115,1333.013642579317,0.08399365469813347
frozen,14,3,0.10466,0.10066666666666667,bitmap_prefilter,17.26491702720523,1.0,0.8273508297279477,1249.951310455799,0.08300412446260452
frozen,15,3,0.10466,0.10066666666666667,bitmap_prefilter,16.65829203557223,1.0,0.8334170796442777,1290.9877113997936,0.12497184798121452
frozen,16,3,0.10466,0.10066666666666667,bitmap_prefilter,17.48516591032967,1.0,0.8251483408967033,1291.9772416353226,0.08405186235904694
frozen,17,3,0.10466,0.10066666666666667,bitmap_prefilter,17.698542040307075,1.0,0.8230145795969293,1207.983586937189,0.08300412446260452
frozen,18,3,0.10466,0.10066666666666667,bitmap_prefilter,17.675040988251567,1.0,0.8232495901174843,1250.0095181167126,0.12497184798121452
frozen,19,3,0.10466,0.10066666666666667,bitmap_prefilter,16.927083022892475,1.0,0.8307291697710752,1250.0095181167126,0.08300412446260452
frozen,20,3,0.10466,0.10066666666666667,bitmap_prefilter,16.792790964245796,1.0,0.832072090357542,1292.035449296236,0.08399365469813347
frozen,21,3,0.10466,0.10066666666666667,bitmap_prefilter,15.998000977560878,1.0,0.8400199902243912,1208.0417945981026,0.08300412446260452
frozen,22,3,0.10466,0.10066666666666667,bitmap_prefilter,15.673124988097697,1.0,0.843268750119023,1333.013642579317,0.08300412446260452
frozen,23,3,0.10466,0.10066666666666667,bitmap_prefilter,15.973750036209822,1.0,0.8402624996379018,1290.9877113997936,0.08300412446260452
frozen,24,3,0.10466,0.10066666666666667,post_filter,0.5828340072184801,0.9,0.0,1290.9877113997936,0.33294782042503357
frozen,25,3,0.10466,0.10066666666666667,bitmap_prefilter,16.339917026925832,1.0,0.8366008297307417,1291.9772416353226,0.08399365469813347
frozen,26,3,0.10466,0.10066666666666667,bitmap_prefilter,16.046166012529284,1.0,0.8395383398747072,1249.951310455799,0.12497184798121452
frozen,27,3,0.10466,0.10066666666666667,bitmap_prefilter,16.16291602840647,1.0,0.8383708397159353,1250.0095181167126,0.08399365469813347
frozen,28,3,0.10466,0.10066666666666667,bitmap_prefilter,16.109625052195042,1.0,0.8389037494780496,1249.951310455799,0.08300412446260452
frozen,29,3,0.10466,0.10066666666666667,bitmap_prefilter,16.103041009046137,1.0,0.8389695899095386,1333.013642579317,0.08399365469813347
frozen,30,3,0.10466,0.10066666666666667,bitmap_prefilter,16.37454197043553,1.0,0.8362545802956447,1291.9772416353226,0.08399365469813347
frozen,31,3,0.10466,0.10066666666666667,bitmap_prefilter,16.59024995751679,1.0,0.8340975004248321,1292.035449296236,0.08300412446260452
frozen,32,3,0.10466,0.10066666666666667,bitmap_prefilter,16.1818329943344,1.0,0.838181670056656,1250.0095181167126,0.08300412446260452
frozen,33,3,0.10466,0.10066666666666667,bitmap_prefilter,16.405125032179058,1.0,0.8359487496782094,1292.035449296236,0.125030055642128
frozen,34,3,0.10466,0.10066666666666667,bitmap_prefilter,15.120542026124895,1.0,0.848794579738751,1249.951310455799,0.08300412446260452
frozen,35,3,0.10466,0.10066666666666667,bitmap_prefilter,15.791833982802927,1.0,0.8420816601719707,1291.9772416353226,0.12497184798121452
frozen,36,3,0.10466,0.10066666666666667,bitmap_prefilter,15.055083960760385,1.0,0.8494491603923962,1332.9554349184036,0.12497184798121452
frozen,37,3,0.10466,0.10066666666666667,bitmap_prefilter,15.027209068648517,1.0,0.8497279093135148,1290.9877113997936,0.12497184798121452
frozen,38,3,0.10466,0.10066666666666667,bitmap_prefilter,15.183625044301152,1.0,0.8481637495569885,1292.035449296236,0.08399365469813347
frozen,39,3,0.10466,0.10066666666666667,bitmap_prefilter,15.318708028644323,1.0,0.8468129197135568,1291.9772416353226,0.08399365469813347
frozen,40,3,0.10466,0.10066666666666667,bitmap_prefilter,16.239248972851783,1.0,0.8376075102714822,1250.0095181167126,0.08399365469813347
frozen,41,3,0.10466,0.10066666666666667,bitmap_prefilter,15.993624983821064,1.0,0.8400637501617894,1291.9772416353226,0.12497184798121452
frozen,42,3,0.10466,0.10066666666666667,bitmap_prefilter,15.962707984726876,1.0,0.8403729201527312,1290.9877113997936,0.08300412446260452
frozen,43,3,0.10466,0.10066666666666667,bitmap_prefilter,16.269417013972998,1.0,0.83730582986027,1292.035449296236,0.08294591680169106
frozen,44,3,0.10466,0.10066666666666667,bitmap_prefilter,16.807874955702573,1.0,0.8319212504429743,1333.013642579317,0.08300412446260452
frozen,45,3,0.10466,0.10066666666666667,bitmap_prefilter,16.23995800036937,1.0,0.8376004199963063,1250.0095181167126,0.08399365469813347
frozen,46,3,0.10466,0.10066666666666667,bitmap_prefilter,16.365666990168393,1.0,0.8363433300983161,1333.013642579317,0.08300412446260452
frozen,47,3,0.10466,0.10066666666666667,bitmap_prefilter,16.378417029045522,1.0,0.8362158297095448,1250.0095181167126,0.08300412446260452
frozen,48,3,0.10466,0.10066666666666667,bitmap_prefilter,16.118916973937303,1.0,0.838810830260627,1249.951310455799,0.08300412446260452
frozen,49,3,0.10466,0.10066666666666667,bitmap_prefilter,16.103958012536168,1.0,0.8389604198746383,1333.013642579317,0.08300412446260452
frozen,0,4,0.14593,0.1435,bitmap_prefilter,101.00662597687915,1.0,0.0,292.027834802866,0.08399365469813347
frozen,1,4,0.14593,0.1435,bitmap_prefilter,22.292125038802624,1.0,0.7770787496119738,290.98009690642357,0.08300412446260452
frozen,2,4,0.14593,0.1435,bitmap_prefilter,22.70062593743205,1.0,0.7729937406256795,333.00602808594704,0.08399365469813347
frozen,3,4,0.14593,0.1435,bitmap_prefilter,22.43525005178526,1.0,0.7756474994821474,290.98009690642357,0.08300412446260452
frozen,4,4,0.14593,0.1435,bitmap_prefilter,22.464833047706634,1.0,0.7753516695229337,250.0019036233425,0.08300412446260452
frozen,5,4,0.14593,0.1435,bitmap_prefilter,22.52604201203212,1.0,0.7747395798796788,333.00602808594704,0.08294591680169106
frozen,6,4,0.14593,0.1435,bitmap_prefilter,22.175626014359295,1.0,0.778243739856407,250.0019036233425,0.08399365469813347
frozen,7,4,0.14593,0.1435,bitmap_prefilter,21.874374942854047,1.0,0.7812562505714595,250.0019036233425,0.08300412446260452
frozen,8,4,0.14593,0.1435,bitmap_prefilter,21.772332955151796,1.0,0.782276670448482,250.0019036233425,0.08399365469813347
frozen,9,4,0.14593,0.1435,bitmap_prefilter,21.723416983149946,1.0,0.7827658301685005,290.98009690642357,0.08300412446260452
frozen,10,4,0.14593,0.1435,bitmap_prefilter,21.993374975863844,1.0,0.7800662502413616,250.0019036233425,0.08294591680169106
frozen,11,4,0.14593,0.1435,bitmap_prefilter,22.629707935266197,1.0,0.773702920647338,250.0019036233425,0.08300412446260452
frozen,12,4,0.14593,0.1435,bitmap_prefilter,22.402833972591907,1.0,0.7759716602740809,250.0019036233425,0.08399365469813347
frozen,13,4,0.14593,0.1435,bitmap_prefilter,22.467875038273633,1.0,0.7753212496172637,250.0019036233425,0.12497184798121452
frozen,14,4,0.14593,0.1435,bitmap_prefilter,22.619874973315746,1.0,0.7738012502668425,250.0019036233425,0.08300412446260452
frozen,15,4,0.14593,0.1435,bitmap_prefilter,20.53391601657495,1.0,0.7946608398342505,250.0019036233425,0.12497184798121452
frozen,16,4,0.14593,0.1435,bitmap_prefilter,20.77358402311802,1.0,0.7922641597688198,250.0019036233425,0.08399365469813347
frozen,17,4,0.14593,0.1435,bitmap_prefilter,20.59620793443173,1.0,0.7940379206556827,250.0019036233425,0.08300412446260452
frozen,18,4,0.14593,0.1435,bitmap_prefilter,20.528500026557595,1.0,0.794714999734424,208.0341801047325,0.08300412446260452
frozen,19,4,0.14593,0.1435,bitmap_prefilter,21.291207056492567,1.0,0.7870879294350743,207.97597244381905,0.08294591680169106
frozen,20,4,0.14593,0.1435,bitmap_prefilter,22.457958955783397,1.0,0.775420410442166,250.0019036233425,0.12497184798121452
frozen,21,4,0.14593,0.1435,bitmap_prefilter,21.68233395786956,1.0,0.7831766604213044,291.9696271419525,0.12497184798121452
frozen,22,4,0.14593,0.1435,bitmap_prefilter,22.021333978045732,1.0,0.7797866602195427,250.0019036233425,0.08300412446260452
frozen,23,4,0.14593,0.1435,bitmap_prefilter,21.738499985076487,1.0,0.7826150001492351,250.0019036233425,0.125030055642128
frozen,24,4,0.14593,0.1435,bitmap_prefilter,21.87762496760115,1.0,0.7812237503239885,250.0019036233425,0.08300412446260452
frozen,25,4,0.14593,0.1435,bitmap_prefilter,22.68533402821049,1.0,0.7731466597178951,250.0019036233425,0.08300412446260452
frozen,26,4,0.14593,0.1435,bitmap_prefilter,21.841290988959372,1.0,0.7815870901104063,333.00602808594704,0.08399365469813347
frozen,27,4,0.14593,0.1435,bitmap_prefilter,21.981750964187086,1.0,0.7801824903581291,209.02371034026146,0.08300412446260452
frozen,28,4,0.14593,0.1435,bitmap_prefilter,22.484831977635622,1.0,0.7751516802236438,250.0019036233425,0.04202593117952347
frozen,29,4,0.14593,0.1435,bitmap_prefilter,22.018957999534905,1.0,0.779810420004651,250.0019036233425,0.08300412446260452
frozen,30,4,0.14593,0.1435,bitmap_prefilter,22.248332970775664,1.0,0.7775166702922434,291.03830456733704,0.08300412446260452
frozen,31,4,0.14593,0.1435,bitmap_prefilter,22.548874956555665,1.0,0.7745112504344434,250.0019036233425,0.12497184798121452
frozen,32,4,0.14593,0.1435,bitmap_prefilter,25.224709068425,1.0,0.74775290931575,250.0019036233425,0.12497184798121452
frozen,33,4,0.14593,0.1435,bitmap_prefilter,24.941583978943527,1.0,0.7505841602105647,290.98009690642357,0.08300412446260452
frozen,34,4,0.14593,0.1435,bitmap_prefilter,33.85441598948091,1.0,0.6614558401051909,250.0019036233425,0.08399365469813347
frozen,35,4,0.14593,0.1435,bitmap_prefilter,23.7362909829244,1.0,0.762637090170756,208.0341801047325,0.08300412446260452
frozen,36,4,0.14593,0.1435,bitmap_prefilter,23.21412501623854,1.0,0.7678587498376146,250.0019036233425,0.08300412446260452
frozen,37,4,0.14593,0.1435,bitmap_prefilter,24.124124960508198,1.0,0.758758750394918,291.03830456733704,0.08300412446260452
frozen,38,4,0.14593,0.1435,bitmap_prefilter,23.107123968657106,1.0,0.7689287603134289,250.0019036233425,0.08300412446260452
frozen,39,4,0.14593,0.1435,bitmap_prefilter,22.853582922834903,1.0,0.771464170771651,290.98009690642357,0.08300412446260452
frozen,40,4,0.14593,0.1435,bitmap_prefilter,22.978499997407198,1.0,0.770215000025928,208.0341801047325,0.08300412446260452
frozen,41,4,0.14593,0.1435,bitmap_prefilter,25.989624962676316,1.0,0.7401037503732368,250.0019036233425,0.04202593117952347
frozen,42,4,0.14593,0.1435,bitmap_prefilter,23.59262405661866,1.0,0.7640737594338134,250.0019036233425,0.08300412446260452
frozen,43,4,0.14593,0.1435,bitmap_prefilter,23.515457985922694,1.0,0.7648454201407731,207.97597244381905,0.08300412446260452
frozen,44,4,0.14593,0.1435,bitmap_prefilter,21.449291962198913,1.0,0.7855070803780109,249.94369596242905,0.125030055642128
frozen,45,4,0.14593,0.1435,bitmap_prefilter,21.233333041891456,1.0,0.7876666695810854,250.0019036233425,0.08300412446260452
frozen,46,4,0.14593,0.1435,bitmap_prefilter,24.27966595860198,1.0,0.7572033404139802,250.0019036233425,0.12497184798121452
frozen,47,4,0.14593,0.1435,bitmap_prefilter,22.768582974094898,1.0,0.772314170259051,209.02371034026146,0.08300412446260452
frozen,48,4,0.14593,0.1435,bitmap_prefilter,23.96499994210899,1.0,0.7603500005789101,208.0341801047325,0.08405186235904694
frozen,49,4,0.14593,0.1435,bitmap_prefilter,25.38579097017646,1.0,0.7461420902982354,209.02371034026146,0.08300412446260452
frozen,0,5,0.15984,0.15766666666666668,bitmap_prefilter,36.68525005923584,1.0,0.6331474994076416,2124.9870769679546,0.08300412446260452
frozen,1,5,0.15984,0.15766666666666668,bitmap_prefilter,23.639249964617193,1.0,0.7636075003538281,1917.0111045241356,0.08300412446260452
frozen,2,5,0.15984,0.15766666666666668,bitmap_prefilter,24.601499957498163,1.0,0.7539850004250184,1833.0174498260021,0.125030055642128
frozen,3,5,0.15984,0.15766666666666668,bitmap_prefilter,24.23291699960828,1.0,0.7576708300039172,1834.006980061531,0.08300412446260452
frozen,4,5,0.15984,0.15766666666666668,bitmap_prefilter,24.36908392701298,1.0,0.7563091607298702,1792.039256542921,0.08300412446260452
frozen,5,5,0.15984,0.15766666666666668,bitmap_prefilter,23.965957981999964,1.0,0.7603404201800004,1708.976924419403,0.08300412446260452
frozen,6,5,0.15984,0.15766666666666668,bitmap_prefilter,24.249708047136664,1.0,0.7575029195286334,1667.009200900793,0.08399365469813347
frozen,7,5,0.15984,0.15766666666666668,bitmap_prefilter,24.015541013795882,1.0,0.7598445898620412,1707.9873941838741,0.08300412446260452
frozen,8,5,0.15984,0.15766666666666668,bitmap_prefilter,24.009873974137008,1.0,0.7599012602586299,1707.9873941838741,0.12497184798121452
frozen,9,5,0.15984,0.15766666666666668,bitmap_prefilter,24.15391698013991,1.0,0.7584608301986009,1708.0456018447876,0.08399365469813347
frozen,10,5,0.15984,0.15766666666666668,bitmap_prefilter,24.310917069669813,1.0,0.7568908293033019,1750.0133253633976,0.08300412446260452
frozen,11,5,0.15984,0.15766666666666668,bitmap_prefilter,23.466458020266145,1.0,0.7653354197973385,1709.0351320803165,0.08294591680169106
frozen,12,5,0.15984,0.15766666666666668,bitmap_prefilter,24.554416071623564,1.0,0.7544558392837644,1708.0456018447876,0.08300412446260452
frozen,13,5,0.15984,0.15766666666666668,bitmap_prefilter,24.29683302761987,1.0,0.7570316697238013,1708.976924419403,0.08300412446260452
frozen,14,5,0.15984,0.15766666666666668,bitmap_prefilter,23.794376000296324,1.0,0.7620562399970368,1667.009200900793,0.08300412446260452
frozen,15,5,0.15984,0.15766666666666668,bitmap_prefilter,24.720791028812528,1.0,0.7527920897118747,1666.9509932398796,0.04202593117952347
frozen,16,5,0.15984,0.15766666666666668,bitmap_prefilter,24.13095795782283,1.0,0.7586904204217717,1708.976924419403,0.08405186235904694
frozen,17,5,0.15984,0.15766666666666668,bitmap_prefilter,24.219624989200383,1.0,0.7578037501079962,1709.0351320803165,0.08399365469813347
frozen,18,5,0.15984,0.15766666666666668,bitmap_prefilter,25.164582999423146,1.0,0.7483541700057685,1708.976924419403,0.04202593117952347
frozen,19,5,0.15984,0.15766666666666668,bitmap_prefilter,24.183667032048106,1.0,0.7581633296795189,1750.0133253633976,0.08405186235904694
frozen,20,5,0.15984,0.15766666666666668,bitmap_prefilter,24.838708923198283,1.0,0.7516129107680172,1750.0133253633976,0.08399365469813347
frozen,21,5,0.15984,0.15766666666666668,bitmap_prefilter,24.592041037976742,1.0,0.7540795896202326,1667.009200900793,0.08300412446260452
frozen,22,5,0.15984,0.15766666666666668,bitmap_prefilter,24.158542044460773,1.0,0.7584145795553923,1708.0456018447876,0.08300412446260452
frozen,23,5,0.15984,0.15766666666666668,bitmap_prefilter,22.36791606992483,1.0,0.7763208393007517,1749.9551177024841,0.08399365469813347
frozen,24,5,0.15984,0.15766666666666668,bitmap_prefilter,23.139249009545892,1.0,0.7686075099045411,1707.9873941838741,0.08399365469813347
frozen,25,5,0.15984,0.15766666666666668,bitmap_prefilter,22.63116801623255,1.0,0.7736883198376745,1750.0133253633976,0.08300412446260452
frozen,26,5,0.15984,0.15766666666666668,bitmap_prefilter,22.953458013944328,1.0,0.7704654198605567,1707.9873941838741,0.12497184798121452
frozen,27,5,0.15984,0.15766666666666668,bitmap_prefilter,23.07449997169897,1.0,0.7692550002830103,1709.0351320803165,0.08294591680169106
frozen,28,5,0.15984,0.15766666666666668,post_filter,0.6496250280179083,0.7,0.0,1707.9873941838741,0.20797597244381905
frozen,29,5,0.15984,0.15766666666666668,bitmap_prefilter,23.956083052325994,1.0,0.7604391694767401,1707.9873941838741,0.08399365469813347
frozen,30,5,0.15984,0.15766666666666668,bitmap_prefilter,24.58587399451062,1.0,0.7541412600548938,1709.0351320803165,0.08300412446260452
frozen,31,5,0.15984,0.15766666666666668,bitmap_prefilter,24.07612494425848,1.0,0.7592387505574152,1707.9873941838741,0.08399365469813347
frozen,32,5,0.15984,0.15766666666666668,bitmap_prefilter,23.972208029590547,1.0,0.7602779197040945,1707.9873941838741,0.08399365469813347
frozen,33,5,0.15984,0.15766666666666668,bitmap_prefilter,24.080625036731362,1.0,0.7591937496326864,1667.009200900793,0.08399365469813347
frozen,34,5,0.15984,0.15766666666666668,bitmap_prefilter,23.946873960085213,1.0,0.7605312603991479,1708.976924419403,0.12497184798121452
frozen,35,5,0.15984,0.15766666666666668,bitmap_prefilter,24.029915977735072,1.0,0.7597008402226493,1709.0351320803165,0.08300412446260452
frozen,36,5,0.15984,0.15766666666666668,bitmap_prefilter,24.12233198992908,1.0,0.7587766801007092,1708.976924419403,0.08399365469813347
frozen,37,5,0.15984,0.15766666666666668,bitmap_prefilter,24.472792982123792,1.0,0.7552720701787621,1749.9551177024841,0.08294591680169106
frozen,38,5,0.15984,0.15766666666666668,bitmap_prefilter,24.008874082937837,1.0,0.7599112591706216,1708.0456018447876,0.125030055642128
frozen,39,5,0.15984,0.15766666666666668,bitmap_prefilter,24.155042017810047,1.0,0.7584495798218995,1708.976924419403,0.08300412446260452
frozen,40,5,0.15984,0.15766666666666668,bitmap_prefilter,24.746500013861805,1.0,0.752534999861382,1667.009200900793,0.08399365469813347
frozen,41,5,0.15984,0.15766666666666668,bitmap_prefilter,24.123583047185093,1.0,0.7587641695281491,1624.9832697212696,0.08300412446260452
frozen,42,5,0.15984,0.15766666666666668,bitmap_prefilter,24.57433199742809,1.0,0.7542566800257191,1667.009200900793,0.08300412446260452
frozen,43,5,0.15984,0.15766666666666668,bitmap_prefilter,24.609374988358468,1.0,0.7539062501164153,1624.9832697212696,0.08300412446260452
frozen,44,5,0.15984,0.15766666666666668,bitmap_prefilter,24.19229201041162,1.0,0.7580770798958838,1667.009200900793,0.12497184798121452
frozen,45,5,0.15984,0.15766666666666668,bitmap_prefilter,24.44929105695337,1.0,0.7555070894304663,1709.0351320803165,0.08300412446260452
frozen,46,5,0.15984,0.15766666666666668,bitmap_prefilter,24.478416016791016,1.0,0.7552158398320898,1667.009200900793,0.12497184798121452
frozen,47,5,0.15984,0.15766666666666668,bitmap_prefilter,24.34650098439306,1.0,0.7565349901560694,1624.9832697212696,0.08300412446260452
frozen,48,5,0.15984,0.15766666666666668,bitmap_prefilter,23.906998976599425,1.0,0.7609300102340057,1707.9873941838741,0.125030055642128
frozen,49,5,0.15984,0.15766666666666668,bitmap_prefilter,24.24454194260761,1.0,0.7575545805739239,1708.976924419403,0.08300412446260452
frozen,0,6,0.182175,0.17783333333333334,bitmap_prefilter,60.74258405715227,1.0,0.3925741594284773,1250.0095181167126,0.08399365469813347
frozen,1,6,0.182175,0.17783333333333334,bitmap_prefilter,27.357124956324697,1.0,0.726428750436753,1207.983586937189,0.08399365469813347
frozen,2,6,0.182175,0.17783333333333334,bitmap_prefilter,25.446749990805984,1.0,0.7455325000919402,1165.9576557576656,0.08300412446260452
frozen,3,6,0.182175,0.17783333333333334,bitmap_prefilter,36.08525003073737,1.0,0.6391474996926263,1167.005393654108,0.08294591680169106
frozen,4,6,0.182175,0.17783333333333334,bitmap_prefilter,32.31408301508054,1.0,0.6768591698491946,1167.005393654108,0.04202593117952347
frozen,5,6,0.182175,0.17783333333333334,bitmap_prefilter,28.500334010459483,1.0,0.7149966598954052,1125.037670135498,0.125030055642128
frozen,6,6,0.182175,0.17783333333333334,bitmap_prefilter,27.217499969992787,1.0,0.7278250003000721,1084.0012691915035,0.08300412446260452
frozen,7,6,0.182175,0.17783333333333334,bitmap_prefilter,27.53691701218486,1.0,0.7246308298781514,1083.0117389559746,0.08300412446260452
frozen,8,6,0.182175,0.17783333333333334,bitmap_prefilter,28.382834105286747,1.0,0.7161716589471325,1124.9794624745846,0.458036083728075
frozen,9,6,0.182175,0.17783333333333334,bitmap_prefilter,31.508374959230423,1.0,0.6849162504076958,1083.0117389559746,0.125030055642128
frozen,10,6,0.182175,0.17783333333333334,bitmap_prefilter,30.02533398102969,1.0,0.6997466601897031,1124.9794624745846,0.08300412446260452
frozen,11,6,0.182175,0.17783333333333334,bitmap_prefilter,29.880166053771973,1.0,0.7011983394622803,1125.037670135498,0.08300412446260452
frozen,12,6,0.182175,0.17783333333333334,bitmap_prefilter,32.44541701860726,1.0,0.6755458298139274,1083.0117389559746,0.08300412446260452
frozen,13,6,0.182175,0.17783333333333334,bitmap_prefilter,27.769375999923795,1.0,0.722306240000762,1083.0117389559746,0.08300412446260452
frozen,14,6,0.182175,0.17783333333333334,bitmap_prefilter,33.21462497115135,1.0,0.6678537502884865,1124.9794624745846,0.08300412446260452
frozen,15,6,0.182175,0.17783333333333334,bitmap_prefilter,31.56479197787121,1.0,0.6843520802212879,1124.9794624745846,0.08300412446260452
frozen,16,6,0.182175,0.17783333333333334,bitmap_prefilter,27.39070903044194,1.0,0.7260929096955806,1083.0117389559746,0.125030055642128
frozen,17,6,0.182175,0.17783333333333334,bitmap_prefilter,27.490583946928382,1.0,0.7250941605307162,1167.005393654108,0.08300412446260452
frozen,18,6,0.182175,0.17783333333333334,bitmap_prefilter,27.331499964930117,1.0,0.7266850003506988,1084.0012691915035,0.08300412446260452
frozen,19,6,0.182175,0.17783333333333334,bitmap_prefilter,26.808457972947508,1.0,0.7319154202705249,1124.9794624745846,0.125030055642128
frozen,20,6,0.182175,0.17783333333333334,bitmap_prefilter,27.834084001369774,1.0,0.7216591599863023,1083.0117389559746,0.08399365469813347
frozen,21,6,0.182175,0.17783333333333334,bitmap_prefilter,27.521957992576063,1.0,0.7247804200742394,1167.005393654108,0.08300412446260452
frozen,22,6,0.182175,0.17783333333333334,bitmap_prefilter,27.255624998360872,1.0,0.7274437500163913,1083.0117389559746,0.08399365469813347
frozen,23,6,0.182175,0.17783333333333334,bitmap_prefilter,27.509250037837774,1.0,0.7249074996216223,1084.0012691915035,0.08294591680169106
frozen,24,6,0.182175,0.17783333333333334,bitmap_prefilter,27.544583950657398,1.0,0.724554160493426,1041.97533801198,0.08300412446260452
frozen,25,6,0.182175,0.17783333333333334,bitmap_prefilter,28.432999970391393,1.0,0.7156700002960861,1124.9794624745846,0.08300412446260452
frozen,26,6,0.182175,0.17783333333333334,bitmap_prefilter,30.54870804771781,1.0,0.6945129195228219,1082.953531295061,0.08399365469813347
frozen,27,6,0.182175,0.17783333333333334,bitmap_prefilter,30.613749928306788,1.0,0.6938625007169321,1083.0117389559746,0.040978193283081055
frozen,28,6,0.182175,0.17783333333333334,bitmap_prefilter,31.31054202094674,1.0,0.6868945797905326,1083.0117389559746,0.125030055642128
frozen,29,6,0.182175,0.17783333333333334,bitmap_prefilter,60.243623971473426,1.0,0.39756376028526574,1166.015863418579,0.125030055642128
frozen,30,6,0.182175,0.17783333333333334,bitmap_prefilter,28.323999023996294,1.0,0.7167600097600371,1167.005393654108,0.08300412446260452
frozen,31,6,0.182175,0.17783333333333334,bitmap_prefilter,27.25625003222376,1.0,0.7274374996777624,1083.0117389559746,0.08300412446260452
frozen,32,6,0.182175,0.17783333333333334,bitmap_prefilter,27.648374962154776,1.0,0.7235162503784522,1083.0117389559746,0.08399365469813347
frozen,33,6,0.182175,0.17783333333333334,bitmap_prefilter,25.941958010662347,1.0,0.7405804198933765,1084.0012691915035,0.08300412446260452
frozen,34,6,0.182175,0.17783333333333334,bitmap_prefilter,27.07004197873175,1.0,0.7292995802126825,1084.0012691915035,0.08300412446260452
frozen,35,6,0.182175,0.17783333333333334,bitmap_prefilter,28.07383198523894,1.0,0.7192616801476106,1082.953531295061,0.08294591680169106
frozen,36,6,0.182175,0.17783333333333334,bitmap_prefilter,27.157709002494812,1.0,0.7284229099750519,1083.0117389559746,0.08399365469813347
frozen,37,6,0.182175,0.17783333333333334,bitmap_prefilter,27.250458020716906,1.0,0.7274954197928309,1124.9794624745846,0.08399365469813347
frozen,38,6,0.182175,0.17783333333333334,bitmap_prefilter,29.623541980981827,1.0,0.7037645801901817,1084.0012691915035,0.08300412446260452
frozen,39,6,0.182175,0.17783333333333334,bitmap_prefilter,27.503207966219634,1.0,0.7249679203378037,1084.0012691915035,0.08300412446260452
frozen,40,6,0.182175,0.17783333333333334,bitmap_prefilter,27.989833033643663,1.0,0.7201016696635634,1124.9794624745846,0.08300412446260452
frozen,41,6,0.182175,0.17783333333333334,bitmap_prefilter,27.12187502766028,1.0,0.7287812497233972,1084.0012691915035,0.08300412446260452
frozen,42,6,0.182175,0.17783333333333334,bitmap_prefilter,27.91045798221603,1.0,0.7208954201778397,1124.9794624745846,0.08399365469813347
frozen,43,6,0.182175,0.17783333333333334,bitmap_prefilter,27.529376035090536,1.0,0.7247062396490946,1084.0012691915035,0.08300412446260452
frozen,44,6,0.182175,0.17783333333333334,bitmap_prefilter,27.392831980250776,1.0,0.7260716801974922,1083.0117389559746,0.08300412446260452
frozen,45,6,0.182175,0.17783333333333334,bitmap_prefilter,27.063499961514026,1.0,0.7293650003848597,1083.0117389559746,0.08300412446260452
frozen,46,6,0.182175,0.17783333333333334,bitmap_prefilter,27.35795796616003,1.0,0.7264204203383997,1124.9794624745846,0.08294591680169106
frozen,47,6,0.182175,0.17783333333333334,bitmap_prefilter,27.750334003940225,1.0,0.7224966599605978,1124.9794624745846,0.04196772351861
frozen,48,6,0.182175,0.17783333333333334,bitmap_prefilter,27.209415973629802,1.0,0.727905840263702,1084.0012691915035,0.08300412446260452
frozen,49,6,0.182175,0.17783333333333334,bitmap_prefilter,27.365832997020334,1.0,0.7263416700297967,1083.0117389559746,0.08300412446260452
frozen,0,7,0.211115,0.2095,bitmap_prefilter,74.82908299425617,1.0,0.2517091700574383,2457.9931050539017,0.12497184798121452
frozen,1,7,0.211115,0.2095,bitmap_prefilter,34.513249003794044,1.0,0.6548675099620596,2250.0171326100826,0.12497184798121452
frozen,2,7,0.211115,0.2095,bitmap_prefilter,30.205999966710806,1.0,0.6979400003328919,2250.0171326100826,0.08300412446260452
frozen,3,7,0.211115,0.2095,bitmap_prefilter,30.015666969120502,1.0,0.699843330308795,2124.9870769679546,0.08300412446260452
frozen,4,7,0.211115,0.2095,bitmap_prefilter,29.08008301164955,1.0,0.7091991698835045,2041.98295250535,0.08300412446260452
frozen,5,7,0.211115,0.2095,bitmap_prefilter,32.1932919905521,1.0,0.678067080094479,2000.01522898674,0.08399365469813347
frozen,6,7,0.211115,0.2095,bitmap_prefilter,30.940416967496276,1.0,0.6905958303250372,1999.9570213258266,0.08300412446260452
frozen,7,7,0.211115,0.2095,bitmap_prefilter,31.47979103960097,1.0,0.6852020896039903,2000.01522898674,0.08300412446260452
frozen,8,7,0.211115,0.2095,bitmap_prefilter,31.672083016019315,1.0,0.6832791698398069,2000.01522898674,0.08300412446260452
frozen,9,7,0.211115,0.2095,bitmap_prefilter,32.33829198870808,1.0,0.6766170801129192,2000.01522898674,0.08300412446260452
frozen,10,7,0.211115,0.2095,bitmap_prefilter,31.237207003869116,1.0,0.6876279299613088,6707.967258989811,0.08399365469813347
frozen,11,7,0.211115,0.2095,bitmap_prefilter,31.080373970326036,0.0,0.0,2000.01522898674,0.08405186235904694
frozen,12,7,0.211115,0.2095,bitmap_prefilter,31.528958003036678,1.0,0.6847104199696332,2040.9934222698212,0.08300412446260452
frozen,13,7,0.211115,0.2095,bitmap_prefilter,31.834917957894504,1.0,0.681650820421055,2041.98295250535,0.08300412446260452
frozen,14,7,0.211115,0.2095,bitmap_prefilter,32.59920800337568,1.0,0.6740079199662432,2000.01522898674,0.08300412446260452
frozen,15,7,0.211115,0.2095,bitmap_prefilter,31.33995900861919,1.0,0.6866004099138081,2000.01522898674,0.08399365469813347
frozen,16,7,0.211115,0.2095,bitmap_prefilter,32.260707987006754,1.0,0.6773929201299325,2041.98295250535,0.08399365469813347
frozen,17,7,0.211115,0.2095,bitmap_prefilter,31.51566704036668,1.0,0.6848433295963332,1957.9892978072166,0.08294591680169106
frozen,18,7,0.211115,0.2095,bitmap_prefilter,31.616040971130133,1.0,0.6838395902886987,2000.01522898674,0.08300412446260452
frozen,19,7,0.211115,0.2095,bitmap_prefilter,31.554415996652097,1.0,0.684455840033479,2041.98295250535,0.08300412446260452
frozen,20,7,0.211115,0.2095,bitmap_prefilter,31.153291987720877,1.0,0.6884670801227912,2000.01522898674,0.125030055642128
frozen,21,7,0.211115,0.2095,bitmap_prefilter,31.469875015318394,1.0,0.6853012498468161,2000.01522898674,0.08300412446260452
frozen,22,7,0.211115,0.2095,bitmap_prefilter,35.77712498372421,1.0,0.6422287501627579,2082.961145788431,0.08399365469813347
frozen,23,7,0.211115,0.2095,bitmap_prefilter,38.247082964517176,1.0,0.6175291703548282,2083.0193534493446,0.08300412446260452
frozen,24,7,0.211115,0.2095,bitmap_prefilter,36.21245798422024,1.0,0.6378754201577976,2000.01522898674,0.12497184798121452
frozen,25,7,0.211115,0.2095,bitmap_prefilter,34.055582946166396,1.0,0.659444170538336,2000.01522898674,0.08399365469813347
frozen,26,7,0.211115,0.2095,bitmap_prefilter,31.381000007968396,1.0,0.686189999920316,2041.98295250535,0.12497184798121452
frozen,27,7,0.211115,0.2095,bitmap_prefilter,29.248000006191432,1.0,0.7075199999380857,2000.01522898674,0.08294591680169106
frozen,28,7,0.211115,0.2095,bitmap_prefilter,29.85391701804474,1.0,0.7014608298195526,2000.01522898674,0.08300412446260452
frozen,29,7,0.211115,0.2095,bitmap_prefilter,33.712457050569355,1.0,0.6628754294943064,2124.9870769679546,0.08300412446260452
frozen,30,7,0.211115,0.2095,bitmap_prefilter,34.52408401062712,1.0,0.6547591598937288,1957.9892978072166,0.08300412446260452
frozen,31,7,0.211115,0.2095,bitmap_prefilter,35.892666957806796,1.0,0.641073330421932,2000.01522898674,0.12497184798121452
frozen,32,7,0.211115,0.2095,bitmap_prefilter,31.799249991308898,1.0,0.682007500086911,2000.01522898674,0.12497184798121452
frozen,33,7,0.211115,0.2095,bitmap_prefilter,34.670458000618964,1.0,0.6532954199938104,1999.9570213258266,0.08399365469813347
frozen,34,7,0.211115,0.2095,bitmap_prefilter,33.44100003596395,1.0,0.6655899996403605,2000.01522898674,0.08300412446260452
frozen,35,7,0.211115,0.2095,bitmap_prefilter,35.190041991882026,1.0,0.6480995800811797,2040.9934222698212,0.08300412446260452
frozen,36,7,0.211115,0.2095,bitmap_prefilter,33.21066597709432,1.0,0.6678933402290568,2083.0193534493446,0.08300412446260452
frozen,37,7,0.211115,0.2095,bitmap_prefilter,41.22845805250108,1.0,0.5877154194749892,2083.0193534493446,0.08300412446260452
frozen,38,7,0.211115,0.2095,bitmap_prefilter,34.07616697950289,1.0,0.6592383302049711,2000.01522898674,0.08300412446260452
frozen,39,7,0.211115,0.2095,bitmap_prefilter,31.505791994277388,1.0,0.6849420800572261,1999.9570213258266,0.08399365469813347
frozen,40,7,0.211115,0.2095,bitmap_prefilter,32.086333027109504,1.0,0.679136669728905,2000.01522898674,0.08294591680169106
frozen,41,7,0.211115,0.2095,bitmap_prefilter,33.47062401007861,1.0,0.6652937598992139,2040.9934222698212,0.08300412446260452
frozen,42,7,0.211115,0.2095,bitmap_prefilter,33.363708993420005,1.0,0.6663629100658,2000.01522898674,0.08300412446260452
frozen,43,7,0.211115,0.2095,bitmap_prefilter,38.32975000841543,1.0,0.6167024999158457,1999.9570213258266,0.12497184798121452
frozen,44,7,0.211115,0.2095,bitmap_prefilter,34.58062501158565,1.0,0.6541937498841435,2041.98295250535,0.08300412446260452
frozen,45,7,0.211115,0.2095,bitmap_prefilter,32.20545797375962,1.0,0.6779454202624038,1999.9570213258266,0.12497184798121452
frozen,46,7,0.211115,0.2095,bitmap_prefilter,35.5532499961555,1.0,0.644467500038445,2000.01522898674,0.125030055642128
frozen,47,7,0.211115,0.2095,bitmap_prefilter,36.89933300483972,1.0,0.6310066699516028,2041.98295250535,0.08300412446260452
frozen,48,7,0.211115,0.2095,bitmap_prefilter,33.16612500930205,1.0,0.6683387499069795,2000.01522898674,0.125030055642128
frozen,49,7,0.211115,0.2095,bitmap_prefilter,31.302999996114522,1.0,0.6869700000388548,1999.9570213258266,0.12497184798121452
frozen,0,8,0.22942,0.23266666666666666,bitmap_prefilter,67.75049999123439,1.0,0.3224950000876561,2375.0471882522106,0.125030055642128
frozen,1,8,0.22942,0.23266666666666666,bitmap_prefilter,41.37112502939999,1.0,0.5862887497060001,2167.013008147478,0.08300412446260452
frozen,2,8,0.22942,0.23266666666666666,bitmap_prefilter,33.79262494854629,1.0,0.6620737505145371,2207.991201430559,0.08300412446260452
frozen,3,8,0.22942,0.23266666666666666,bitmap_prefilter,34.955166978761554,1.0,0.6504483302123845,2041.98295250535,0.08300412446260452
frozen,4,8,0.22942,0.23266666666666666,bitmap_prefilter,40.96304200356826,1.0,0.5903695799643174,2083.0193534493446,0.08300412446260452
frozen,5,8,0.22942,0.23266666666666666,bitmap_prefilter,45.42820801725611,1.0,0.5457179198274389,2000.01522898674,0.08300412446260452
frozen,6,8,0.22942,0.23266666666666666,bitmap_prefilter,76.53233397286385,1.0,0.23467666027136147,1957.9892978072166,0.08300412446260452
frozen,7,8,0.22942,0.23266666666666666,bitmap_prefilter,54.0049159899354,1.0,0.459950840100646,2000.01522898674,0.08300412446260452
frozen,8,8,0.22942,0.23266666666666666,bitmap_prefilter,45.978541020303965,1.0,0.5402145897969604,1957.9892978072166,0.08300412446260452
frozen,9,8,0.22942,0.23266666666666666,bitmap_prefilter,47.917791991494596,1.0,0.520822080085054,2000.01522898674,0.08294591680169106
frozen,10,8,0.22942,0.23266666666666666,bitmap_prefilter,44.263499963562936,1.0,0.5573650003643706,1958.04750546813,0.08399365469813347
frozen,11,8,0.22942,0.23266666666666666,bitmap_prefilter,40.05958401830867,1.0,0.5994041598169133,1999.9570213258266,0.12497184798121452
frozen,12,8,0.22942,0.23266666666666666,bitmap_prefilter,36.32858401397243,1.0,0.6367141598602757,1999.9570213258266,0.08300412446260452
frozen,13,8,0.22942,0.23266666666666666,bitmap_prefilter,35.932417027652264,1.0,0.6406758297234774,2000.01522898674,0.125030055642128
frozen,14,8,0.22942,0.23266666666666666,bitmap_prefilter,36.78812499856576,1.0,0.6321187500143424,1999.9570213258266,0.08300412446260452
frozen,15,8,0.22942,0.23266666666666666,bitmap_prefilter,36.609208036679775,1.0,0.6339079196332023,2000.01522898674,0.08300412446260452
frozen,16,8,0.22942,0.23266666666666666,bitmap_prefilter,36.0599160194397,1.0,0.639400839805603,2000.01522898674,0.08300412446260452
frozen,17,8,0.22942,0.23266666666666666,bitmap_prefilter,46.357624989468604,1.0,0.536423750105314,2000.01522898674,0.08300412446260452
frozen,18,8,0.22942,0.23266666666666666,bitmap_prefilter,36.7922920268029,1.0,0.632077079731971,1957.9892978072166,0.08399365469813347
frozen,19,8,0.22942,0.23266666666666666,bitmap_prefilter,35.36104201339185,1.0,0.6463895798660815,1999.9570213258266,0.08294591680169106
frozen,20,8,0.22942,0.23266666666666666,bitmap_prefilter,34.77616608142853,1.0,0.6522383391857147,2000.01522898674,0.08300412446260452
frozen,21,8,0.22942,0.23266666666666666,bitmap_prefilter,43.14825002802536,1.0,0.5685174997197464,1957.9892978072166,0.08300412446260452
frozen,22,8,0.22942,0.23266666666666666,bitmap_prefilter,35.049958038143814,1.0,0.6495004196185619,1999.9570213258266,0.08300412446260452
frozen,23,8,0.22942,0.23266666666666666,bitmap_prefilter,35.892499960027635,1.0,0.6410750003997236,1957.9892978072166,0.08399365469813347
frozen,24,8,0.22942,0.23266666666666666,bitmap_prefilter,37.96100104227662,1.0,0.6203899895772338,2041.98295250535,0.12497184798121452
frozen,25,8,0.22942,0.23266666666666666,bitmap_prefilter,35.80887505086139,1.0,0.6419112494913861,1958.9788280427456,0.08300412446260452
frozen,26,8,0.22942,0.23266666666666666,bitmap_prefilter,35.048582998570055,1.0,0.6495141700142995,1958.04750546813,0.08405186235904694
frozen,27,8,0.22942,0.23266666666666666,bitmap_prefilter,34.34574999846518,1.0,0.6565425000153482,2000.01522898674,0.12497184798121452
frozen,28,8,0.22942,0.23266666666666666,bitmap_prefilter,52.53975105006248,1.0,0.4746024894993752,1999.9570213258266,0.08399365469813347
frozen,29,8,0.22942,0.23266666666666666,bitmap_prefilter,60.538665973581374,1.0,0.39461334026418626,2000.01522898674,0.08294591680169106
frozen,30,8,0.22942,0.23266666666666666,bitmap_prefilter,35.64429096877575,1.0,0.6435570903122425,1958.04750546813,0.08300412446260452
frozen,31,8,0.22942,0.23266666666666666,bitmap_prefilter,37.328500067815185,1.0,0.6267149993218482,1957.9892978072166,0.08300412446260452
frozen,32,8,0.22942,0.23266666666666666,bitmap_prefilter,37.45025099487975,1.0,0.6254974900512025,2000.01522898674,0.125030055642128
frozen,33,8,0.22942,0.23266666666666666,bitmap_prefilter,36.26275004353374,1.0,0.6373724995646626,1959.037035703659,0.08300412446260452
frozen,34,8,0.22942,0.23266666666666666,bitmap_prefilter,39.58012501243502,1.0,0.6041987498756498,1957.9892978072166,0.08300412446260452
frozen,35,8,0.22942,0.23266666666666666,bitmap_prefilter,35.45995900640264,1.0,0.6454004099359736,1957.9892978072166,0.08300412446260452
frozen,36,8,0.22942,0.23266666666666666,bitmap_prefilter,37.66366699710488,1.0,0.6233633300289512,1999.9570213258266,0.08300412446260452
frozen,37,8,0.22942,0.23266666666666666,bitmap_prefilter,36.217540968209505,1.0,0.637824590317905,2000.01522898674,0.125030055642128
frozen,38,8,0.22942,0.23266666666666666,bitmap_prefilter,38.44841697718948,1.0,0.6155158302281052,1958.9788280427456,0.08300412446260452
frozen,39,8,0.22942,0.23266666666666666,bitmap_prefilter,36.177749978378415,1.0,0.6382225002162158,2000.01522898674,0.08300412446260452
frozen,40,8,0.22942,0.23266666666666666,bitmap_prefilter,35.42929200921208,1.0,0.6457070799078792,1999.9570213258266,0.08300412446260452
frozen,41,8,0.22942,0.23266666666666666,bitmap_prefilter,36.55395901296288,1.0,0.6344604098703712,2000.01522898674,0.12497184798121452
frozen,42,8,0.22942,0.23266666666666666,bitmap_prefilter,36.32045799167827,1.0,0.6367954200832173,2041.98295250535,0.08300412446260452
frozen,43,8,0.22942,0.23266666666666666,bitmap_prefilter,33.79016707185656,1.0,0.6620983292814344,1959.037035703659,0.08300412446260452
frozen,44,8,0.22942,0.23266666666666666,bitmap_prefilter,34.83199997572228,1.0,0.6516800002427772,1999.9570213258266,0.12497184798121452
frozen,45,8,0.22942,0.23266666666666666,bitmap_prefilter,33.86800002772361,1.0,0.6613199997227639,1959.037035703659,0.08300412446260452
frozen,46,8,0.22942,0.23266666666666666,bitmap_prefilter,34.98345898697153,1.0,0.6501654101302847,1999.9570213258266,0.08300412446260452
frozen,47,8,0.22942,0.23266666666666666,bitmap_prefilter,37.88150002947077,1.0,0.6211849997052923,1999.9570213258266,0.12497184798121452
frozen,48,8,0.22942,0.23266666666666666,bitmap_prefilter,37.4503749771975,1.0,0.625496250228025,1959.037035703659,0.08294591680169106
frozen,49,8,0.22942,0.23266666666666666,bitmap_prefilter,36.12925094785169,1.0,0.6387074905214831,1958.9788280427456,0.08300412446260452
frozen,0,9,0.24966,0.25466666666666665,bitmap_prefilter,48.851665982510895,1.0,0.511483340174891,2624.9908842146397,0.125030055642128
frozen,1,9,0.24966,0.25466666666666665,bitmap_prefilter,41.32387408753857,1.0,0.5867612591246143,2416.956704109907,0.12497184798121452
frozen,2,9,0.24966,0.25466666666666665,bitmap_prefilter,42.45512600755319,1.0,0.5754487399244681,2374.988980591297,0.08294591680169106
frozen,3,9,0.24966,0.25466666666666665,bitmap_prefilter,38.162582961376756,1.0,0.6183741703862324,2290.9953258931637,0.08300412446260452
frozen,4,9,0.24966,0.25466666666666665,bitmap_prefilter,38.092374976258725,1.0,0.6190762502374128,2292.043063789606,0.08300412446260452
frozen,5,9,0.24966,0.25466666666666665,bitmap_prefilter,38.817499997094274,1.0,0.6118250000290573,2166.023477911949,0.08300412446260452
frozen,6,9,0.24966,0.25466666666666665,bitmap_prefilter,41.61954199662432,1.0,0.5838045800337568,2207.991201430559,0.08399365469813347
frozen,7,9,0.24966,0.25466666666666665,bitmap_prefilter,43.2690410525538,1.0,0.567309589474462,2166.023477911949,0.12497184798121452
frozen,8,9,0.24966,0.25466666666666665,bitmap_prefilter,68.33841698244214,1.0,0.3166158301755786,2124.9870769679546,0.08300412446260452
frozen,9,9,0.24966,0.25466666666666665,bitmap_prefilter,37.65774896601215,1.0,0.6234225103398785,2166.9548004865646,0.08300412446260452
frozen,10,9,0.24966,0.25466666666666665,bitmap_prefilter,39.76729098940268,1.0,0.6023270901059732,2166.023477911949,0.125030055642128
frozen,11,9,0.24966,0.25466666666666665,bitmap_prefilter,39.18258304474875,1.0,0.6081741695525125,2208.0494090914726,0.08405186235904694
frozen,12,9,0.24966,0.25466666666666665,bitmap_prefilter,38.134041999001056,1.0,0.6186595800099894,2167.013008147478,0.08300412446260452
frozen,13,9,0.24966,0.25466666666666665,bitmap_prefilter,46.67674994561821,1.0,0.5332325005438179,2166.9548004865646,0.08300412446260452
frozen,14,9,0.24966,0.25466666666666665,bitmap_prefilter,55.02620799234137,1.0,0.4497379200765863,2207.991201430559,0.08300412446260452
frozen,15,9,0.24966,0.25466666666666665,bitmap_prefilter,83.29679106827825,1.0,0.16703208931721747,2124.9870769679546,0.04202593117952347
frozen,16,9,0.24966,0.25466666666666665,bitmap_prefilter,47.905792016536,1.0,0.52094207983464,2165.9652702510357,0.08300412446260452
frozen,17,9,0.24966,0.25466666666666665,bitmap_prefilter,38.48187503172085,1.0,0.6151812496827915,2082.961145788431,0.08300412446260452
frozen,18,9,0.24966,0.25466666666666665,bitmap_prefilter,37.78804204193875,1.0,0.6221195795806125,2166.023477911949,0.08294591680169106
frozen,19,9,0.24966,0.25466666666666665,bitmap_prefilter,54.566459031775594,1.0,0.45433540968224406,2167.013008147478,0.08300412446260452
frozen,20,9,0.24966,0.25466666666666665,bitmap_prefilter,39.178417006041855,1.0,0.6082158299395815,2167.013008147478,0.08300412446260452
frozen,21,9,0.24966,0.25466666666666665,bitmap_prefilter,40.93545803334564,1.0,0.5906454196665436,2124.9870769679546,0.08294591680169106
frozen,22,9,0.24966,0.25466666666666665,bitmap_prefilter,37.14120702352375,1.0,0.6285879297647625,2124.9870769679546,0.08300412446260452
frozen,23,9,0.24966,0.25466666666666665,bitmap_prefilter,38.234208011999726,1.0,0.6176579198800027,2166.9548004865646,0.12497184798121452
frozen,24,9,0.24966,0.25466666666666665,bitmap_prefilter,43.14441600581631,1.0,0.5685558399418369,2166.023477911949,0.12497184798121452
frozen,25,9,0.24966,0.25466666666666665,bitmap_prefilter,40.84662505192682,1.0,0.5915337494807318,2250.0171326100826,0.08300412446260452
frozen,26,9,0.24966,0.25466666666666665,bitmap_prefilter,49.43258402636275,1.0,0.5056741597363725,2166.023477911949,0.08300412446260452
frozen,27,9,0.24966,0.25466666666666665,bitmap_prefilter,39.08725007204339,1.0,0.6091274992795661,2166.023477911949,0.08300412446260452
frozen,28,9,0.24966,0.25466666666666665,bitmap_prefilter,37.37750003347173,1.0,0.6262249996652827,2207.991201430559,0.08300412446260452
frozen,29,9,0.24966,0.25466666666666665,bitmap_prefilter,43.2177500333637,1.0,0.567822499666363,2207.991201430559,0.08300412446260452
frozen,30,9,0.24966,0.25466666666666665,bitmap_prefilter,38.604333996772766,1.0,0.6139566600322723,2166.9548004865646,0.08300412446260452
frozen,31,9,0.24966,0.25466666666666665,bitmap_prefilter,39.152582990936935,1.0,0.6084741700906307,2125.045284628868,0.08405186235904694
frozen,32,9,0.24966,0.25466666666666665,bitmap_prefilter,37.493999989237636,1.0,0.6250600001076236,2167.013008147478,0.12497184798121452
frozen,33,9,0.24966,0.25466666666666665,bitmap_prefilter,43.10504294699058,1.0,0.5689495705300942,2166.9548004865646,0.08399365469813347
frozen,34,9,0.24966,0.25466666666666665,bitmap_prefilter,44.06358295818791,1.0,0.5593641704181209,2167.013008147478,0.08300412446260452
frozen,35,9,0.24966,0.25466666666666665,bitmap_prefilter,54.3251660419628,1.0,0.456748339580372,2207.991201430559,0.08294591680169106
frozen,36,9,0.24966,0.25466666666666665,bitmap_prefilter,46.298708009999245,1.0,0.5370129199000075,2124.9870769679546,0.08300412446260452
frozen,37,9,0.24966,0.25466666666666665,bitmap_prefilter,43.222791980952024,1.0,0.5677720801904798,2166.9548004865646,0.12497184798121452
frozen,38,9,0.24966,0.25466666666666665,bitmap_prefilter,41.691750055179,1.0,0.58308249944821,6209.011189639568,0.08300412446260452
frozen,39,9,0.24966,0.25466666666666665,bitmap_prefilter,44.30975002469495,1.0,0.5569024997530505,2124.9870769679546,0.125030055642128
frozen,40,9,0.24966,0.25466666666666665,bitmap_prefilter,40.325500012841076,1.0,0.5967449998715892,2125.045284628868,0.08300412446260452
frozen,41,9,0.24966,0.25466666666666665,bitmap_prefilter,41.63149994565174,1.0,0.5836850005434826,2165.9652702510357,0.08300412446260452
frozen,42,9,0.24966,0.25466666666666665,bitmap_prefilter,47.76445805327967,1.0,0.5223554194672033,2207.991201430559,0.08300412446260452
frozen,43,9,0.24966,0.25466666666666665,bitmap_prefilter,42.06658300245181,1.0,0.5793341699754819,2166.023477911949,0.125030055642128
frozen,44,9,0.24966,0.25466666666666665,bitmap_prefilter,38.83791697444394,1.0,0.6116208302555606,2167.013008147478,0.08300412446260452
frozen,45,9,0.24966,0.25466666666666665,bitmap_prefilter,41.13895894261077,1.0,0.5886104105738923,2124.9870769679546,0.12497184798121452
frozen,46,9,0.24966,0.25466666666666665,bitmap_prefilter,43.32158400211483,1.0,0.5667841599788517,2166.9548004865646,0.125030055642128
frozen,47,9,0.24966,0.25466666666666665,bitmap_prefilter,39.98783300630748,1.0,0.6001216699369252,2167.013008147478,0.08300412446260452
frozen,48,9,0.24966,0.25466666666666665,bitmap_prefilter,42.80529200332239,1.0,0.5719470799667761,2250.0171326100826,0.08300412446260452
frozen,49,9,0.24966,0.25466666666666665,bitmap_prefilter,41.82149993721396,1.0,0.5817850006278604,2124.9870769679546,0.12497184798121452
frozen,0,10,0.269105,0.2755,bitmap_prefilter,49.45229203440249,1.0,0.5054770796559751,2749.962732195854,0.08300412446260452
frozen,1,10,0.269105,0.2755,bitmap_prefilter,40.31358304200694,1.0,0.5968641695799306,2583.0231606960297,0.08300412446260452
frozen,2,10,0.269105,0.2755,bitmap_prefilter,40.576750005129725,1.0,0.5942324999487028,2500.019036233425,0.08300412446260452
frozen,3,10,0.269105,0.2755,bitmap_prefilter,39.21229101251811,1.0,0.6078770898748189,2457.9931050539017,0.125030055642128
frozen,4,10,0.269105,0.2755,bitmap_prefilter,39.68587500276044,1.0,0.6031412499723956,2416.956704109907,0.12497184798121452
frozen,5,10,0.269105,0.2755,bitmap_prefilter,38.152625027578324,1.0,0.6184737497242168,2374.988980591297,0.08399365469813347
frozen,6,10,0.269105,0.2755,bitmap_prefilter,40.30758299631998,1.0,0.5969241700368002,2417.0149117708206,0.08294591680169106
frozen,7,10,0.269105,0.2755,bitmap_prefilter,40.54916702443734,1.0,0.5945083297556266,2375.0471882522106,0.08300412446260452
frozen,8,10,0.269105,0.2755,bitmap_prefilter,44.826333003584296,1.0,0.551736669964157,2375.0471882522106,0.040978193283081055
frozen,9,10,0.269105,0.2755,bitmap_prefilter,43.920874944888055,1.0,0.5607912505511194,2374.988980591297,0.08300412446260452
frozen,10,10,0.269105,0.2755,bitmap_prefilter,47.07199998665601,1.0,0.5292800001334399,2417.0149117708206,0.125030055642128
frozen,11,10,0.269105,0.2755,bitmap_prefilter,40.77183298068121,0.0,0.0,2374.988980591297,0.08300412446260452
frozen,12,10,0.269105,0.2755,bitmap_prefilter,40.49233300611377,1.0,0.5950766699388623,2417.0149117708206,0.125030055642128
frozen,13,10,0.269105,0.2755,bitmap_prefilter,39.81329099042341,1.0,0.6018670900957659,2374.988980591297,0.08300412446260452
frozen,14,10,0.269105,0.2755,bitmap_prefilter,42.67887497553602,1.0,0.5732112502446398,2417.0149117708206,0.08300412446260452
frozen,15,10,0.269105,0.2755,bitmap_prefilter,42.218250047881156,1.0,0.5778174995211884,2374.988980591297,0.08300412446260452
frozen,16,10,0.269105,0.2755,bitmap_prefilter,86.2230829661712,1.0,0.13776917033828795,2417.0149117708206,0.08300412446260452
frozen,17,10,0.269105,0.2755,bitmap_prefilter,39.555707946419716,1.0,0.6044429205358028,2374.988980591297,0.08399365469813347
frozen,18,10,0.269105,0.2755,bitmap_prefilter,40.40575004182756,1.0,0.5959424995817244,2416.956704109907,0.125030055642128
frozen,19,10,0.269105,0.2755,bitmap_prefilter,45.14404101064429,1.0,0.5485595898935571,2374.988980591297,0.040978193283081055
frozen,20,10,0.269105,0.2755,bitmap_prefilter,47.41995799122378,1.0,0.5258004200877622,2417.0149117708206,0.04196772351861
frozen,21,10,0.269105,0.2755,bitmap_prefilter,41.452999983448535,1.0,0.5854700001655146,2374.988980591297,0.08399365469813347
frozen,22,10,0.269105,0.2755,bitmap_prefilter,42.0255420031026,1.0,0.579744579968974,2417.0149117708206,0.08399365469813347
frozen,23,10,0.269105,0.2755,bitmap_prefilter,38.49108301801607,1.0,0.6150891698198393,2374.988980591297,0.08300412446260452
frozen,24,10,0.269105,0.2755,bitmap_prefilter,41.739167005289346,1.0,0.5826083299471065,2416.956704109907,0.08300412446260452
frozen,25,10,0.269105,0.2755,bitmap_prefilter,38.925667060539126,1.0,0.6107433293946087,2374.988980591297,0.08300412446260452
frozen,26,10,0.269105,0.2755,bitmap_prefilter,40.648458001669496,1.0,0.593515419983305,2416.956704109907,0.12497184798121452
frozen,27,10,0.269105,0.2755,bitmap_prefilter,45.238499995321035,1.0,0.5476150000467896,2415.967173874378,0.125030055642128
frozen,28,10,0.269105,0.2755,bitmap_prefilter,45.56191700976342,1.0,0.5443808299023658,2374.988980591297,0.08300412446260452
frozen,29,10,0.269105,0.2755,bitmap_prefilter,41.469291027169675,1.0,0.5853070897283033,2374.988980591297,0.08300412446260452
frozen,30,10,0.269105,0.2755,bitmap_prefilter,41.07637400738895,1.0,0.5892362599261105,2416.0253815352917,0.125030055642128
frozen,31,10,0.269105,0.2755,bitmap_prefilter,40.17229098826647,1.0,0.5982770901173353,2416.956704109907,0.08300412446260452
frozen,32,10,0.269105,0.2755,bitmap_prefilter,43.043541023507714,1.0,0.5695645897649229,2374.988980591297,0.08300412446260452
frozen,33,10,0.269105,0.2755,bitmap_prefilter,43.67775103310123,1.0,0.5632224896689877,2417.0149117708206,0.08300412446260452
frozen,34,10,0.269105,0.2755,bitmap_prefilter,46.03550006868318,1.0,0.5396449993131682,2374.988980591297,0.08300412446260452
frozen,35,10,0.269105,0.2755,bitmap_prefilter,40.30050098663196,1.0,0.5969949901336804,2416.0253815352917,0.08300412446260452
frozen,36,10,0.269105,0.2755,bitmap_prefilter,41.725749033503234,1.0,0.5827425096649677,2374.988980591297,0.08300412446260452
frozen,37,10,0.269105,0.2755,bitmap_prefilter,44.96008297428489,1.0,0.5503991702571511,2291.9848561286926,0.08399365469813347
frozen,38,10,0.269105,0.2755,bitmap_prefilter,42.416249052621424,1.0,0.5758375094737858,2375.0471882522106,0.08405186235904694
frozen,39,10,0.269105,0.2755,bitmap_prefilter,41.03883303469047,1.0,0.5896116696530953,2333.021257072687,0.08300412446260452
frozen,40,10,0.269105,0.2755,bitmap_prefilter,40.54412501864135,1.0,0.5945587498135865,2374.988980591297,0.08300412446260452
frozen,41,10,0.269105,0.2755,bitmap_prefilter,44.241125986445695,1.0,0.557588740135543,2415.967173874378,0.08300412446260452
frozen,42,10,0.269105,0.2755,bitmap_prefilter,79.00604204041883,1.0,0.20993957959581167,2417.0149117708206,0.08294591680169106
frozen,43,10,0.269105,0.2755,bitmap_prefilter,38.52412506239489,1.0,0.6147587493760511,2417.0149117708206,0.08300412446260452
frozen,44,10,0.269105,0.2755,bitmap_prefilter,42.20287402858958,1.0,0.5779712597141042,2374.988980591297,0.08300412446260452
frozen,45,10,0.269105,0.2755,bitmap_prefilter,45.67775101168081,1.0,0.5432224898831919,2415.967173874378,0.08300412446260452
frozen,46,10,0.269105,0.2755,bitmap_prefilter,41.36020899750292,1.0,0.5863979100249708,2374.988980591297,0.08294591680169106
frozen,47,10,0.269105,0.2755,bitmap_prefilter,40.806748962495476,1.0,0.5919325103750452,2416.0253815352917,0.08300412446260452
frozen,48,10,0.269105,0.2755,bitmap_prefilter,40.71975004626438,1.0,0.5928024995373562,2375.0471882522106,0.08300412446260452
frozen,49,10,0.269105,0.2755,bitmap_prefilter,45.65670806914568,1.0,0.5434329193085432,2415.967173874378,0.08300412446260452
frozen,0,11,0.30024,0.29283333333333333,post_filter,0.6282919785007834,1.0,0.9937170802149922,2749.962732195854,0.08300412446260452
frozen,1,11,0.30024,0.29283333333333333,post_filter,0.8498740498907864,0.9,0.0,2583.954483270645,0.12497184798121452
frozen,2,11,0.30024,0.29283333333333333,post_filter,0.44058304047212005,1.0,0.9955941695952788,2500.019036233425,0.08300412446260452
frozen,3,11,0.30024,0.29283333333333333,post_filter,0.6300419918261468,1.0,0.9936995800817385,2416.0253815352917,0.08300412446260452
frozen,4,11,0.30024,0.29283333333333333,post_filter,0.5870829918421805,1.0,0.9941291700815782,2374.988980591297,0.08300412446260452
frozen,5,11,0.30024,0.29283333333333333,post_filter,0.5133330123499036,0.9,0.0,2374.988980591297,0.08300412446260452
frozen,6,11,0.30024,0.29283333333333333,post_filter,0.6167920073494315,0.9,0.0,2374.988980591297,0.08294591680169106
frozen,7,11,0.30024,0.29283333333333333,post_filter,0.6038330029696226,1.0,0.9939616699703038,2375.0471882522106,0.08300412446260452
frozen,8,11,0.30024,0.29283333333333333,post_filter,0.8435010095126927,1.0,0.9915649899048731,2374.988980591297,0.08300412446260452
frozen,9,11,0.30024,0.29283333333333333,post_filter,0.6098740268498659,1.0,0.9939012597315013,2416.0253815352917,0.125030055642128
frozen,10,11,0.30024,0.29283333333333333,post_filter,0.4082079976797104,1.0,0.9959179200232029,2417.0149117708206,0.08300412446260452
frozen,11,11,0.30024,0.29283333333333333,post_filter,0.3820830024778843,0.0,0.0,2332.9630494117737,0.08300412446260452
frozen,12,11,0.30024,0.29283333333333333,post_filter,0.37525000516325235,0.9,0.0,2417.0149117708206,0.04196772351861
frozen,13,11,0.30024,0.29283333333333333,post_filter,0.8080409606918693,0.5,0.0,2415.967173874378,0.12497184798121452
frozen,14,11,0.30024,0.29283333333333333,post_filter,0.43316802475601435,0.9,0.0,2332.9630494117737,0.08300412446260452
frozen,15,11,0.30024,0.29283333333333333,post_filter,0.494792009703815,1.0,0.9950520799029619,2417.0149117708206,0.08300412446260452
frozen,16,11,0.30024,0.29283333333333333,post_filter,0.36616699071601033,1.0,0.9963383300928399,2375.0471882522106,0.08399365469813347
frozen,17,11,0.30024,0.29283333333333333,post_filter,0.4128760192543268,1.0,0.9958712398074567,2374.988980591297,0.08399365469813347
frozen,18,11,0.30024,0.29283333333333333,post_filter,0.6614169687964022,1.0,0.993385830312036,2374.988980591297,0.08300412446260452
frozen,19,11,0.30024,0.29283333333333333,post_filter,0.8069579489529133,0.3,0.0,2416.0253815352917,0.125030055642128
frozen,20,11,0.30024,0.29283333333333333,post_filter,0.46337494859471917,0.9,0.0,2374.988980591297,0.08294591680169106
frozen,21,11,0.30024,0.29283333333333333,post_filter,1.2714170152321458,1.0,0.9872858298476785,2458.9826352894306,0.08300412446260452
frozen,22,11,0.30024,0.29283333333333333,post_filter,0.4801250179298222,1.0,0.9951987498207018,2374.988980591297,0.08300412446260452
frozen,23,11,0.30024,0.29283333333333333,post_filter,0.4657090175896883,1.0,0.9953429098241031,2374.988980591297,0.125030055642128
frozen,24,11,0.30024,0.29283333333333333,post_filter,0.7685000309720635,1.0,0.9923149996902794,2374.988980591297,0.125030055642128
frozen,25,11,0.30024,0.29283333333333333,post_filter,0.5581250297836959,0.9,0.0,2417.0149117708206,0.12497184798121452
frozen,26,11,0.30024,0.29283333333333333,post_filter,0.649333989713341,1.0,0.9935066601028666,2374.988980591297,0.12497184798121452
frozen,27,11,0.30024,0.29283333333333333,post_filter,0.9551250259391963,1.0,0.990448749740608,2374.988980591297,0.08300412446260452
frozen,28,11,0.30024,0.29283333333333333,post_filter,1.0994579643011093,1.0,0.9890054203569889,2374.988980591297,0.08399365469813347
frozen,29,11,0.30024,0.29283333333333333,post_filter,0.6335829384624958,1.0,0.993664170615375,2374.988980591297,0.08300412446260452
frozen,30,11,0.30024,0.29283333333333333,post_filter,0.6079580052755773,0.9,0.0,2417.0149117708206,0.08294591680169106
frozen,31,11,0.30024,0.29283333333333333,post_filter,0.4819160094484687,0.9,0.0,2375.0471882522106,0.125030055642128
frozen,32,11,0.30024,0.29283333333333333,post_filter,0.7260830025188625,0.9,0.0,2374.988980591297,0.08300412446260452
frozen,33,11,0.30024,0.29283333333333333,post_filter,0.36633299896493554,1.0,0.9963366700103506,2374.988980591297,0.08300412446260452
frozen,34,11,0.30024,0.29283333333333333,post_filter,0.7152920006774366,1.0,0.9928470799932256,2375.0471882522106,0.08405186235904694
frozen,35,11,0.30024,0.29283333333333333,post_filter,0.26583397993817925,1.0,0.9973416602006182,2415.967173874378,0.08300412446260452
frozen,36,11,0.30024,0.29283333333333333,post_filter,0.6755830254405737,1.0,0.9932441697455943,2332.9630494117737,0.08300412446260452
frozen,37,11,0.30024,0.29283333333333333,post_filter,0.5105420132167637,0.9,0.0,2416.0253815352917,0.08300412446260452
frozen,38,11,0.30024,0.29283333333333333,post_filter,0.3851250512525439,1.0,0.9961487494874746,2374.988980591297,0.04202593117952347
frozen,39,11,0.30024,0.29283333333333333,post_filter,0.45079103438183665,1.0,0.9954920896561816,2334.010787308216,0.08300412446260452
frozen,40,11,0.30024,0.29283333333333333,post_filter,0.43116597225889564,0.9,0.0,2417.0149117708206,0.125030055642128
frozen,41,11,0.30024,0.29283333333333333,post_filter,0.42979198042303324,0.9,0.0,2374.988980591297,0.08300412446260452
frozen,42,11,0.30024,0.29283333333333333,post_filter,0.38791593397036195,0.9,0.0,2416.956704109907,0.08300412446260452
frozen,43,11,0.30024,0.29283333333333333,post_filter,0.422040990088135,1.0,0.9957795900991186,2374.988980591297,0.08300412446260452
frozen,44,11,0.30024,0.29283333333333333,post_filter,0.5001259269192815,0.9,0.0,2375.0471882522106,0.08399365469813347
frozen,45,11,0.30024,0.29283333333333333,post_filter,0.46000006841495633,1.0,0.9953999993158504,2334.010787308216,0.08300412446260452
frozen,46,11,0.30024,0.29283333333333333,post_filter,0.634542026091367,0.9,0.0,2374.988980591297,0.08300412446260452
frozen,47,11,0.30024,0.29283333333333333,post_filter,0.4049590206705034,1.0,0.995950409793295,2334.010787308216,0.08300412446260452
frozen,48,11,0.30024,0.29283333333333333,post_filter,0.47033297596499324,0.9,0.0,2415.967173874378,0.08300412446260452
frozen,49,11,0.30024,0.29283333333333333,post_filter,0.5112910293973982,1.0,0.994887089706026,2417.0149117708206,0.08300412446260452
frozen,0,12,0.318055,0.30733333333333335,post_filter,0.6147089879959822,0.9,0.0,1540.9896150231361,0.08300412446260452
frozen,1,12,0.318055,0.30733333333333335,post_filter,0.622292049229145,0.9,0.0,1374.981366097927,0.12497184798121452
frozen,2,12,0.318055,0.30733333333333335,post_filter,0.40908297523856163,1.0,0.9959091702476144,1374.981366097927,0.08300412446260452
frozen,3,12,0.318055,0.30733333333333335,post_filter,0.5619169678539038,1.0,0.994380830321461,1290.9877113997936,0.08300412446260452
frozen,4,12,0.318055,0.30733333333333335,post_filter,0.5147079937160015,0.9,0.0,1333.013642579317,0.125030055642128
frozen,5,12,0.318055,0.30733333333333335,post_filter,0.419124960899353,0.9,0.0,1333.013642579317,0.12497184798121452
frozen,6,12,0.318055,0.30733333333333335,post_filter,0.5307490355335176,0.9,0.0,1374.981366097927,0.08300412446260452
frozen,7,12,0.318055,0.30733333333333335,post_filter,0.4998330259695649,1.0,0.9950016697403044,1291.9772416353226,0.08300412446260452
frozen,8,12,0.318055,0.30733333333333335,post_filter,0.5857079522684216,1.0,0.9941429204773158,1332.9554349184036,0.08399365469813347
frozen,9,12,0.318055,0.30733333333333335,post_filter,0.39666699012741446,1.0,0.9960333300987259,1291.9772416353226,0.08300412446260452
frozen,10,12,0.318055,0.30733333333333335,post_filter,0.3811659989878535,1.0,0.9961883400101215,1333.013642579317,0.08300412446260452
frozen,11,12,0.318055,0.30733333333333335,post_filter,0.37079094909131527,0.0,0.0,1333.013642579317,0.08294591680169106
frozen,12,12,0.318055,0.30733333333333335,post_filter,0.4223340074531734,0.9,0.0,1249.951310455799,0.08399365469813347
frozen,13,12,0.318055,0.30733333333333335,post_filter,0.7479999912902713,0.5,0.0,1333.013642579317,0.08300412446260452
frozen,14,12,0.318055,0.30733333333333335,post_filter,0.46770903281867504,1.0,0.9953229096718132,1291.9772416353226,0.08300412446260452
frozen,15,12,0.318055,0.30733333333333335,post_filter,0.47812500270083547,1.0,0.9952187499729916,1291.9772416353226,0.08300412446260452
frozen,16,12,0.318055,0.30733333333333335,post_filter,0.38279202999547124,1.0,0.9961720797000453,1291.9772416353226,0.08300412446260452
frozen,17,12,0.318055,0.30733333333333335,post_filter,0.4913340089842677,1.0,0.9950866599101573,1291.9772416353226,0.08399365469813347
frozen,18,12,0.318055,0.30733333333333335,post_filter,1.0766249615699053,1.0,0.989233750384301,1291.9772416353226,0.04196772351861
frozen,19,12,0.318055,0.30733333333333335,post_filter,0.768749974668026,1.0,0.9923125002533197,1291.9772416353226,0.08300412446260452
frozen,20,12,0.318055,0.30733333333333335,post_filter,0.8712909766472876,0.9,0.0,1250.0095181167126,0.4169996827840805
frozen,21,12,0.318055,0.30733333333333335,post_filter,1.1309169931337237,1.0,0.9886908300686628,1292.035449296236,0.08300412446260452
frozen,22,12,0.318055,0.30733333333333335,post_filter,0.6428759661503136,1.0,0.9935712403384969,1291.9772416353226,0.08300412446260452
frozen,23,12,0.318055,0.30733333333333335,post_filter,0.5355000030249357,1.0,0.9946449999697506,4458.008334040642,0.12497184798121452
frozen,24,12,0.318055,0.30733333333333335,post_filter,0.950917019508779,1.0,0.9904908298049122,1332.9554349184036,0.08300412446260452
frozen,25,12,0.318055,0.30733333333333335,post_filter,0.7139579975046217,1.0,0.9928604200249538,1291.9772416353226,0.04202593117952347
frozen,26,12,0.318055,0.30733333333333335,post_filter,1.1095409863628447,1.0,0.9889045901363716,1292.035449296236,0.08300412446260452
frozen,27,12,0.318055,0.30733333333333335,post_filter,0.8744159713387489,1.0,0.9912558402866125,1291.9772416353226,0.12497184798121452
frozen,28,12,0.318055,0.30733333333333335,post_filter,0.9454579558223486,1.0,0.9905454204417765,1291.9772416353226,0.125030055642128
frozen,29,12,0.318055,0.30733333333333335,post_filter,0.7937920745462179,1.0,0.9920620792545378,1292.035449296236,0.08399365469813347
frozen,30,12,0.318055,0.30733333333333335,post_filter,0.8410000591538846,0.9,0.0,1249.951310455799,0.08300412446260452
frozen,31,12,0.318055,0.30733333333333335,post_filter,0.7600000244565308,0.9,0.0,1292.035449296236,0.125030055642128
frozen,32,12,0.318055,0.30733333333333335,post_filter,0.865875044837594,0.9,0.0,1333.013642579317,0.08294591680169106
frozen,33,12,0.318055,0.30733333333333335,post_filter,0.4920830251649022,1.0,0.995079169748351,1291.045919060707,0.08300412446260452
frozen,34,12,0.318055,0.30733333333333335,post_filter,0.8341250359080732,0.9,0.0,1333.013642579317,0.08405186235904694
frozen,35,12,0.318055,0.30733333333333335,post_filter,0.3643750096671283,1.0,0.9963562499033287,1250.0095181167126,0.08300412446260452
frozen,36,12,0.318055,0.30733333333333335,post_filter,0.8155830437317491,1.0,0.9918441695626825,1333.013642579317,0.08399365469813347
frozen,37,12,0.318055,0.30733333333333335,post_filter,0.7670830236747861,0.9,0.0,1250.0095181167126,0.08300412446260452
frozen,38,12,0.318055,0.30733333333333335,post_filter,0.6107920198701322,1.0,0.9938920798012987,1292.035449296236,0.08294591680169106
frozen,39,12,0.318055,0.30733333333333335,post_filter,0.7402920164167881,1.0,0.9925970798358321,1250.0095181167126,0.08399365469813347
frozen,40,12,0.318055,0.30733333333333335,post_filter,0.7092079613357782,0.9,0.0,1250.0095181167126,0.08300412446260452
frozen,41,12,0.318055,0.30733333333333335,post_filter,0.620124046690762,0.9,0.0,1292.035449296236,0.125030055642128
frozen,42,12,0.318055,0.30733333333333335,post_filter,0.6986660300754011,0.9,0.0,1292.035449296236,0.125030055642128
frozen,43,12,0.318055,0.30733333333333335,post_filter,0.5192089593037963,1.0,0.994807910406962,1250.0095181167126,0.08300412446260452
frozen,44,12,0.318055,0.30733333333333335,post_filter,0.6313740159384906,1.0,0.9936862598406151,1291.045919060707,0.040978193283081055
frozen,45,12,0.318055,0.30733333333333335,post_filter,0.6581250345334411,1.0,0.9934187496546656,1291.9772416353226,0.08300412446260452
frozen,46,12,0.318055,0.30733333333333335,post_filter,1.156834012363106,1.0,0.9884316598763689,1291.9772416353226,0.08399365469813347
frozen,47,12,0.318055,0.30733333333333335,post_filter,0.3830839996226132,1.0,0.9961691600037739,1291.9772416353226,0.08300412446260452
frozen,48,12,0.318055,0.30733333333333335,post_filter,0.6461249431595206,0.9,0.0,1291.9772416353226,0.08300412446260452
frozen,49,12,0.318055,0.30733333333333335,post_filter,0.5960830021649599,1.0,0.9940391699783504,1292.035449296236,0.08399365469813347
frozen,0,13,0.340785,0.347,post_filter,0.675041985232383,1.0,0.9932495801476762,3665.976691991091,0.125030055642128
frozen,1,13,0.340785,0.347,post_filter,0.8684580097906291,0.9,0.0,3500.026650726795,0.08300412446260452
frozen,2,13,0.340785,0.347,post_filter,0.6043750327080488,0.9,0.0,3458.0007195472717,0.12497184798121452
frozen,3,13,0.340785,0.347,post_filter,0.6496660062111914,0.9,0.0,3374.996595084667,0.08399365469813347
frozen,4,13,0.340785,0.347,post_filter,0.6334999925456941,1.0,0.9936650000745431,3333.028871566057,0.125030055642128
frozen,5,13,0.340785,0.347,post_filter,0.5802499945275486,1.0,0.9941975000547245,3209.0465538203716,0.08300412446260452
frozen,6,13,0.340785,0.347,post_filter,0.520791974849999,1.0,0.9947920802515,3249.966539442539,0.08300412446260452
frozen,7,13,0.340785,0.347,post_filter,0.5667080404236913,1.0,0.9943329195957631,3249.966539442539,0.08300412446260452
frozen,8,13,0.340785,0.347,post_filter,0.645041058305651,1.0,0.9935495894169435,3207.998815923929,0.08399365469813347
frozen,9,13,0.340785,0.347,post_filter,0.5522920400835574,1.0,0.9944770795991644,3207.998815923929,0.125030055642128
frozen,10,13,0.340785,0.347,post_filter,0.5122490110807121,0.7,0.0,3207.998815923929,0.125030055642128
frozen,11,13,0.340785,0.347,post_filter,0.49879198195412755,0.0,0.0,3250.0247471034527,0.08300412446260452
frozen,12,13,0.340785,0.347,post_filter,0.5746249807998538,1.0,0.9942537501920015,3249.966539442539,0.12497184798121452
frozen,13,13,0.340785,0.347,post_filter,0.762958952691406,0.3,0.0,3332.9706639051437,0.08300412446260452
frozen,14,13,0.340785,0.347,post_filter,0.49958302406594157,1.0,0.9950041697593406,3249.966539442539,0.08300412446260452
frozen,15,13,0.340785,0.347,post_filter,0.5398740177042782,0.9,0.0,3166.9624149799347,0.08399365469813347
frozen,16,13,0.340785,0.347,post_filter,0.4367080400697887,0.9,0.0,3207.998815923929,0.125030055642128
frozen,17,13,0.340785,0.347,post_filter,0.5394589970819652,1.0,0.9946054100291803,3167.020622640848,0.08399365469813347
frozen,18,13,0.340785,0.347,post_filter,0.5169589421711862,1.0,0.9948304105782881,3207.998815923929,0.04202593117952347
frozen,19,13,0.340785,0.347,post_filter,0.3917079884558916,0.8,0.0,3209.0465538203716,0.08300412446260452
frozen,20,13,0.340785,0.347,post_filter,0.4012080025859177,1.0,0.9959879199741408,3250.0247471034527,0.08300412446260452
frozen,21,13,0.340785,0.347,post_filter,0.62654196517542,0.9,0.0,3207.998815923929,0.08300412446260452
frozen,22,13,0.340785,0.347,post_filter,0.4729169886559248,1.0,0.9952708301134408,3207.998815923929,0.08300412446260452
frozen,23,13,0.340785,0.347,post_filter,0.41604205034673214,1.0,0.9958395794965327,3249.966539442539,0.08300412446260452
frozen,24,13,0.340785,0.347,post_filter,0.5389999714680016,1.0,0.99461000028532,3207.998815923929,0.08399365469813347
frozen,25,13,0.340785,0.347,post_filter,0.39366603596135974,0.9,0.0,3167.020622640848,0.08405186235904694
frozen,26,13,0.340785,0.347,post_filter,0.5233759875409305,0.9,0.0,3209.0465538203716,0.08294591680169106
frozen,27,13,0.340785,0.347,post_filter,0.47354097478091717,1.0,0.9952645902521908,3167.020622640848,0.08300412446260452
frozen,28,13,0.340785,0.347,post_filter,0.4352509859018028,1.0,0.995647490140982,3209.0465538203716,0.08294591680169106
frozen,29,13,0.340785,0.347,post_filter,0.4142079269513488,1.0,0.9958579207304865,3207.998815923929,0.125030055642128
frozen,30,13,0.340785,0.347,post_filter,0.6723339902237058,0.5,0.0,3167.020622640848,0.08300412446260452
frozen,31,13,0.340785,0.347,post_filter,0.4135000053793192,1.0,0.9958649999462068,3207.998815923929,0.08399365469813347
frozen,32,13,0.340785,0.347,post_filter,0.4054579767398536,1.0,0.9959454202326015,3208.988346159458,0.08300412446260452
frozen,33,13,0.340785,0.347,post_filter,0.32408302649855614,1.0,0.9967591697350144,3207.998815923929,0.08300412446260452
frozen,34,13,0.340785,0.347,post_filter,0.4957489436492324,1.0,0.9950425105635077,3207.998815923929,0.12497184798121452
frozen,35,13,0.340785,0.347,post_filter,0.23458298528566957,1.0,0.9976541701471433,3208.988346159458,0.08300412446260452
frozen,36,13,0.340785,0.347,post_filter,0.46008394565433264,1.0,0.9953991605434567,3207.998815923929,0.12497184798121452
frozen,37,13,0.340785,0.347,post_filter,0.528083008248359,0.9,0.0,3208.988346159458,0.08300412446260452
frozen,38,13,0.340785,0.347,post_filter,0.43925002682954073,0.7,0.0,3209.0465538203716,0.08294591680169106
frozen,39,13,0.340785,0.347,post_filter,0.5513749783858657,0.9,0.0,3207.998815923929,0.08294591680169106
frozen,40,13,0.340785,0.347,post_filter,0.43570902198553085,1.0,0.9956429097801447,3167.020622640848,0.12497184798121452
frozen,41,13,0.340785,0.347,post_filter,0.5508339963853359,0.9,0.0,3165.9728847444057,0.125030055642128
frozen,42,13,0.340785,0.347,post_filter,0.4117909702472389,1.0,0.9958820902975276,3167.020622640848,0.08399365469813347
frozen,43,13,0.340785,0.347,post_filter,0.4842500784434378,0.9,0.0,3208.0570235848427,0.08405186235904694
frozen,44,13,0.340785,0.347,post_filter,0.5257080192677677,1.0,0.9947429198073223,3209.0465538203716,0.08300412446260452
frozen,45,13,0.340785,0.347,post_filter,0.5441260291263461,1.0,0.9945587397087365,3207.998815923929,0.08300412446260452
frozen,46,13,0.340785,0.347,post_filter,1.049291982781142,0.9,0.0,3207.998815923929,0.08300412446260452
frozen,47,13,0.340785,0.347,post_filter,0.5472079501487315,0.3,0.0,3250.0247471034527,0.08300412446260452
frozen,48,13,0.340785,0.347,post_filter,0.45979098649695516,0.9,0.0,3291.0029403865337,0.08300412446260452
frozen,49,13,0.340785,0.347,post_filter,0.49695803318172693,0.9,0.0,3249.966539442539,0.12497184798121452
frozen,0,14,0.38971,0.4031666666666667,post_filter,0.5594170070253313,1.0,0.9944058299297467,2500.019036233425,0.08300412446260452
frozen,1,14,0.38971,0.4031666666666667,post_filter,0.5583329475484788,0.9,0.0,2333.021257072687,0.08300412446260452
frozen,2,14,0.38971,0.4031666666666667,post_filter,0.48620899906381965,0.9,0.0,2333.021257072687,0.08300412446260452
frozen,3,14,0.38971,0.4031666666666667,post_filter,0.567166949622333,0.8,0.0,2291.9848561286926,0.04202593117952347
frozen,4,14,0.38971,0.4031666666666667,post_filter,0.6203340017236769,1.0,0.9937966599827632,2290.9953258931637,0.08300412446260452
frozen,5,14,0.38971,0.4031666666666667,post_filter,0.6300010136328638,0.8,0.0,2249.958924949169,0.08405186235904694
frozen,6,14,0.38971,0.4031666666666667,post_filter,0.5952079663984478,1.0,0.9940479203360155,2250.0171326100826,0.08399365469813347
frozen,7,14,0.38971,0.4031666666666667,post_filter,0.5816659540869296,1.0,0.9941833404591307,2249.958924949169,0.08300412446260452
frozen,8,14,0.38971,0.4031666666666667,post_filter,0.6549590034410357,1.0,0.9934504099655896,2250.0171326100826,0.08399365469813347
frozen,9,14,0.38971,0.4031666666666667,post_filter,0.5073330248706043,0.9,0.0,2540.997229516506,0.16600824892520905
frozen,10,14,0.38971,0.4031666666666667,post_filter,0.4835830186493695,0.7,0.0,2208.980731666088,0.125030055642128
frozen,11,14,0.38971,0.4031666666666667,post_filter,0.47770701348781586,0.0,0.0,2167.013008147478,0.125030055642128
frozen,12,14,0.38971,0.4031666666666667,post_filter,0.48512499779462814,1.0,0.9951487500220537,2208.0494090914726,0.08300412446260452
frozen,13,14,0.38971,0.4031666666666667,post_filter,0.6013750098645687,1.0,0.9939862499013543,2167.013008147478,0.08300412446260452
frozen,14,14,0.38971,0.4031666666666667,post_filter,0.4827490192838013,1.0,0.995172509807162,2207.991201430559,0.08300412446260452
frozen,15,14,0.38971,0.4031666666666667,post_filter,0.8029590244404972,0.4,0.0,2167.013008147478,0.12497184798121452
frozen,16,14,0.38971,0.4031666666666667,post_filter,0.4143330152146518,0.9,0.0,2167.013008147478,0.08300412446260452
frozen,17,14,0.38971,0.4031666666666667,post_filter,0.4516249755397439,1.0,0.9954837502446026,2208.980731666088,0.08300412446260452
frozen,18,14,0.38971,0.4031666666666667,post_filter,0.5320410709828138,1.0,0.9946795892901719,2167.013008147478,0.08300412446260452
frozen,19,14,0.38971,0.4031666666666667,post_filter,0.5336669855751097,0.6,0.0,2124.9870769679546,0.08399365469813347
frozen,20,14,0.38971,0.4031666666666667,post_filter,0.42858399683609605,1.0,0.995714160031639,2207.991201430559,0.08399365469813347
frozen,21,14,0.38971,0.4031666666666667,post_filter,0.501292000990361,1.0,0.9949870799900964,2167.013008147478,0.08300412446260452
frozen,22,14,0.38971,0.4031666666666667,post_filter,0.4795829299837351,0.5,0.0,2167.013008147478,0.125030055642128
frozen,23,14,0.38971,0.4031666666666667,post_filter,0.42399996891617775,0.9,0.0,2167.013008147478,0.08399365469813347
frozen,24,14,0.38971,0.4031666666666667,post_filter,0.5347499973140657,1.0,0.9946525000268593,2166.023477911949,0.08300412446260452
frozen,25,14,0.38971,0.4031666666666667,post_filter,0.4479170311242342,0.9,0.0,2166.9548004865646,0.12497184798121452
frozen,26,14,0.38971,0.4031666666666667,post_filter,0.5655410350300372,1.0,0.9943445896496996,2165.9652702510357,0.08294591680169106
frozen,27,14,0.38971,0.4031666666666667,post_filter,0.5829159636050463,1.0,0.9941708403639495,2209.0389393270016,0.08300412446260452
frozen,28,14,0.38971,0.4031666666666667,post_filter,0.41149993194267154,1.0,0.9958850006805733,2124.9870769679546,0.08399365469813347
frozen,29,14,0.38971,0.4031666666666667,post_filter,0.64091692911461,0.3,0.0,2166.9548004865646,0.04202593117952347
frozen,30,14,0.38971,0.4031666666666667,post_filter,0.4135000053793192,1.0,0.9958649999462068,2167.013008147478,0.08300412446260452
frozen,31,14,0.38971,0.4031666666666667,post_filter,0.44662499567493796,1.0,0.9955337500432506,2208.0494090914726,0.125030055642128
frozen,32,14,0.38971,0.4031666666666667,post_filter,0.38108404260128736,0.9,0.0,2167.013008147478,0.08399365469813347
frozen,33,14,0.38971,0.4031666666666667,post_filter,0.28325000312179327,1.0,0.9971674999687821,2167.013008147478,0.08300412446260452
frozen,34,14,0.38971,0.4031666666666667,post_filter,0.524040893651545,1.0,0.9947595910634845,2167.013008147478,0.08399365469813347
frozen,35,14,0.38971,0.4031666666666667,post_filter,0.3183330409228802,0.4,0.0,2167.013008147478,0.08399365469813347
frozen,36,14,0.38971,0.4031666666666667,post_filter,0.5181250162422657,1.0,0.9948187498375773,2166.9548004865646,0.12497184798121452
frozen,37,14,0.38971,0.4031666666666667,post_filter,0.553416961338371,1.0,0.9944658303866163,2249.958924949169,0.08300412446260452
frozen,38,14,0.38971,0.4031666666666667,post_filter,0.3291250322945416,1.0,0.9967087496770546,2167.013008147478,0.08399365469813347
frozen,39,14,0.38971,0.4031666666666667,post_filter,0.5174159887246788,0.7,0.0,2208.0494090914726,0.08399365469813347
frozen,40,14,0.38971,0.4031666666666667,post_filter,0.5236249417066574,0.6,0.0,2207.991201430559,0.08300412446260452
frozen,41,14,0.38971,0.4031666666666667,post_filter,0.46787498285993934,1.0,0.9953212501714006,2167.013008147478,0.08399365469813347
frozen,42,14,0.38971,0.4031666666666667,post_filter,1.4177910052239895,0.6,0.0,2207.991201430559,0.08294591680169106
frozen,43,14,0.38971,0.4031666666666667,post_filter,1.6398750012740493,0.8,0.0,2167.013008147478,0.08300412446260452
frozen,44,14,0.38971,0.4031666666666667,post_filter,2.0979170803911984,1.0,0.979020829196088,2207.991201430559,0.12497184798121452
frozen,45,14,0.38971,0.4031666666666667,post_filter,1.9825000199489295,0.3,0.0,2166.9548004865646,0.08300412446260452
frozen,46,14,0.38971,0.4031666666666667,post_filter,4.0735830552876,0.9,0.0,2250.0171326100826,0.08300412446260452
frozen,47,14,0.38971,0.4031666666666667,post_filter,0.4917920450679958,0.5,0.0,2208.980731666088,0.08399365469813347
frozen,48,14,0.38971,0.4031666666666667,post_filter,1.372625003568828,0.5,0.0,2207.991201430559,0.08399365469813347
frozen,49,14,0.38971,0.4031666666666667,post_filter,1.431542041245848,1.0,0.9856845795875415,2207.991201430559,0.08399365469813347
frozen,0,15,0.611055,0.6068333333333333,post_filter,1.1735829757526517,1.0,0.9882641702424735,6082.991603761911,0.12497184798121452
frozen,1,15,0.611055,0.6068333333333333,post_filter,1.1823750101029873,0.9,0.0,5375.011824071407,0.08399365469813347
frozen,2,15,0.611055,0.6068333333333333,post_filter,0.7606260478496552,1.0,0.9923937395215034,5166.977643966675,0.08399365469813347
frozen,3,15,0.611055,0.6068333333333333,post_filter,1.004416961222887,1.0,0.9899558303877711,5166.046321392059,0.08300412446260452
frozen,4,15,0.611055,0.6068333333333333,post_filter,1.1159589630551636,1.0,0.9888404103694484,5000.03807246685,0.08300412446260452
frozen,5,15,0.611055,0.6068333333333333,post_filter,0.6018330459482968,0.9,0.0,4959.001671522856,0.08300412446260452
frozen,6,15,0.611055,0.6068333333333333,post_filter,0.7360830204561353,1.0,0.9926391697954386,4916.975740343332,0.12497184798121452
frozen,7,15,0.611055,0.6068333333333333,post_filter,0.7660420378670096,1.0,0.9923395796213299,4875.008016824722,0.08300412446260452
frozen,8,15,0.611055,0.6068333333333333,post_filter,0.8510839543305337,1.0,0.9914891604566947,4874.949809163809,0.125030055642128
frozen,9,15,0.611055,0.6068333333333333,post_filter,0.6028340430930257,1.0,0.9939716595690697,4875.008016824722,0.08300412446260452
frozen,10,15,0.611055,0.6068333333333333,post_filter,0.42104098247364163,0.9,0.0,4875.008016824722,0.08300412446260452
frozen,11,15,0.611055,0.6068333333333333,post_filter,0.5361250368878245,0.0,0.0,4875.008016824722,0.08399365469813347
frozen,12,15,0.611055,0.6068333333333333,post_filter,0.6230410072021186,0.9,0.0,4875.008016824722,0.08300412446260452
frozen,13,15,0.611055,0.6068333333333333,post_filter,1.0002500494010746,0.6,0.0,4916.044417768717,0.08300412446260452
frozen,14,15,0.611055,0.6068333333333333,post_filter,0.5807920242659748,1.0,0.9941920797573403,4875.008016824722,0.12497184798121452
frozen,15,15,0.611055,0.6068333333333333,post_filter,0.593207951169461,1.0,0.9940679204883054,4916.975740343332,0.125030055642128
frozen,16,15,0.611055,0.6068333333333333,post_filter,0.4389999667182565,1.0,0.9956100003328174,5042.00579598546,0.08300412446260452
frozen,17,15,0.611055,0.6068333333333333,post_filter,0.5640410236082971,1.0,0.994359589763917,4915.986210107803,0.125030055642128
frozen,18,15,0.611055,0.6068333333333333,post_filter,0.621166022028774,1.0,0.9937883397797123,4958.012141287327,0.125030055642128
frozen,19,15,0.611055,0.6068333333333333,post_filter,0.48154103569686413,0.8,0.0,4875.008016824722,0.125030055642128
frozen,20,15,0.611055,0.6068333333333333,post_filter,0.412292021792382,1.0,0.9958770797820762,4916.044417768717,0.08300412446260452
frozen,21,15,0.611055,0.6068333333333333,post_filter,0.6094989366829395,1.0,0.9939050106331706,4915.986210107803,0.08300412446260452
frozen,22,15,0.611055,0.6068333333333333,post_filter,0.4937910125590861,1.0,0.9950620898744091,4916.975740343332,0.08300412446260452
frozen,23,15,0.611055,0.6068333333333333,post_filter,0.4211670020595193,1.0,0.9957883299794048,4915.986210107803,0.08300412446260452
frozen,24,15,0.611055,0.6068333333333333,post_filter,0.6190420244820416,1.0,0.9938095797551796,4875.008016824722,0.08399365469813347
frozen,25,15,0.611055,0.6068333333333333,post_filter,0.41383301140740514,0.9,0.0,4875.008016824722,0.08300412446260452
frozen,26,15,0.611055,0.6068333333333333,post_filter,0.6749579915776849,1.0,0.9932504200842232,4875.008016824722,0.08300412446260452
frozen,27,15,0.611055,0.6068333333333333,post_filter,0.6135000148788095,1.0,0.9938649998512119,4915.986210107803,0.08300412446260452
frozen,28,15,0.611055,0.6068333333333333,post_filter,0.45433302875608206,1.0,0.9954566697124392,4917.033948004246,0.125030055642128
frozen,29,15,0.611055,0.6068333333333333,post_filter,0.41670899372547865,1.0,0.9958329100627452,4915.986210107803,0.08294591680169106
frozen,30,15,0.611055,0.6068333333333333,post_filter,0.4831660189665854,1.0,0.9951683398103341,4916.975740343332,0.12497184798121452
frozen,31,15,0.611055,0.6068333333333333,post_filter,0.47999899834394455,1.0,0.9952000100165606,4917.033948004246,0.125030055642128
frozen,32,15,0.611055,0.6068333333333333,post_filter,0.535291968844831,1.0,0.9946470803115517,4875.008016824722,0.08399365469813347
frozen,33,15,0.611055,0.6068333333333333,post_filter,0.3523330087773502,1.0,0.9964766699122265,4917.033948004246,0.125030055642128
frozen,34,15,0.611055,0.6068333333333333,post_filter,0.5329580162651837,0.9,0.0,4917.033948004246,0.08300412446260452
frozen,35,15,0.611055,0.6068333333333333,bitmap_prefilter,78.74837395502254,1.0,0.21251626044977456,4875.008016824722,0.166997779160738
frozen,36,15,0.611055,0.6068333333333333,post_filter,0.48341701040044427,1.0,0.9951658298959956,4916.975740343332,0.08300412446260452
frozen,37,15,0.611055,0.6068333333333333,post_filter,0.5339580238796771,0.9,0.0,4917.033948004246,0.08300412446260452
frozen,38,15,0.611055,0.6068333333333333,post_filter,0.4147500148974359,1.0,0.9958524998510256,4874.949809163809,0.08300412446260452
frozen,39,15,0.611055,0.6068333333333333,post_filter,0.49820897402241826,1.0,0.9950179102597758,4875.008016824722,0.08399365469813347
frozen,40,15,0.611055,0.6068333333333333,post_filter,0.4192490014247596,1.0,0.9958075099857524,4874.949809163809,0.08300412446260452
frozen,41,15,0.611055,0.6068333333333333,post_filter,0.43200101936236024,1.0,0.9956799898063764,4875.008016824722,0.125030055642128
frozen,42,15,0.611055,0.6068333333333333,post_filter,0.41104102274402976,1.0,0.9958895897725597,4874.949809163809,0.08300412446260452
frozen,43,15,0.611055,0.6068333333333333,post_filter,0.45250001130625606,1.0,0.9954749998869374,4917.033948004246,0.125030055642128
frozen,44,15,0.611055,0.6068333333333333,post_filter,0.49633404705673456,1.0,0.9950366595294327,4915.986210107803,0.08300412446260452
frozen,45,15,0.611055,0.6068333333333333,post_filter,0.4569999873638153,1.0,0.9954300001263618,11958.007235080004,0.12497184798121452
frozen,46,15,0.611055,0.6068333333333333,post_filter,0.6219989736564457,0.9,0.0,5042.00579598546,0.08300412446260452
frozen,47,15,0.611055,0.6068333333333333,post_filter,0.3524569910950959,1.0,0.996475430089049,5040.958058089018,0.08300412446260452
frozen,48,15,0.611055,0.6068333333333333,post_filter,0.4285000031813979,0.9,0.0,4916.975740343332,0.08300412446260452
frozen,49,15,0.611055,0.6068333333333333,post_filter,0.47691602958366275,1.0,0.9952308397041634,4832.982085645199,0.08300412446260452
frozen,0,16,0.67152,0.6761666666666667,post_filter,0.5571669898927212,1.0,0.9944283301010728,5958.019755780697,0.08399365469813347
frozen,1,16,0.67152,0.6761666666666667,post_filter,0.5430420278571546,0.9,0.0,5625.01372769475,0.08294591680169106
frozen,2,16,0.67152,0.6761666666666667,post_filter,0.4397499724291265,1.0,0.9956025002757087,5459.005478769541,0.08300412446260452
frozen,3,16,0.67152,0.6761666666666667,post_filter,0.5464170244522393,1.0,0.9945358297554776,5457.957740873098,0.12497184798121452
frozen,4,16,0.67152,0.6761666666666667,post_filter,0.5252090049907565,1.0,0.9947479099500924,5292.007699608803,0.08300412446260452
frozen,5,16,0.67152,0.6761666666666667,post_filter,0.42987492633983493,0.9,0.0,5249.981768429279,0.125030055642128
frozen,6,16,0.67152,0.6761666666666667,post_filter,0.544748967513442,1.0,0.9945525103248656,5209.003575146198,0.08300412446260452
frozen,7,16,0.67152,0.6761666666666667,post_filter,0.524916045833379,1.0,0.9947508395416662,5292.007699608803,0.08300412446260452
frozen,8,16,0.67152,0.6761666666666667,post_filter,0.5812080344185233,1.0,0.9941879196558148,5207.955837249756,0.08300412446260452
frozen,9,16,0.67152,0.6761666666666667,post_filter,0.40541699854657054,1.0,0.9959458300145343,5249.981768429279,0.12497184798121452
frozen,10,16,0.67152,0.6761666666666667,post_filter,0.42079202830791473,0.9,0.0,5207.955837249756,0.08294591680169106
frozen,11,16,0.67152,0.6761666666666667,post_filter,0.3907489590346813,0.0,0.0,5292.007699608803,0.08300412446260452
frozen,12,16,0.67152,0.6761666666666667,post_filter,0.3643749514594674,1.0,0.9963562504854053,5249.981768429279,0.12497184798121452
frozen,13,16,0.67152,0.6761666666666667,post_filter,0.5098330439068377,1.0,0.9949016695609316,5292.007699608803,0.08300412446260452
frozen,14,16,0.67152,0.6761666666666667,post_filter,0.4591669421643019,1.0,0.995408330578357,5209.003575146198,0.08300412446260452
frozen,15,16,0.67152,0.6761666666666667,post_filter,0.4690829664468765,1.0,0.9953091703355312,5208.014044910669,0.125030055642128
frozen,16,16,0.67152,0.6761666666666667,post_filter,0.3868329804390669,1.0,0.9961316701956093,5249.981768429279,0.08300412446260452
frozen,17,16,0.67152,0.6761666666666667,post_filter,0.39566599298268557,1.0,0.9960433400701731,5249.981768429279,0.08300412446260452
frozen,18,16,0.67152,0.6761666666666667,post_filter,0.4699999699369073,1.0,0.9953000003006309,5249.981768429279,0.08300412446260452
frozen,19,16,0.67152,0.6761666666666667,post_filter,0.4359589656814933,0.8,0.0,5209.003575146198,0.08300412446260452
frozen,20,16,0.67152,0.6761666666666667,post_filter,0.42812497122213244,1.0,0.9957187502877787,5249.981768429279,0.08399365469813347
frozen,21,16,0.67152,0.6761666666666667,post_filter,0.5485829897224903,1.0,0.9945141701027751,5209.003575146198,0.08300412446260452
frozen,22,16,0.67152,0.6761666666666667,post_filter,0.41137501830235124,1.0,0.9958862498169765,5208.014044910669,0.08300412446260452
frozen,23,16,0.67152,0.6761666666666667,post_filter,0.4005410009995103,1.0,0.9959945899900049,5290.95996171236,0.12497184798121452
frozen,24,16,0.67152,0.6761666666666667,post_filter,0.549374963156879,1.0,0.9945062503684312,5292.007699608803,0.08399365469813347
frozen,25,16,0.67152,0.6761666666666667,post_filter,0.355791999027133,0.9,0.0,5291.018169373274,0.08300412446260452
frozen,26,16,0.67152,0.6761666666666667,post_filter,0.5149170174263418,1.0,0.9948508298257366,5292.007699608803,0.08399365469813347
frozen,27,16,0.67152,0.6761666666666667,post_filter,0.4736659466288984,1.0,0.995263340533711,5249.981768429279,0.08300412446260452
frozen,28,16,0.67152,0.6761666666666667,post_filter,0.3949590027332306,1.0,0.9960504099726677,5249.981768429279,0.08300412446260452
frozen,29,16,0.67152,0.6761666666666667,post_filter,0.4386669606901705,1.0,0.9956133303930983,5249.981768429279,0.08300412446260452
frozen,30,16,0.67152,0.6761666666666667,post_filter,0.41758298175409436,1.0,0.9958241701824591,5250.039976090193,0.08399365469813347
frozen,31,16,0.67152,0.6761666666666667,post_filter,0.43358298717066646,1.0,0.9956641701282933,5249.981768429279,0.08399365469813347
frozen,32,16,0.67152,0.6761666666666667,post_filter,0.4069589776918292,1.0,0.9959304102230817,5249.981768429279,0.08300412446260452
frozen,33,16,0.67152,0.6761666666666667,post_filter,0.29312499100342393,1.0,0.9970687500899658,5292.007699608803,0.08300412446260452
frozen,34,16,0.67152,0.6761666666666667,post_filter,0.49779098480939865,0.9,0.0,5292.007699608803,0.08399365469813347
frozen,35,16,0.67152,0.6761666666666667,post_filter,0.2334999735467136,1.0,0.9976650002645329,5333.975423127413,0.08300412446260452
frozen,36,16,0.67152,0.6761666666666667,post_filter,0.41345797944813967,1.0,0.9958654202055186,5292.007699608803,0.08405186235904694
frozen,37,16,0.67152,0.6761666666666667,post_filter,0.45462395064532757,0.9,0.0,5292.007699608803,0.08300412446260452
frozen,38,16,0.67152,0.6761666666666667,post_filter,0.36224903305992484,1.0,0.9963775096694008,5292.007699608803,0.08399365469813347
frozen,39,16,0.67152,0.6761666666666667,post_filter,0.4407090018503368,1.0,0.9955929099814966,5333.975423127413,0.04202593117952347
frozen,40,16,0.67152,0.6761666666666667,post_filter,0.45970798237249255,0.9,0.0,5292.007699608803,0.08300412446260452
frozen,41,16,0.67152,0.6761666666666667,post_filter,0.41312503162771463,1.0,0.9958687496837229,5292.007699608803,0.125030055642128
frozen,42,16,0.67152,0.6761666666666667,post_filter,0.37937506567686796,0.9,0.0,5333.975423127413,0.08399365469813347
frozen,43,16,0.67152,0.6761666666666667,post_filter,0.40729198371991515,1.0,0.9959270801628008,5250.039976090193,0.08399365469813347
frozen,44,16,0.67152,0.6761666666666667,post_filter,0.48279197653755546,0.9,0.0,5291.018169373274,0.08300412446260452
frozen,45,16,0.67152,0.6761666666666667,post_filter,0.5280420300550759,1.0,0.9947195796994492,5290.95996171236,0.08300412446260452
frozen,46,16,0.67152,0.6761666666666667,post_filter,0.6135000148788095,0.9,0.0,5292.007699608803,0.12497184798121452
frozen,47,16,0.67152,0.6761666666666667,post_filter,0.3604569938033819,1.0,0.9963954300619662,5332.985892891884,0.125030055642128
frozen,48,16,0.67152,0.6761666666666667,post_filter,0.4263340379111469,0.9,0.0,5292.007699608803,0.08300412446260452
frozen,49,16,0.67152,0.6761666666666667,post_filter,0.4943329840898514,1.0,0.9950566701591015,5334.033630788326,0.08300412446260452
frozen,0,17,0.634135,0.6293333333333333,post_filter,0.7004999788478017,0.9,0.0,5291.949491947889,0.08300412446260452
frozen,1,17,0.634135,0.6293333333333333,post_filter,0.579457962885499,0.9,0.0,5209.003575146198,0.08300412446260452
frozen,2,17,0.634135,0.6293333333333333,post_filter,0.4525420372374356,1.0,0.9954745796276256,5207.955837249756,0.08300412446260452
frozen,3,17,0.634135,0.6293333333333333,post_filter,0.6153330323286355,1.0,0.9938466696767136,5125.009920448065,0.08300412446260452
frozen,4,17,0.634135,0.6293333333333333,post_filter,0.5361660150811076,1.0,0.9946383398491889,5082.983989268541,0.08399365469813347
frozen,5,17,0.634135,0.6293333333333333,post_filter,0.42687501991167665,0.9,0.0,4916.975740343332,0.08399365469813347
frozen,6,17,0.634135,0.6293333333333333,post_filter,0.5817909259349108,0.9,0.0,4999.979864805937,0.08399365469813347
frozen,7,17,0.634135,0.6293333333333333,post_filter,0.5352490115910769,1.0,0.9946475098840892,4999.979864805937,0.08300412446260452
frozen,8,17,0.634135,0.6293333333333333,post_filter,0.6094580166973174,1.0,0.9939054198330268,4999.979864805937,0.08399365469813347
frozen,9,17,0.634135,0.6293333333333333,post_filter,0.43412495870143175,1.0,0.9956587504129857,4958.012141287327,0.04103640094399452
frozen,10,17,0.634135,0.6293333333333333,post_filter,0.37308293394744396,0.9,0.0,4957.953933626413,0.08300412446260452
frozen,11,17,0.634135,0.6293333333333333,post_filter,0.3523750347085297,0.0,0.0,5000.03807246685,0.08399365469813347
frozen,12,17,0.634135,0.6293333333333333,post_filter,0.36774901673197746,0.9,0.0,4999.979864805937,0.08300412446260452
frozen,13,17,0.634135,0.6293333333333333,post_filter,0.49045903142541647,1.0,0.9950954096857458,4959.001671522856,0.08300412446260452
frozen,14,17,0.634135,0.6293333333333333,post_filter,0.4312090459279716,1.0,0.9956879095407203,4957.953933626413,0.08300412446260452
frozen,15,17,0.634135,0.6293333333333333,post_filter,0.44808402890339494,1.0,0.995519159710966,4916.975740343332,0.08300412446260452
frozen,16,17,0.634135,0.6293333333333333,post_filter,0.3694170154631138,1.0,0.9963058298453689,4999.979864805937,0.08300412446260452
frozen,17,17,0.634135,0.6293333333333333,post_filter,0.4006249946542084,1.0,0.9959937500534579,4958.012141287327,0.08300412446260452
frozen,18,17,0.634135,0.6293333333333333,post_filter,0.5189580260775983,1.0,0.994810419739224,6125.017534941435,0.125030055642128
frozen,19,17,0.634135,0.6293333333333333,post_filter,0.4535000189207494,0.4,0.0,6291.957106441259,0.12497184798121452
frozen,20,17,0.634135,0.6293333333333333,post_filter,0.38195797242224216,1.0,0.9961804202757776,5125.009920448065,0.08300412446260452
frozen,21,17,0.634135,0.6293333333333333,post_filter,0.4876670427620411,1.0,0.9951233295723796,5042.00579598546,0.08300412446260452
frozen,22,17,0.634135,0.6293333333333333,post_filter,0.4113749600946903,1.0,0.9958862503990531,5041.016265749931,0.08300412446260452
frozen,23,17,0.634135,0.6293333333333333,post_filter,0.3687929711304605,1.0,0.9963120702886954,5082.983989268541,0.08300412446260452
frozen,24,17,0.634135,0.6293333333333333,post_filter,0.5750830168835819,1.0,0.9942491698311642,5125.009920448065,0.08399365469813347
frozen,25,17,0.634135,0.6293333333333333,post_filter,0.39645901415497065,1.0,0.9960354098584503,5041.947588324547,0.08300412446260452
frozen,26,17,0.634135,0.6293333333333333,post_filter,0.5545819294638932,1.0,0.9944541807053611,5083.042196929455,0.08300412446260452
frozen,27,17,0.634135,0.6293333333333333,post_filter,0.5105829914100468,1.0,0.9948941700858995,5874.957423657179,0.12497184798121452
frozen,28,17,0.634135,0.6293333333333333,post_filter,0.4715840332210064,1.0,0.9952841596677899,6249.989382922649,0.12497184798121452
frozen,29,17,0.634135,0.6293333333333333,post_filter,0.3937919973395765,1.0,0.9960620800266042,5334.033630788326,0.08294591680169106
frozen,30,17,0.634135,0.6293333333333333,post_filter,0.3709580050781369,1.0,0.9962904199492186,5165.988113731146,0.08300412446260452
frozen,31,17,0.634135,0.6293333333333333,post_filter,0.41325000347569585,1.0,0.995867499965243,5166.046321392059,0.125030055642128
frozen,32,17,0.634135,0.6293333333333333,post_filter,0.3850409993901849,0.9,0.0,5124.951712787151,0.08300412446260452
frozen,33,17,0.634135,0.6293333333333333,post_filter,0.2915840013884008,1.0,0.997084159986116,5042.00579598546,0.08300412446260452
frozen,34,17,0.634135,0.6293333333333333,post_filter,0.540791021194309,0.9,0.0,5040.958058089018,0.08300412446260452
frozen,35,17,0.634135,0.6293333333333333,post_filter,0.26541599072515965,1.0,0.9973458400927484,5041.016265749931,0.12497184798121452
frozen,36,17,0.634135,0.6293333333333333,post_filter,0.4184169811196625,1.0,0.9958158301888034,5041.016265749931,0.08300412446260452
frozen,37,17,0.634135,0.6293333333333333,post_filter,0.5124579765833914,0.9,0.0,5041.016265749931,0.125030055642128
frozen,38,17,0.634135,0.6293333333333333,post_filter,0.3096250002272427,1.0,0.9969037499977276,5209.003575146198,0.125030055642128
frozen,39,17,0.634135,0.6293333333333333,post_filter,0.4467919352464378,1.0,0.9955320806475356,6250.047590583563,0.125030055642128
frozen,40,17,0.634135,0.6293333333333333,post_filter,0.36299903877079487,1.0,0.996370009612292,5999.987479299307,0.08300412446260452
frozen,41,17,0.634135,0.6293333333333333,post_filter,0.35570893669500947,1.0,0.9964429106330499,5165.988113731146,0.125030055642128
frozen,42,17,0.634135,0.6293333333333333,post_filter,0.3759589744731784,1.0,0.9962404102552682,5082.983989268541,0.08399365469813347
frozen,43,17,0.634135,0.6293333333333333,post_filter,0.43833296513184905,1.0,0.9956166703486815,5083.042196929455,0.08300412446260452
frozen,44,17,0.634135,0.6293333333333333,post_filter,0.5298760370351374,1.0,0.9947012396296486,39584.00338888168,4.334026016294956
frozen,45,17,0.634135,0.6293333333333333,post_filter,0.4575829952955246,1.0,0.9954241700470448,18417.020328342915,0.667001586407423
frozen,46,17,0.634135,0.6293333333333333,post_filter,0.6638330523855984,1.0,0.993361669476144,8458.038792014122,0.16600824892520905
frozen,47,17,0.634135,0.6293333333333333,post_filter,0.390583008993417,1.0,0.9960941699100658,6125.017534941435,0.08300412446260452
frozen,48,17,0.634135,0.6293333333333333,post_filter,0.414166075643152,0.9,0.0,5541.020072996616,0.08399365469813347
frozen,49,17,0.634135,0.6293333333333333,post_filter,0.46504195779561996,0.9,0.0,5166.977643966675,0.08300412446260452
frozen,0,18,0.543895,0.541,post_filter,0.6477089482359588,1.0,0.9935229105176404,6582.995411008596,0.125030055642128
frozen,1,18,0.543895,0.541,post_filter,0.6419590208679438,0.9,0.0,13332.98860117793,0.125030055642128
frozen,2,18,0.543895,0.541,post_filter,0.45737496111541986,1.0,0.9954262503888458,4833.971615880728,0.08300412446260452
frozen,3,18,0.543895,0.541,post_filter,0.571833981666714,1.0,0.9942816601833329,4750.036168843508,0.08300412446260452
frozen,4,18,0.543895,0.541,post_filter,0.5231670220382512,1.0,0.9947683297796175,4665.984306484461,0.125030055642128
frozen,5,18,0.543895,0.541,post_filter,0.4015420563519001,0.9,0.0,4708.999767899513,0.08294591680169106
frozen,6,18,0.543895,0.541,post_filter,0.5343330558389425,0.9,0.0,4708.010237663984,0.08300412446260452
frozen,7,18,0.543895,0.541,post_filter,0.5562490550801158,1.0,0.9944375094491988,4708.999767899513,0.08399365469813347
frozen,8,18,0.543895,0.541,post_filter,0.5737919709645212,1.0,0.9942620802903548,4625.00611320138,0.08300412446260452
frozen,9,18,0.543895,0.541,post_filter,0.46725000720471144,1.0,0.9953274999279529,4708.999767899513,0.08300412446260452
frozen,10,18,0.543895,0.541,post_filter,0.35620800917968154,1.0,0.9964379199082032,4708.010237663984,0.08300412446260452
frozen,11,18,0.543895,0.541,post_filter,0.271874014288187,0.0,0.0,4707.952030003071,0.08399365469813347
frozen,12,18,0.543895,0.541,post_filter,0.36925001768395305,0.9,0.0,4625.00611320138,0.08300412446260452
frozen,13,18,0.543895,0.541,post_filter,0.5021249526180327,1.0,0.9949787504738197,4667.032044380903,0.08399365469813347
frozen,14,18,0.543895,0.541,post_filter,0.4295419785194099,0.9,0.0,4749.977961182594,0.04202593117952347
frozen,15,18,0.543895,0.541,post_filter,0.4469580599106848,1.0,0.9955304194008932,4667.032044380903,0.04196772351861
frozen,16,18,0.543895,0.541,post_filter,0.3822079743258655,1.0,0.9961779202567413,4665.984306484461,0.08399365469813347
frozen,17,18,0.543895,0.541,post_filter,0.45066705206409097,1.0,0.9954933294793591,4708.999767899513,0.08300412446260452
frozen,18,18,0.543895,0.541,post_filter,0.4726240294985473,1.0,0.9952737597050145,5082.983989268541,0.08300412446260452
frozen,19,18,0.543895,0.541,post_filter,0.31270901672542095,1.0,0.9968729098327458,5958.019755780697,0.08300412446260452
frozen,20,18,0.543895,0.541,post_filter,0.3946239594370127,0.9,0.0,5458.015948534012,0.12497184798121452
frozen,21,18,0.543895,0.541,post_filter,0.4974160110577941,1.0,0.9950258398894221,4708.010237663984,0.12497184798121452
frozen,22,18,0.543895,0.541,post_filter,0.39370800368487835,1.0,0.9960629199631512,4750.036168843508,0.125030055642128
frozen,23,18,0.543895,0.541,post_filter,0.363748986274004,1.0,0.99636251013726,4708.010237663984,0.125030055642128
frozen,24,18,0.543895,0.541,post_filter,0.5291670095175505,1.0,0.9947083299048245,4749.977961182594,0.08300412446260452
frozen,25,18,0.543895,0.541,post_filter,0.376000942196697,1.0,0.996239990578033,4708.010237663984,0.08300412446260452
frozen,26,18,0.543895,0.541,post_filter,0.55854202946648,1.0,0.9944145797053352,4791.014362126589,0.08300412446260452
frozen,27,18,0.543895,0.541,post_filter,0.5149170756340027,1.0,0.99485082924366,4707.952030003071,0.12497184798121452
frozen,28,18,0.543895,0.541,post_filter,0.4528749850578606,1.0,0.9954712501494214,4708.010237663984,0.08300412446260452
frozen,29,18,0.543895,0.541,post_filter,0.3907919744960964,1.0,0.996092080255039,4749.977961182594,0.08300412446260452
frozen,30,18,0.543895,0.541,post_filter,0.40333298966288567,1.0,0.9959666701033711,4666.042514145374,0.12497184798121452
frozen,31,18,0.543895,0.541,post_filter,0.4484590608626604,0.9,0.0,4667.032044380903,0.5409820005297661
frozen,32,18,0.543895,0.541,post_filter,0.39512600051239133,0.9,0.0,4750.036168843508,0.125030055642128
frozen,33,18,0.543895,0.541,post_filter,0.3107090014964342,1.0,0.9968929099850357,4708.010237663984,0.12497184798121452
frozen,34,18,0.543895,0.541,post_filter,0.5005830316804349,0.9,0.0,4665.984306484461,0.125030055642128
frozen,35,18,0.543895,0.541,post_filter,0.24229107657447457,1.0,0.9975770892342553,4625.00611320138,0.08300412446260452
frozen,36,18,0.543895,0.541,post_filter,0.4189999890513718,1.0,0.9958100001094863,4708.999767899513,0.08300412446260452
frozen,37,18,0.543895,0.541,post_filter,0.5085429875180125,0.9,0.0,4665.984306484461,0.08300412446260452
frozen,38,18,0.543895,0.541,post_filter,0.3562920028343797,1.0,0.9964370799716562,4666.97383671999,0.08300412446260452
frozen,39,18,0.543895,0.541,post_filter,0.45216595754027367,1.0,0.9954783404245973,4792.003892362118,0.125030055642128
frozen,40,18,0.543895,0.541,post_filter,0.4255410167388618,0.9,0.0,4708.999767899513,0.08300412446260452
frozen,41,18,0.543895,0.541,post_filter,0.4635420045815408,1.0,0.9953645799541846,4708.010237663984,0.125030055642128
frozen,42,18,0.543895,0.541,post_filter,0.4154579364694655,0.9,0.0,4665.984306484461,0.08300412446260452
frozen,43,18,0.543895,0.541,post_filter,0.4091670271009207,0.9,0.0,4708.010237663984,0.08399365469813347
frozen,44,18,0.543895,0.541,post_filter,0.525208015460521,1.0,0.9947479198453948,4708.010237663984,0.08399365469813347
frozen,45,18,0.543895,0.541,post_filter,0.4647489986382425,1.0,0.9953525100136176,4750.036168843508,0.125030055642128
frozen,46,18,0.543895,0.541,post_filter,0.6200839998200536,1.0,0.9937991600017995,4666.97383671999,0.08399365469813347
frozen,47,18,0.543895,0.541,post_filter,0.3218750352971256,1.0,0.9967812496470287,4665.984306484461,0.12497184798121452
frozen,48,18,0.543895,0.541,post_filter,0.4724999889731407,0.9,0.0,4667.032044380903,0.08300412446260452
frozen,49,18,0.543895,0.541,post_filter,0.45866600703448057,1.0,0.9954133399296552,4625.00611320138,0.08399365469813347
frozen,0,19,0.53564,0.5466666666666666,post_filter,0.572249002289027,1.0,0.9942775099771097,13416.982255876064,0.08300412446260452
frozen,1,19,0.53564,0.5466666666666666,post_filter,0.5403749528340995,0.9,0.0,5957.961548119783,0.12497184798121452
frozen,2,19,0.53564,0.5466666666666666,post_filter,0.47495897160843015,0.9,0.0,4792.003892362118,0.08399365469813347
frozen,3,19,0.53564,0.5466666666666666,post_filter,0.5735829472541809,0.9,0.0,4666.97383671999,0.12497184798121452
frozen,4,19,0.53564,0.5466666666666666,post_filter,0.572292017750442,1.0,0.9942770798224956,4375.004209578037,0.08300412446260452
frozen,5,19,0.53564,0.5466666666666666,post_filter,0.5170420045033097,1.0,0.9948295799549669,4416.040610522032,0.08300412446260452
frozen,6,19,0.53564,0.5466666666666666,post_filter,0.5047499435022473,1.0,0.9949525005649775,4375.004209578037,0.08300412446260452
frozen,7,19,0.53564,0.5466666666666666,post_filter,0.5123339942656457,0.9,0.0,4375.004209578037,0.08300412446260452
frozen,8,19,0.53564,0.5466666666666666,post_filter,0.5938750109635293,1.0,0.9940612498903647,4458.008334040642,0.08300412446260452
frozen,9,19,0.53564,0.5466666666666666,post_filter,0.3993329592049122,1.0,0.9960066704079509,4375.004209578037,0.12497184798121452
frozen,10,19,0.53564,0.5466666666666666,post_filter,0.4442509962245822,0.8,0.0,4458.008334040642,0.08300412446260452
frozen,11,19,0.53564,0.5466666666666666,post_filter,0.34262496046721935,0.0,0.0,4416.040610522032,0.125030055642128
frozen,12,19,0.53564,0.5466666666666666,post_filter,0.4190410254523158,1.0,0.9958095897454768,4417.030140757561,0.08300412446260452
frozen,13,19,0.53564,0.5466666666666666,post_filter,0.5436239880509675,1.0,0.9945637601194903,4415.982402861118,0.08300412446260452
frozen,14,19,0.53564,0.5466666666666666,post_filter,0.4248339682817459,1.0,0.9957516603171825,4416.971933096647,0.08300412446260452
frozen,15,19,0.53564,0.5466666666666666,post_filter,0.4726260085590184,0.9,0.0,4375.004209578037,0.08300412446260452
frozen,16,19,0.53564,0.5466666666666666,post_filter,0.36395800998434424,0.9,0.0,4375.004209578037,0.08399365469813347
frozen,17,19,0.53564,0.5466666666666666,post_filter,0.42862497502937913,1.0,0.9957137502497062,4417.030140757561,0.08399365469813347
frozen,18,19,0.53564,0.5466666666666666,post_filter,0.488624966237694,1.0,0.9951137503376231,4542.001988738775,0.08399365469813347
frozen,19,19,0.53564,0.5466666666666666,post_filter,0.3797919489443302,0.8,0.0,4542.001988738775,0.08300412446260452
frozen,20,19,0.53564,0.5466666666666666,post_filter,0.38104201667010784,1.0,0.9961895798332989,4625.00611320138,0.08300412446260452
frozen,21,19,0.53564,0.5466666666666666,post_filter,0.5038330564275384,1.0,0.9949616694357246,4542.001988738775,0.08294591680169106
frozen,22,19,0.53564,0.5466666666666666,post_filter,0.41095894994214177,1.0,0.9958904105005786,4582.980182021856,0.08300412446260452
frozen,23,19,0.53564,0.5466666666666666,post_filter,0.4105410189367831,1.0,0.9958945898106322,4542.001988738775,0.12497184798121452
frozen,24,19,0.53564,0.5466666666666666,post_filter,0.5663760239258409,1.0,0.9943362397607416,4541.943781077862,0.08405186235904694
frozen,25,19,0.53564,0.5466666666666666,post_filter,0.3854170208796859,0.9,0.0,4582.980182021856,0.12497184798121452
frozen,26,19,0.53564,0.5466666666666666,post_filter,0.562167027965188,0.9,0.0,4583.03838968277,0.08300412446260452
frozen,27,19,0.53564,0.5466666666666666,post_filter,0.5219170125201344,1.0,0.9947808298747987,4541.012458503246,0.08300412446260452
frozen,28,19,0.53564,0.5466666666666666,post_filter,0.4354999982751906,1.0,0.9956450000172481,4582.980182021856,0.08399365469813347
frozen,29,19,0.53564,0.5466666666666666,post_filter,0.45904098078608513,1.0,0.9954095901921391,4541.012458503246,0.12497184798121452
frozen,30,19,0.53564,0.5466666666666666,post_filter,0.4106249543838203,1.0,0.9958937504561618,4541.012458503246,0.08300412446260452
frozen,31,19,0.53564,0.5466666666666666,post_filter,0.38541696267202497,1.0,0.9961458303732798,4582.980182021856,0.12497184798121452
frozen,32,19,0.53564,0.5466666666666666,post_filter,0.388665939681232,1.0,0.9961133406031877,4583.03838968277,0.08399365469813347
frozen,33,19,0.53564,0.5466666666666666,post_filter,0.2857500221580267,1.0,0.9971424997784197,4540.954250842333,0.08300412446260452
frozen,34,19,0.53564,0.5466666666666666,post_filter,0.49004098400473595,1.0,0.9950995901599526,4583.03838968277,0.125030055642128
frozen,35,19,0.53564,0.5466666666666666,post_filter,0.2583340392448008,1.0,0.997416659607552,4625.00611320138,0.08300412446260452
frozen,36,19,0.53564,0.5466666666666666,post_filter,0.4612909397110343,1.0,0.9953870906028897,4582.980182021856,0.08300412446260452
frozen,37,19,0.53564,0.5466666666666666,post_filter,0.5192080279812217,1.0,0.9948079197201878,4583.03838968277,0.08300412446260452
frozen,38,19,0.53564,0.5466666666666666,post_filter,0.3494169795885682,1.0,0.9965058302041143,4582.980182021856,0.040978193283081055
frozen,39,19,0.53564,0.5466666666666666,post_filter,0.4938329802826047,0.8,0.0,4582.980182021856,0.12497184798121452
frozen,40,19,0.53564,0.5466666666666666,post_filter,0.3766249865293503,1.0,0.9962337501347065,4583.03838968277,0.12497184798121452
frozen,41,19,0.53564,0.5466666666666666,post_filter,0.36570802330970764,1.0,0.9963429197669029,4582.980182021856,0.12497184798121452
frozen,42,19,0.53564,0.5466666666666666,post_filter,0.37416600389406085,1.0,0.9962583399610594,4541.012458503246,0.08300412446260452
frozen,43,19,0.53564,0.5466666666666666,post_filter,0.5029999883845448,0.8,0.0,4583.969712257385,0.08300412446260452
frozen,44,19,0.53564,0.5466666666666666,post_filter,0.5190830561332405,1.0,0.9948091694386676,4667.032044380903,0.08300412446260452
frozen,45,19,0.53564,0.5466666666666666,post_filter,0.4892909782938659,1.0,0.9951070902170613,4542.001988738775,0.08300412446260452
frozen,46,19,0.53564,0.5466666666666666,post_filter,0.6150419940240681,0.9,0.0,4582.980182021856,0.12497184798121452
frozen,47,19,0.53564,0.5466666666666666,post_filter,0.47366705257445574,0.4,0.0,4583.03838968277,0.125030055642128
frozen,48,19,0.53564,0.5466666666666666,post_filter,0.4695830284617841,0.9,0.0,4582.980182021856,0.08300412446260452
frozen,49,19,0.53564,0.5466666666666666,post_filter,0.4879580228589475,1.0,0.9951204197714105,4582.980182021856,0.12497184798121452
frozen,0,20,0.52445,0.5201666666666667,post_filter,0.7065830286592245,0.9,0.0,6333.051715046167,0.08405186235904694
frozen,1,20,0.52445,0.5201666666666667,post_filter,0.5423749098554254,0.9,0.0,5208.014044910669,0.08300412446260452
frozen,2,20,0.52445,0.5201666666666667,post_filter,0.4498329944908619,1.0,0.9955016700550914,4792.003892362118,0.08300412446260452
frozen,3,20,0.52445,0.5201666666666667,post_filter,0.5589179927483201,0.9,0.0,4707.952030003071,0.08300412446260452
frozen,4,20,0.52445,0.5201666666666667,post_filter,0.5230840179137886,0.9,0.0,4792.003892362118,0.12497184798121452
frozen,5,20,0.52445,0.5201666666666667,post_filter,0.4367500077933073,0.9,0.0,5749.985575675964,0.125030055642128
frozen,6,20,0.52445,0.5201666666666667,post_filter,0.5306240054778755,0.9,0.0,5707.959644496441,0.08405186235904694
frozen,7,20,0.52445,0.5201666666666667,post_filter,0.5007090512663126,1.0,0.9949929094873369,4667.032044380903,0.08399365469813347
frozen,8,20,0.52445,0.5201666666666667,post_filter,0.5932910135015845,1.0,0.9940670898649842,4667.032044380903,0.08300412446260452
frozen,9,20,0.52445,0.5201666666666667,post_filter,0.41154102655127645,1.0,0.9958845897344872,4625.00611320138,0.12497184798121452
frozen,10,20,0.52445,0.5201666666666667,post_filter,0.3637080080807209,1.0,0.9963629199191928,4708.010237663984,0.12497184798121452
frozen,11,20,0.52445,0.5201666666666667,post_filter,0.3927500220015645,0.0,0.0,4708.999767899513,0.08300412446260452
frozen,12,20,0.52445,0.5201666666666667,post_filter,0.4290000069886446,0.9,0.0,4625.00611320138,0.08399365469813347
frozen,13,20,0.52445,0.5201666666666667,post_filter,0.5043749697506428,1.0,0.9949562503024936,4708.010237663984,0.08399365469813347
frozen,14,20,0.52445,0.5201666666666667,post_filter,0.4328329232521355,1.0,0.9956716707674786,4625.00611320138,0.12497184798121452
frozen,15,20,0.52445,0.5201666666666667,post_filter,0.428917002864182,1.0,0.9957108299713582,4667.032044380903,0.08300412446260452
frozen,16,20,0.52445,0.5201666666666667,post_filter,0.351125025190413,1.0,0.9964887497480959,4708.010237663984,0.08399365469813347
frozen,17,20,0.52445,0.5201666666666667,post_filter,0.44049997813999653,1.0,0.9955950002186,4625.00611320138,0.125030055642128
frozen,18,20,0.52445,0.5201666666666667,post_filter,0.4812920233234763,1.0,0.9951870797667652,4666.97383671999,0.12497184798121452
frozen,19,20,0.52445,0.5201666666666667,post_filter,0.2977910335175693,1.0,0.9970220896648243,4665.984306484461,0.08300412446260452
frozen,20,20,0.52445,0.5201666666666667,post_filter,0.3820420242846012,0.9,0.0,4666.042514145374,0.08300412446260452
frozen,21,20,0.52445,0.5201666666666667,post_filter,0.49000000581145287,1.0,0.9950999999418855,4625.00611320138,0.08294591680169106
frozen,22,20,0.52445,0.5201666666666667,post_filter,0.44345902279019356,1.0,0.9955654097720981,4582.980182021856,0.08399365469813347
frozen,23,20,0.52445,0.5201666666666667,post_filter,0.41387591045349836,1.0,0.995861240895465,4625.00611320138,0.08300412446260452
frozen,24,20,0.52445,0.5201666666666667,post_filter,0.5868330481462181,1.0,0.9941316695185378,4666.97383671999,0.08300412446260452
frozen,25,20,0.52445,0.5201666666666667,post_filter,0.39245799416676164,1.0,0.9960754200583324,4582.980182021856,0.125030055642128
frozen,26,20,0.52445,0.5201666666666667,post_filter,0.5276250303722918,1.0,0.9947237496962771,4583.969712257385,0.08300412446260452
frozen,27,20,0.52445,0.5201666666666667,post_filter,0.4773749387823045,1.0,0.995226250612177,4582.980182021856,0.08294591680169106
frozen,28,20,0.52445,0.5201666666666667,post_filter,0.42633299017325044,1.0,0.9957366700982675,4625.00611320138,0.08300412446260452
frozen,29,20,0.52445,0.5201666666666667,post_filter,0.399999029468745,1.0,0.9960000097053126,4584.027919918299,0.08300412446260452
frozen,30,20,0.52445,0.5201666666666667,post_filter,0.3807090106420219,1.0,0.9961929098935798,4584.027919918299,0.08300412446260452
frozen,31,20,0.52445,0.5201666666666667,post_filter,0.4124579718336463,0.9,0.0,4791.014362126589,0.12497184798121452
frozen,32,20,0.52445,0.5201666666666667,post_filter,0.39900001138448715,0.9,0.0,4625.00611320138,0.12497184798121452
frozen,33,20,0.52445,0.5201666666666667,post_filter,0.2807090640999377,1.0,0.9971929093590006,4583.03838968277,0.08405186235904694
frozen,34,20,0.52445,0.5201666666666667,post_filter,0.5180410225875676,0.9,0.0,5708.017852157354,0.12497184798121452
frozen,35,20,0.52445,0.5201666666666667,post_filter,0.36516599357128143,1.0,0.9963483400642872,5749.985575675964,0.12497184798121452
frozen,36,20,0.52445,0.5201666666666667,post_filter,0.4725410253740847,1.0,0.9952745897462592,4792.003892362118,0.08300412446260452
frozen,37,20,0.52445,0.5201666666666667,post_filter,0.512541038915515,0.9,0.0,4707.952030003071,0.08300412446260452
frozen,38,20,0.52445,0.5201666666666667,post_filter,0.3285830025561154,1.0,0.9967141699744388,4625.00611320138,0.08399365469813347
frozen,39,20,0.52445,0.5201666666666667,post_filter,0.4562919493764639,1.0,0.9954370805062354,4708.010237663984,0.08405186235904694
frozen,40,20,0.52445,0.5201666666666667,bitmap_prefilter,69.60033299401402,1.0,0.30399667005985975,4749.977961182594,0.2080341801047325
frozen,41,20,0.52445,0.5201666666666667,post_filter,0.36949903005734086,1.0,0.9963050096994266,4667.032044380903,0.08399365469813347
frozen,42,20,0.52445,0.5201666666666667,post_filter,0.38479198701679707,0.9,0.0,4665.984306484461,0.12497184798121452
frozen,43,20,0.52445,0.5201666666666667,post_filter,0.4052080330438912,1.0,0.9959479196695611,4584.027919918299,0.08300412446260452
frozen,44,20,0.52445,0.5201666666666667,post_filter,0.48970797797665,1.0,0.9951029202202335,4625.00611320138,0.12497184798121452
frozen,45,20,0.52445,0.5201666666666667,post_filter,0.4548759898170829,1.0,0.9954512401018292,4666.97383671999,0.08300412446260452
frozen,46,20,0.52445,0.5201666666666667,post_filter,0.6188739789649844,0.9,0.0,4667.032044380903,0.08300412446260452
frozen,47,20,0.52445,0.5201666666666667,post_filter,0.40145893581211567,1.0,0.9959854106418788,4584.027919918299,0.08294591680169106
frozen,48,20,0.52445,0.5201666666666667,post_filter,0.4707490443252027,0.9,0.0,4542.001988738775,0.08399365469813347
frozen,49,20,0.52445,0.5201666666666667,post_filter,0.5202090251259506,1.0,0.9947979097487405,4582.980182021856,0.08399365469813347
frozen,0,21,1.0,1.0,post_filter,0.6465010228566825,1.0,0.9935349897714332,709.0275175869465,0.08294591680169106
frozen,1,21,1.0,1.0,post_filter,0.608084024861455,0.9,0.0,374.97375160455704,0.04202593117952347
frozen,2,21,1.0,1.0,post_filter,0.8138749399222434,1.0,0.9918612506007776,290.98009690642357,0.04103640094399452
frozen,3,21,1.0,1.0,post_filter,0.7542090024799109,1.0,0.9924579099752009,208.0341801047325,0.040978193283081055
frozen,4,21,1.0,1.0,post_filter,0.8805839461274445,1.0,0.9911941605387256,250.0019036233425,0.04196772351861
frozen,5,21,1.0,1.0,post_filter,0.5120420246385038,0.9,0.0,208.0341801047325,0.08300412446260452
frozen,6,21,1.0,1.0,post_filter,0.7657500100322068,1.0,0.9923424998996779,208.0341801047325,0.08300412446260452
frozen,7,21,1.0,1.0,post_filter,0.8714160067029297,1.0,0.9912858399329707,208.0341801047325,0.040978193283081055
frozen,8,21,1.0,1.0,post_filter,0.706499966327101,1.0,0.992935000336729,250.0019036233425,0.04196772351861
frozen,9,21,1.0,1.0,post_filter,0.5270830006338656,1.0,0.9947291699936613,207.97597244381905,0.08294591680169106
frozen,10,21,1.0,1.0,post_filter,0.44070795411244035,1.0,0.9955929204588756,250.0019036233425,0.08300412446260452
frozen,11,21,1.0,1.0,post_filter,0.3165419911965728,0.0,0.0,250.0019036233425,0.04196772351861
frozen,12,21,1.0,1.0,post_filter,0.5058750393800437,0.9,0.0,209.02371034026146,0.04196772351861
frozen,13,21,1.0,1.0,post_filter,0.7185839931480587,1.0,0.9928141600685194,209.02371034026146,0.08300412446260452
frozen,14,21,1.0,1.0,post_filter,0.5250410176813602,1.0,0.9947495898231864,207.97597244381905,0.08294591680169106
frozen,15,21,1.0,1.0,post_filter,0.5133750382810831,1.0,0.9948662496171892,208.0341801047325,0.040978193283081055
frozen,16,21,1.0,1.0,post_filter,0.4938330384902656,1.0,0.9950616696150973,208.0341801047325,0.040978193283081055
frozen,17,21,1.0,1.0,post_filter,0.5424990085884929,1.0,0.9945750099141151,208.0341801047325,0.08300412446260452
frozen,18,21,1.0,1.0,post_filter,0.5044590216130018,1.0,0.99495540978387,250.0019036233425,0.08300412446260452
frozen,19,21,1.0,1.0,post_filter,0.34937396412715316,1.0,0.9965062603587285,207.97597244381905,0.08300412446260452
frozen,20,21,1.0,1.0,post_filter,0.4058330086991191,1.0,0.9959416699130088,250.0019036233425,0.04103640094399452
frozen,21,21,1.0,1.0,post_filter,0.5343750235624611,1.0,0.9946562497643754,250.0019036233425,0.04103640094399452
frozen,22,21,1.0,1.0,post_filter,0.4059579805471003,1.0,0.995940420194529,207.97597244381905,0.04103640094399452
frozen,23,21,1.0,1.0,post_filter,0.37083402276039124,1.0,0.9962916597723961,207.97597244381905,0.08300412446260452
frozen,24,21,1.0,1.0,post_filter,0.541082990821451,1.0,0.9945891700917855,250.0019036233425,0.08294591680169106
frozen,25,21,1.0,1.0,post_filter,0.4405410145409405,0.9,0.0,209.02371034026146,0.04103640094399452
frozen,26,21,1.0,1.0,post_filter,0.617415935266763,1.0,0.9938258406473324,207.97597244381905,0.04103640094399452
frozen,27,21,1.0,1.0,post_filter,0.5430410383269191,1.0,0.9945695896167308,207.97597244381905,0.04103640094399452
frozen,28,21,1.0,1.0,post_filter,0.4277919651940465,1.0,0.9957220803480595,250.0019036233425,0.08300412446260452
frozen,29,21,1.0,1.0,post_filter,0.4177079536020756,1.0,0.9958229204639792,207.97597244381905,0.040978193283081055
frozen,30,21,1.0,1.0,post_filter,0.4231249913573265,1.0,0.9957687500864267,291.9696271419525,0.040978193283081055
frozen,31,21,1.0,1.0,post_filter,0.41704101022332907,1.0,0.9958295898977667,208.0341801047325,0.040978193283081055
frozen,32,21,1.0,1.0,post_filter,0.5485420115292072,1.0,0.9945145798847079,208.0341801047325,0.040978193283081055
frozen,33,21,1.0,1.0,post_filter,0.28491701232269406,1.0,0.9971508298767731,250.0019036233425,0.040978193283081055
frozen,34,21,1.0,1.0,post_filter,0.5030829925090075,1.0,0.9949691700749099,207.97597244381905,0.040978193283081055
frozen,35,21,1.0,1.0,post_filter,0.2851669560186565,1.0,0.9971483304398134,250.0019036233425,0.04103640094399452
frozen,36,21,1.0,1.0,post_filter,0.42875000508502126,1.0,0.9957124999491498,250.0019036233425,0.04103640094399452
frozen,37,21,1.0,1.0,post_filter,0.4946659901179373,1.0,0.9950533400988206,250.0019036233425,0.08300412446260452
frozen,38,21,1.0,1.0,post_filter,0.3542500198818743,1.0,0.9964574998011813,250.0019036233425,0.08300412446260452
frozen,39,21,1.0,1.0,post_filter,0.462958007119596,1.0,0.995370419928804,290.98009690642357,0.08300412446260452
frozen,40,21,1.0,1.0,post_filter,0.378916971385479,1.0,0.9962108302861452,250.0019036233425,0.04103640094399452
frozen,41,21,1.0,1.0,post_filter,0.40437496500089765,0.9,0.0,250.0019036233425,0.08300412446260452
frozen,42,21,1.0,1.0,post_filter,0.3867920022457838,1.0,0.9961320799775422,250.0019036233425,0.04103640094399452
frozen,43,21,1.0,1.0,post_filter,0.37575000897049904,1.0,0.996242499910295,207.97597244381905,0.04103640094399452
frozen,44,21,1.0,1.0,post_filter,0.4961250233463943,1.0,0.9950387497665361,250.0019036233425,0.08405186235904694
frozen,45,21,1.0,1.0,post_filter,0.4803329356946051,1.0,0.995196670643054,250.0019036233425,0.04103640094399452
frozen,46,21,1.0,1.0,post_filter,0.6496660062111914,1.0,0.9935033399378881,250.0019036233425,0.08300412446260452
frozen,47,21,1.0,1.0,post_filter,0.3242500242777169,1.0,0.9967574997572228,250.0019036233425,0.125030055642128
frozen,48,21,1.0,1.0,post_filter,0.42912503704428673,0.9,0.0,250.0019036233425,0.08300412446260452
frozen,49,21,1.0,1.0,post_filter,0.45574898831546307,1.0,0.9954425101168454,207.97597244381905,0.040978193283081055
frozen,0,22,0.520815,0.5185,post_filter,0.95624994719401,1.0,0.9904375005280599,12291.01326316595,0.166997779160738
frozen,1,22,0.520815,0.5185,post_filter,0.595749996136874,0.9,0.0,5875.015631318092,0.08405186235904694
frozen,2,22,0.520815,0.5185,post_filter,0.43150101555511355,1.0,0.9956849898444489,4832.982085645199,0.08300412446260452
frozen,3,22,0.520815,0.5185,post_filter,0.628374982625246,1.0,0.9937162501737475,4666.042514145374,0.12497184798121452
frozen,4,22,0.520815,0.5185,post_filter,0.531001016497612,1.0,0.9946899898350239,4375.004209578037,0.16600824892520905
frozen,5,22,0.520815,0.5185,post_filter,0.3791250055655837,0.9,0.0,4542.001988738775,0.08300412446260452
frozen,6,22,0.520815,0.5185,post_filter,0.5096669774502516,1.0,0.9949033302254975,4582.980182021856,0.12497184798121452
frozen,7,22,0.520815,0.5185,post_filter,0.49599993508309126,1.0,0.9950400006491691,4582.980182021856,0.12497184798121452
frozen,8,22,0.520815,0.5185,post_filter,0.5706249503418803,1.0,0.9942937504965812,4583.969712257385,0.08300412446260452
frozen,9,22,0.520815,0.5185,post_filter,0.3952919505536556,1.0,0.9960470804944634,4499.976057559252,0.08294591680169106
frozen,10,22,0.520815,0.5185,post_filter,0.35325001226738095,1.0,0.9964674998773262,4541.012458503246,0.08300412446260452
frozen,11,22,0.520815,0.5185,post_filter,0.28137507615610957,0.0,0.0,4625.00611320138,0.08300412446260452
frozen,12,22,0.520815,0.5185,post_filter,0.3701670211739838,1.0,0.9962983297882602,4542.001988738775,0.08300412446260452
frozen,13,22,0.520815,0.5185,post_filter,0.9045000188052654,0.5,0.0,4625.00611320138,0.08300412446260452
frozen,14,22,0.520815,0.5185,post_filter,0.43504202039912343,1.0,0.9956495797960088,4541.012458503246,0.08300412446260452
frozen,15,22,0.520815,0.5185,post_filter,0.43950002873316407,1.0,0.9956049997126684,4499.976057559252,0.08300412446260452
frozen,16,22,0.520815,0.5185,post_filter,0.35024998942390084,1.0,0.996497500105761,4541.012458503246,0.125030055642128
frozen,17,22,0.520815,0.5185,post_filter,0.44925097608938813,1.0,0.9955074902391061,4541.012458503246,0.125030055642128
frozen,18,22,0.520815,0.5185,post_filter,0.5177499842830002,1.0,0.99482250015717,4499.976057559252,0.08294591680169106
frozen,19,22,0.520815,0.5185,post_filter,0.35195896634832025,1.0,0.9964804103365168,4583.03838968277,0.08300412446260452
frozen,20,22,0.520815,0.5185,post_filter,0.3828330081887543,1.0,0.9961716699181125,4541.012458503246,0.12497184798121452
frozen,21,22,0.520815,0.5185,post_filter,0.5220840102992952,1.0,0.994779159897007,4499.976057559252,0.08300412446260452
frozen,22,22,0.520815,0.5185,post_filter,0.3825000021606684,1.0,0.9961749999783933,4542.001988738775,0.08300412446260452
frozen,23,22,0.520815,0.5185,post_filter,0.3592090797610581,1.0,0.9964079092023894,4625.00611320138,0.08300412446260452
frozen,24,22,0.520815,0.5185,post_filter,0.566125032491982,1.0,0.9943387496750802,4542.001988738775,0.08300412446260452
frozen,25,22,0.520815,0.5185,post_filter,0.35412603756412864,0.9,0.0,4625.00611320138,0.08300412446260452
frozen,26,22,0.520815,0.5185,post_filter,0.5100829876028001,1.0,0.994899170123972,4499.976057559252,0.08399365469813347
frozen,27,22,0.520815,0.5185,post_filter,0.48166699707508087,1.0,0.9951833300292492,4499.976057559252,0.12497184798121452
frozen,28,22,0.520815,0.5185,post_filter,0.4537920467555523,1.0,0.9954620795324445,4499.976057559252,0.08300412446260452
frozen,29,22,0.520815,0.5185,post_filter,0.44841697672381997,1.0,0.9955158302327618,4582.980182021856,0.08300412446260452
frozen,30,22,0.520815,0.5185,post_filter,0.46570802805945277,1.0,0.9953429197194055,4541.943781077862,0.08300412446260452
frozen,31,22,0.520815,0.5185,post_filter,0.3968329983763397,1.0,0.9960316700162366,4500.034265220165,0.20797597244381905
frozen,32,22,0.520815,0.5185,post_filter,0.4786259960383177,1.0,0.9952137400396168,4500.034265220165,0.08300412446260452
frozen,33,22,0.520815,0.5185,post_filter,0.34108402905985713,1.0,0.9965891597094014,4500.034265220165,0.08399365469813347
frozen,34,22,0.520815,0.5185,post_filter,0.5234999698586762,0.9,0.0,4500.034265220165,0.12497184798121452
frozen,35,22,0.520815,0.5185,post_filter,0.2694579306989908,1.0,0.9973054206930101,4540.954250842333,0.08294591680169106
frozen,36,22,0.520815,0.5185,post_filter,0.4099169746041298,1.0,0.9959008302539587,4499.976057559252,0.08300412446260452
frozen,37,22,0.520815,0.5185,post_filter,0.4642909625545144,0.9,0.0,4458.997864276171,0.08300412446260452
frozen,38,22,0.520815,0.5185,post_filter,0.3700000233948231,1.0,0.9962999997660518,4500.034265220165,0.125030055642128
frozen,39,22,0.520815,0.5185,post_filter,0.4378330195322633,1.0,0.9956216698046774,4582.980182021856,0.12497184798121452
frozen,40,22,0.520815,0.5185,post_filter,0.5716659943573177,0.9,0.0,4499.976057559252,0.12497184798121452
frozen,41,22,0.520815,0.5185,post_filter,0.4486669786274433,0.9,0.0,4541.943781077862,0.08300412446260452
frozen,42,22,0.520815,0.5185,post_filter,0.4368330119177699,0.9,0.0,4500.034265220165,0.08399365469813347
frozen,43,22,0.520815,0.5185,post_filter,0.42866705916821957,0.9,0.0,4542.001988738775,0.125030055642128
frozen,44,22,0.520815,0.5185,post_filter,0.523748982232064,1.0,0.9947625101776794,4500.034265220165,0.08300412446260452
frozen,45,22,0.520815,0.5185,post_filter,0.49712497275322676,1.0,0.9950287502724677,4541.012458503246,0.08300412446260452
frozen,46,22,0.520815,0.5185,post_filter,0.6311240140348673,0.9,0.0,4499.976057559252,0.08300412446260452
frozen,47,22,0.520815,0.5185,post_filter,0.32591703347861767,1.0,0.9967408296652138,4542.001988738775,0.08300412446260452
frozen,48,22,0.520815,0.5185,post_filter,0.42866700096055865,0.9,0.0,4500.034265220165,0.08300412446260452
frozen,49,22,0.520815,0.5185,post_filter,0.46787504106760025,1.0,0.995321249589324,4499.976057559252,0.12497184798121452
frozen,0,23,0.50137,0.49766666666666665,post_filter,0.5956660024821758,1.0,0.9940433399751782,5708.017852157354,0.08399365469813347
frozen,1,23,0.50137,0.49766666666666665,post_filter,0.5962079740129411,0.9,0.0,4958.012141287327,0.125030055642128
frozen,2,23,0.50137,0.49766666666666665,post_filter,0.40079199243336916,1.0,0.9959920800756663,4458.997864276171,0.08300412446260452
frozen,3,23,0.50137,0.49766666666666665,post_filter,0.5537920515052974,1.0,0.994462079484947,4332.978278398514,0.12497184798121452
frozen,4,23,0.50137,0.49766666666666665,post_filter,0.5072909407317638,1.0,0.9949270905926824,4208.006430417299,0.08300412446260452
frozen,5,23,0.50137,0.49766666666666665,post_filter,0.4193750210106373,0.9,0.0,4165.980499237776,0.08300412446260452
frozen,6,23,0.50137,0.49766666666666665,post_filter,0.5014170310460031,1.0,0.99498582968954,4125.002305954695,0.125030055642128
frozen,7,23,0.50137,0.49766666666666665,post_filter,0.48766599502414465,1.0,0.9951233400497586,4166.970029473305,0.125030055642128
frozen,8,23,0.50137,0.49766666666666665,post_filter,0.6379580008797348,1.0,0.9936204199912027,4208.006430417299,0.08300412446260452
frozen,9,23,0.50137,0.49766666666666665,post_filter,0.4134170012548566,1.0,0.9958658299874514,4374.946001917124,0.08300412446260452
frozen,10,23,0.50137,0.49766666666666665,post_filter,0.3629999700933695,1.0,0.9963700002990663,4792.003892362118,0.12497184798121452
frozen,11,23,0.50137,0.49766666666666665,post_filter,0.34308404428884387,0.0,0.0,5457.957740873098,0.08399365469813347
frozen,12,23,0.50137,0.49766666666666665,post_filter,0.537916028406471,1.0,0.9946208397159353,5209.003575146198,0.08300412446260452
frozen,13,23,0.50137,0.49766666666666665,post_filter,0.7185410358943045,0.5,0.0,4416.971933096647,0.08300412446260452
frozen,14,23,0.50137,0.49766666666666665,post_filter,0.4290409851819277,1.0,0.9957095901481807,4458.997864276171,0.08300412446260452
frozen,15,23,0.50137,0.49766666666666665,post_filter,0.4687500186264515,1.0,0.9953124998137355,4417.030140757561,0.08300412446260452
frozen,16,23,0.50137,0.49766666666666665,post_filter,0.34333299845457077,1.0,0.9965666700154543,4416.971933096647,0.08399365469813347
frozen,17,23,0.50137,0.49766666666666665,post_filter,0.3958330489695072,1.0,0.9960416695103049,4417.030140757561,0.08399365469813347
frozen,18,23,0.50137,0.49766666666666665,post_filter,0.46687497524544597,1.0,0.9953312502475455,4417.030140757561,0.125030055642128
frozen,19,23,0.50137,0.49766666666666665,post_filter,0.2978749689646065,1.0,0.9970212503103539,4457.950126379728,0.125030055642128
frozen,20,23,0.50137,0.49766666666666665,post_filter,0.38633396616205573,1.0,0.9961366603383794,4417.030140757561,0.08300412446260452
frozen,21,23,0.50137,0.49766666666666665,post_filter,0.5286250379867852,1.0,0.9947137496201321,4458.008334040642,0.08399365469813347
frozen,22,23,0.50137,0.49766666666666665,post_filter,0.4003759822808206,1.0,0.9959962401771918,4458.008334040642,0.12497184798121452
frozen,23,23,0.50137,0.49766666666666665,post_filter,0.3669179859571159,1.0,0.9963308201404288,4458.997864276171,0.08300412446260452
frozen,24,23,0.50137,0.49766666666666665,post_filter,0.5242080078460276,1.0,0.9947579199215397,8583.010639995337,0.08300412446260452
frozen,25,23,0.50137,0.49766666666666665,post_filter,0.3418739652261138,0.9,0.0,4666.97383671999,0.12497184798121452
frozen,26,23,0.50137,0.49766666666666665,post_filter,0.5152910016477108,1.0,0.9948470899835229,4500.034265220165,0.08300412446260452
frozen,27,23,0.50137,0.49766666666666665,post_filter,0.46725000720471144,1.0,0.9953274999279529,4458.008334040642,0.125030055642128
frozen,28,23,0.50137,0.49766666666666665,post_filter,0.40012504905462265,1.0,0.9959987495094538,4458.008334040642,0.08300412446260452
frozen,29,23,0.50137,0.49766666666666665,post_filter,0.38987601874396205,1.0,0.9961012398125604,4625.00611320138,0.08300412446260452
frozen,30,23,0.50137,0.49766666666666665,post_filter,0.4289590287953615,0.9,0.0,4500.034265220165,0.08300412446260452
frozen,31,23,0.50137,0.49766666666666665,post_filter,0.407207990065217,1.0,0.9959279200993478,4458.997864276171,0.08300412446260452
frozen,32,23,0.50137,0.49766666666666665,post_filter,0.38579199463129044,1.0,0.9961420800536871,4417.030140757561,0.08300412446260452
frozen,33,23,0.50137,0.49766666666666665,post_filter,0.2969999914057553,1.0,0.9970300000859424,4416.971933096647,0.08300412446260452
frozen,34,23,0.50137,0.49766666666666665,post_filter,0.48620905727148056,0.9,0.0,4458.008334040642,0.08300412446260452
frozen,35,23,0.50137,0.49766666666666665,post_filter,0.22941699717193842,1.0,0.9977058300282806,4334.026016294956,0.08300412446260452
frozen,36,23,0.50137,0.49766666666666665,post_filter,0.4097509663552046,1.0,0.995902490336448,4375.004209578037,0.08399365469813347
frozen,37,23,0.50137,0.49766666666666665,post_filter,0.4532500170171261,0.9,0.0,4458.997864276171,0.08300412446260452
frozen,38,23,0.50137,0.49766666666666665,post_filter,0.34445797791704535,1.0,0.9965554202208295,4416.971933096647,0.12497184798121452
frozen,39,23,0.50137,0.49766666666666665,post_filter,0.4421250196173787,1.0,0.9955787498038262,4375.004209578037,0.08300412446260452
frozen,40,23,0.50137,0.49766666666666665,post_filter,0.41908398270606995,0.9,0.0,4417.030140757561,0.12497184798121452
frozen,41,23,0.50137,0.49766666666666665,post_filter,0.3884590114466846,0.9,0.0,4416.040610522032,0.08300412446260452
frozen,42,23,0.50137,0.49766666666666665,post_filter,0.3740409738384187,0.9,0.0,4458.008334040642,0.08300412446260452
frozen,43,23,0.50137,0.49766666666666665,post_filter,0.3994160215370357,1.0,0.9960058397846296,4415.982402861118,0.12497184798121452
frozen,44,23,0.50137,0.49766666666666665,post_filter,0.48062397399917245,1.0,0.9951937602600083,4375.004209578037,0.08300412446260452
frozen,45,23,0.50137,0.49766666666666665,post_filter,0.4533749888651073,1.0,0.9954662501113489,4458.008334040642,0.08300412446260452
frozen,46,23,0.50137,0.49766666666666665,post_filter,0.6066240021027625,0.9,0.0,4375.004209578037,0.08300412446260452
frozen,47,23,0.50137,0.49766666666666665,post_filter,0.33949996577575803,1.0,0.9966050003422424,4416.971933096647,0.08300412446260452
frozen,48,23,0.50137,0.49766666666666665,post_filter,0.41841703932732344,0.9,0.0,4417.030140757561,0.08300412446260452
frozen,49,23,0.50137,0.49766666666666665,post_filter,0.4636250087060034,1.0,0.99536374991294,4375.004209578037,0.08300412446260452
frozen,0,24,0.50093,0.497,post_filter,0.5707499803975224,0.9,0.0,5249.981768429279,0.08300412446260452
frozen,1,24,0.50093,0.497,post_filter,0.5347070400603116,0.9,0.0,4875.008016824722,0.08300412446260452
frozen,2,24,0.50093,0.497,post_filter,0.3913340042345226,1.0,0.9960866599576548,4666.97383671999,0.08300412446260452
frozen,3,24,0.50093,0.497,post_filter,0.5572090158239007,0.9,0.0,4583.03838968277,0.08399365469813347
frozen,4,24,0.50093,0.497,post_filter,0.5170410149730742,1.0,0.9948295898502693,4582.980182021856,0.08300412446260452
frozen,5,24,0.50093,0.497,post_filter,0.5563330487348139,0.9,0.0,4499.976057559252,0.08300412446260452
frozen,6,24,0.50093,0.497,post_filter,0.5373739986680448,0.9,0.0,4417.030140757561,0.125030055642128
frozen,7,24,0.50093,0.497,post_filter,0.4859170876443386,1.0,0.9951408291235566,4458.997864276171,0.08399365469813347
frozen,8,24,0.50093,0.497,post_filter,0.6828750483691692,1.0,0.9931712495163083,4542.001988738775,0.08300412446260452
frozen,9,24,0.50093,0.497,post_filter,0.3887490020133555,1.0,0.9961125099798664,4500.034265220165,0.08300412446260452
frozen,10,24,0.50093,0.497,post_filter,0.37041702307760715,0.9,0.0,4458.997864276171,0.08294591680169106
frozen,11,24,0.50093,0.497,post_filter,0.33604202326387167,0.0,0.0,4500.034265220165,0.08399365469813347
frozen,12,24,0.50093,0.497,post_filter,0.3688319702632725,0.9,0.0,4500.034265220165,0.08300412446260452
frozen,13,24,0.50093,0.497,post_filter,0.4954169853590429,1.0,0.9950458301464096,4500.034265220165,0.08294591680169106
frozen,14,24,0.50093,0.497,post_filter,0.42095902608707547,0.9,0.0,4458.008334040642,0.08399365469813347
frozen,15,24,0.50093,0.497,post_filter,0.419457966927439,1.0,0.9958054203307256,4708.010237663984,0.125030055642128
frozen,16,24,0.50093,0.497,post_filter,0.3357090172357857,1.0,0.9966429098276421,4458.008334040642,0.12497184798121452
frozen,17,24,0.50093,0.497,post_filter,0.3885420155711472,1.0,0.9961145798442885,4458.008334040642,0.08300412446260452
frozen,18,24,0.50093,0.497,post_filter,0.47433399595320225,1.0,0.995256660040468,5041.016265749931,0.125030055642128
frozen,19,24,0.50093,0.497,post_filter,0.43129100231453776,0.4,0.0,5625.01372769475,0.08300412446260452
frozen,20,24,0.50093,0.497,post_filter,0.39879203541204333,0.9,0.0,5125.009920448065,0.08399365469813347
frozen,21,24,0.50093,0.497,post_filter,0.4871670389547944,1.0,0.9951283296104521,4499.976057559252,0.12497184798121452
frozen,22,24,0.50093,0.497,post_filter,0.39312400622293353,1.0,0.9960687599377707,4500.034265220165,0.08300412446260452
frozen,23,24,0.50093,0.497,post_filter,0.36116602132096887,1.0,0.9963883397867903,4499.976057559252,0.12497184798121452
frozen,24,24,0.50093,0.497,post_filter,0.5329169798642397,1.0,0.9946708302013576,4707.952030003071,0.08300412446260452
frozen,25,24,0.50093,0.497,post_filter,0.35420904168859124,1.0,0.9964579095831141,5541.020072996616,0.08300412446260452
frozen,26,24,0.50093,0.497,post_filter,0.5055419751442969,1.0,0.994944580248557,5458.015948534012,0.08399365469813347
frozen,27,24,0.50093,0.497,post_filter,0.46095799189060926,1.0,0.9953904200810939,4582.980182021856,0.08300412446260452
frozen,28,24,0.50093,0.497,post_filter,0.3968750243075192,1.0,0.9960312497569248,4542.001988738775,0.12497184798121452
frozen,29,24,0.50093,0.497,post_filter,0.386208004783839,1.0,0.9961379199521616,4542.001988738775,0.08300412446260452
frozen,30,24,0.50093,0.497,post_filter,0.37512503331527114,1.0,0.9962487496668473,4542.001988738775,0.08300412446260452
frozen,31,24,0.50093,0.497,post_filter,0.4054579767398536,0.9,0.0,4540.954250842333,0.12497184798121452
frozen,32,24,0.50093,0.497,post_filter,0.3904170007444918,0.9,0.0,4541.012458503246,0.08300412446260452
frozen,33,24,0.50093,0.497,post_filter,0.35908306017518044,1.0,0.9964091693982482,4541.012458503246,0.08300412446260452
frozen,34,24,0.50093,0.497,post_filter,0.504207971971482,0.9,0.0,4625.00611320138,0.12497184798121452
frozen,35,24,0.50093,0.497,post_filter,0.23208296624943614,1.0,0.9976791703375056,10124.989785254002,0.4169996827840805
frozen,36,24,0.50093,0.497,post_filter,0.41329202940687537,1.0,0.9958670797059312,10457.995813339949,0.29103830456733704
frozen,37,24,0.50093,0.497,post_filter,0.4509169375523925,0.9,0.0,5041.947588324547,0.125030055642128
frozen,38,24,0.50093,0.497,post_filter,0.317458005156368,1.0,0.9968254199484363,4582.980182021856,0.08300412446260452
frozen,39,24,0.50093,0.497,post_filter,0.43641700176522136,1.0,0.9956358299823478,13500.044587999582,0.5830079317092896
frozen,40,24,0.50093,0.497,post_filter,0.42454100912436843,0.9,0.0,11915.98130390048,0.2500019036233425
frozen,41,24,0.50093,0.497,post_filter,0.35741599276661873,1.0,0.9964258400723338,6790.9713834524155,0.166997779160738
frozen,42,24,0.50093,0.497,post_filter,0.3779579419642687,0.9,0.0,4790.956154465675,0.08294591680169106
frozen,43,24,0.50093,0.497,post_filter,0.3994579892605543,1.0,0.9960054201073945,4458.997864276171,0.08300412446260452
frozen,44,24,0.50093,0.497,post_filter,0.482457980979234,1.0,0.9951754201902077,4292.000085115433,0.12497184798121452
frozen,45,24,0.50093,0.497,post_filter,0.457499991171062,1.0,0.9954250000882894,4292.000085115433,0.08300412446260452
frozen,46,24,0.50093,0.497,post_filter,0.6140829646028578,1.0,0.9938591703539714,4249.974153935909,0.08300412446260452
frozen,47,24,0.50093,0.497,post_filter,0.4570000455714762,1.0,0.9954299995442852,4250.032361596823,0.12497184798121452
frozen,48,24,0.50093,0.497,post_filter,0.4141249810345471,0.9,0.0,4291.010554879904,0.08300412446260452
frozen,49,24,0.50093,0.497,post_filter,0.4521670052781701,1.0,0.9954783299472183,4207.948222756386,0.08300412446260452
frozen,0,25,0.499745,0.499,post_filter,0.562124012503773,0.9,0.0,4625.00611320138,0.08399365469813347
frozen,1,25,0.499745,0.499,post_filter,0.6164159858599305,0.9,0.0,4667.032044380903,0.08294591680169106
frozen,2,25,0.499745,0.499,post_filter,0.4032920114696026,1.0,0.995967079885304,4291.010554879904,0.125030055642128
frozen,3,25,0.499745,0.499,post_filter,0.5505409790202975,0.9,0.0,4333.036486059427,0.125030055642128
frozen,4,25,0.499745,0.499,post_filter,0.5206660134717822,1.0,0.9947933398652822,4292.000085115433,0.08399365469813347
frozen,5,25,0.499745,0.499,post_filter,0.4188329912722111,0.9,0.0,4249.974153935909,0.08294591680169106
frozen,6,25,0.499745,0.499,post_filter,0.5382499657571316,0.9,0.0,4458.008334040642,0.12497184798121452
frozen,7,25,0.499745,0.499,post_filter,0.4839160246774554,1.0,0.9951608397532254,4375.004209578037,0.08300412446260452
frozen,8,25,0.499745,0.499,post_filter,0.6537919980473816,1.0,0.9934620800195262,4500.034265220165,0.08300412446260452
frozen,9,25,0.499745,0.499,post_filter,0.40291703771799803,1.0,0.99597082962282,4458.008334040642,0.125030055642128
frozen,10,25,0.499745,0.499,post_filter,0.36704097874462605,0.9,0.0,4500.034265220165,0.08300412446260452
frozen,11,25,0.499745,0.499,post_filter,0.3437509876675904,0.0,0.0,4708.999767899513,0.08300412446260452
frozen,12,25,0.499745,0.499,post_filter,0.3694589831866324,0.9,0.0,4417.030140757561,0.08300412446260452
frozen,13,25,0.499745,0.499,post_filter,0.4925830289721489,1.0,0.9950741697102785,4375.004209578037,0.125030055642128
frozen,14,25,0.499745,0.499,post_filter,0.4158339579589665,0.9,0.0,4457.950126379728,0.08405186235904694
frozen,15,25,0.499745,0.499,post_filter,0.4292079829610884,1.0,0.9957079201703891,4458.008334040642,0.125030055642128
frozen,16,25,0.499745,0.499,post_filter,0.3345420118421316,1.0,0.9966545798815787,4417.030140757561,0.08300412446260452
frozen,17,25,0.499745,0.499,post_filter,0.47504104441031814,1.0,0.9952495895558968,4458.008334040642,0.12497184798121452
frozen,18,25,0.499745,0.499,post_filter,0.4694999661296606,1.0,0.9953050003387034,4416.971933096647,0.08399365469813347
frozen,19,25,0.499745,0.499,post_filter,0.3990420373156667,0.3,0.0,4375.004209578037,0.125030055642128
frozen,20,25,0.499745,0.499,post_filter,0.3800009726546705,0.9,0.0,4458.008334040642,0.08300412446260452
frozen,21,25,0.499745,0.499,post_filter,0.4792070249095559,1.0,0.9952079297509044,4415.982402861118,0.08300412446260452
frozen,22,25,0.499745,0.499,post_filter,0.39416697109118104,1.0,0.9960583302890882,4375.004209578037,0.08300412446260452
frozen,23,25,0.499745,0.499,post_filter,0.3642920055426657,1.0,0.9963570799445733,4458.008334040642,0.12497184798121452
frozen,24,25,0.499745,0.499,post_filter,0.5360420327633619,1.0,0.9946395796723664,4416.971933096647,0.08300412446260452
frozen,25,25,0.499745,0.499,post_filter,0.37458300357684493,1.0,0.9962541699642316,4375.004209578037,0.08300412446260452
frozen,26,25,0.499745,0.499,post_filter,0.5090410122647882,1.0,0.9949095898773521,4458.008334040642,0.125030055642128
frozen,27,25,0.499745,0.499,post_filter,0.4643340362235904,1.0,0.9953566596377641,4415.982402861118,0.125030055642128
frozen,28,25,0.499745,0.499,post_filter,0.41149999015033245,1.0,0.9958850000984967,4415.982402861118,0.12497184798121452
frozen,29,25,0.499745,0.499,post_filter,0.38962496910244226,1.0,0.9961037503089756,4417.030140757561,0.08300412446260452
frozen,30,25,0.499745,0.499,post_filter,0.3715829225257039,1.0,0.996284170774743,4415.982402861118,0.08294591680169106
frozen,31,25,0.499745,0.499,post_filter,0.3976240404881537,0.9,0.0,4458.008334040642,0.08300412446260452
frozen,32,25,0.499745,0.499,post_filter,0.3802090068347752,0.9,0.0,4415.982402861118,0.12497184798121452
frozen,33,25,0.499745,0.499,post_filter,0.275790982414037,1.0,0.9972420901758596,4416.971933096647,0.08300412446260452
frozen,34,25,0.499745,0.499,post_filter,0.5025420105084777,0.9,0.0,4417.030140757561,0.08300412446260452
frozen,35,25,0.499745,0.499,post_filter,0.23641594452783465,1.0,0.9976358405547217,4416.971933096647,0.12497184798121452
frozen,36,25,0.499745,0.499,post_filter,0.4131660098209977,1.0,0.99586833990179,4458.008334040642,0.12497184798121452
frozen,37,25,0.499745,0.499,post_filter,0.46741601545363665,0.9,0.0,4415.982402861118,0.125030055642128
frozen,38,25,0.499745,0.499,bitmap_prefilter,67.09195801522583,1.0,0.3290804198477417,4375.004209578037,0.20797597244381905
frozen,39,25,0.499745,0.499,post_filter,0.44791598338633776,1.0,0.9955208401661366,4375.004209578037,0.08399365469813347
frozen,40,25,0.499745,0.499,post_filter,0.4387079970911145,0.9,0.0,4417.030140757561,0.08300412446260452
frozen,41,25,0.499745,0.499,post_filter,0.3732919576577842,1.0,0.9962670804234222,4375.004209578037,0.458036083728075
frozen,42,25,0.499745,0.499,post_filter,0.3785829758271575,0.9,0.0,4417.030140757561,0.08405186235904694
frozen,43,25,0.499745,0.499,post_filter,0.40550000267103314,1.0,0.9959449999732897,4417.030140757561,0.125030055642128
frozen,44,25,0.499745,0.499,post_filter,0.4830420366488397,1.0,0.9951695796335116,4542.001988738775,0.12497184798121452
frozen,45,25,0.499745,0.499,post_filter,0.6170419510453939,1.0,0.9938295804895461,5499.983672052622,0.12497184798121452
frozen,46,25,0.499745,0.499,post_filter,0.6284579867497087,1.0,0.9937154201325029,5499.983672052622,0.08399365469813347
frozen,47,25,0.499745,0.499,post_filter,0.388749991543591,1.0,0.9961125000845641,4457.950126379728,0.125030055642128
frozen,48,25,0.499745,0.499,post_filter,0.42520801071077585,0.9,0.0,4417.030140757561,0.125030055642128
frozen,49,25,0.499745,0.499,post_filter,0.49825001042336226,1.0,0.9950174998957664,4375.004209578037,0.08399365469813347
frozen,0,26,0.498065,0.49383333333333335,post_filter,0.5604580510407686,0.9,0.0,4625.00611320138,0.08300412446260452
frozen,1,26,0.498065,0.49383333333333335,post_filter,0.538540945854038,0.9,0.0,4541.012458503246,0.08300412446260452
frozen,2,26,0.498065,0.49383333333333335,post_filter,0.39233401184901595,1.0,0.9960766598815098,4375.004209578037,0.08399365469813347
frozen,3,26,0.498065,0.49383333333333335,post_filter,0.5479159881360829,1.0,0.9945208401186392,4375.004209578037,0.08300412446260452
frozen,4,26,0.498065,0.49383333333333335,post_filter,0.5308330291882157,1.0,0.9946916697081178,4375.004209578037,0.08399365469813347
frozen,5,26,0.498065,0.49383333333333335,post_filter,0.4154159687459469,0.9,0.0,4375.004209578037,0.08399365469813347
frozen,6,26,0.498065,0.49383333333333335,post_filter,0.5861250101588666,0.9,0.0,4375.004209578037,0.08300412446260452
frozen,7,26,0.498065,0.49383333333333335,post_filter,0.493708997964859,1.0,0.9950629100203514,4665.984306484461,0.12497184798121452
frozen,8,26,0.498065,0.49383333333333335,post_filter,0.6458340212702751,1.0,0.9935416597872972,4417.030140757561,0.08300412446260452
frozen,9,26,0.498065,0.49383333333333335,post_filter,0.405792030505836,1.0,0.9959420796949416,4375.004209578037,0.08300412446260452
frozen,10,26,0.498065,0.49383333333333335,post_filter,0.3619169583544135,1.0,0.9963808304164559,4417.030140757561,0.125030055642128
frozen,11,26,0.498065,0.49383333333333335,post_filter,0.350749003700912,0.0,0.0,4375.004209578037,0.08300412446260452
frozen,12,26,0.498065,0.49383333333333335,post_filter,0.3702910034917295,0.9,0.0,4375.004209578037,0.08300412446260452
frozen,13,26,0.498065,0.49383333333333335,post_filter,0.49333396600559354,1.0,0.9950666603399441,4332.978278398514,0.08399365469813347
frozen,14,26,0.498065,0.49383333333333335,post_filter,0.42470800690352917,0.9,0.0,6542.017217725515,0.125030055642128
frozen,15,26,0.498065,0.49383333333333335,post_filter,0.4324580659158528,1.0,0.9956754193408415,4249.974153935909,0.04103640094399452
frozen,16,26,0.498065,0.49383333333333335,post_filter,0.33854105276986957,1.0,0.9966145894723013,4208.006430417299,0.08300412446260452
frozen,17,26,0.498065,0.49383333333333335,post_filter,0.5186250200495124,1.0,0.9948137497995049,4375.004209578037,0.08300412446260452
frozen,18,26,0.498065,0.49383333333333335,post_filter,0.5000000237487257,1.0,0.9949999997625127,4416.971933096647,0.08294591680169106
frozen,19,26,0.498065,0.49383333333333335,post_filter,0.40829204954206944,0.3,0.0,4375.004209578037,0.08300412446260452
frozen,20,26,0.498065,0.49383333333333335,post_filter,0.38837402826175094,0.9,0.0,4375.004209578037,0.08300412446260452
frozen,21,26,0.498065,0.49383333333333335,post_filter,0.4895000020042062,1.0,0.9951049999799579,4332.978278398514,0.08300412446260452
frozen,22,26,0.498065,0.49383333333333335,post_filter,0.4040420171804726,1.0,0.9959595798281953,4374.946001917124,0.08300412446260452
frozen,23,26,0.498065,0.49383333333333335,post_filter,0.36112498492002487,1.0,0.9963887501507998,4333.036486059427,0.08300412446260452
frozen,24,26,0.498065,0.49383333333333335,post_filter,0.5459590465761721,1.0,0.9945404095342383,4415.982402861118,0.08300412446260452
frozen,25,26,0.498065,0.49383333333333335,post_filter,0.3647500416263938,1.0,0.9963524995837361,4415.982402861118,0.08300412446260452
frozen,26,26,0.498065,0.49383333333333335,post_filter,0.559625041205436,1.0,0.9944037495879456,4333.036486059427,0.08300412446260452
frozen,27,26,0.498065,0.49383333333333335,post_filter,0.5562080186791718,1.0,0.9944379198132083,4375.004209578037,0.08300412446260452
frozen,28,26,0.498065,0.49383333333333335,post_filter,0.4084989777766168,1.0,0.9959150102222338,4375.004209578037,0.08300412446260452
frozen,29,26,0.498065,0.49383333333333335,post_filter,0.3852910012938082,1.0,0.9961470899870619,4375.004209578037,0.08399365469813347
frozen,30,26,0.498065,0.49383333333333335,post_filter,0.3672919701784849,1.0,0.9963270802982152,4417.030140757561,0.08399365469813347
frozen,31,26,0.498065,0.49383333333333335,post_filter,0.3933330299332738,0.9,0.0,4375.004209578037,0.08405186235904694
frozen,32,26,0.498065,0.49383333333333335,post_filter,0.5228749942034483,0.9,0.0,4334.026016294956,0.08300412446260452
frozen,33,26,0.498065,0.49383333333333335,post_filter,0.27691706782206893,1.0,0.9972308293217793,4375.004209578037,0.08300412446260452
frozen,34,26,0.498065,0.49383333333333335,post_filter,0.5124170565977693,0.9,0.0,4416.040610522032,0.125030055642128
frozen,35,26,0.498065,0.49383333333333335,post_filter,0.2359580248594284,1.0,0.9976404197514057,4332.978278398514,0.08300412446260452
frozen,36,26,0.498065,0.49383333333333335,post_filter,0.41683396557345986,1.0,0.9958316603442654,4416.040610522032,0.125030055642128
frozen,37,26,0.498065,0.49383333333333335,post_filter,0.45125000178813934,1.0,0.9954874999821186,4332.978278398514,0.08399365469813347
frozen,38,26,0.498065,0.49383333333333335,post_filter,0.32841600477695465,1.0,0.9967158399522305,4417.030140757561,0.12497184798121452
frozen,39,26,0.498065,0.49383333333333335,post_filter,0.4475829773582518,1.0,0.9955241702264175,4416.971933096647,0.12497184798121452
frozen,40,26,0.498065,0.49383333333333335,post_filter,0.4199169925414026,0.9,0.0,4458.997864276171,0.08300412446260452
frozen,41,26,0.498065,0.49383333333333335,post_filter,0.36687497049570084,1.0,0.996331250295043,4333.967808634043,0.08300412446260452
frozen,42,26,0.498065,0.49383333333333335,post_filter,0.37345796590670943,0.9,0.0,4334.026016294956,0.08300412446260452
frozen,43,26,0.498065,0.49383333333333335,post_filter,0.40833407547324896,1.0,0.9959166592452675,4334.026016294956,0.08300412446260452
frozen,44,26,0.498065,0.49383333333333335,post_filter,0.4892499418929219,1.0,0.9951075005810708,4416.040610522032,0.125030055642128
frozen,45,26,0.498065,0.49383333333333335,post_filter,0.4610429750755429,1.0,0.9953895702492446,4374.946001917124,0.08300412446260452
frozen,46,26,0.498065,0.49383333333333335,post_filter,0.6338329985737801,0.9,0.0,4333.036486059427,0.08300412446260452
frozen,47,26,0.498065,0.49383333333333335,post_filter,0.35020901123061776,1.0,0.9964979098876938,4375.004209578037,0.08300412446260452
frozen,48,26,0.498065,0.49383333333333335,post_filter,0.4152920446358621,0.9,0.0,4416.971933096647,0.08300412446260452
frozen,49,26,0.498065,0.49383333333333335,bitmap_prefilter,67.67129100626335,1.0,0.32328708993736655,4375.004209578037,0.16600824892520905
frozen,0,27,0.4977,0.49666666666666665,post_filter,0.661000027321279,0.9,0.0,4667.032044380903,0.08300412446260452
frozen,1,27,0.4977,0.49666666666666665,post_filter,0.702916004229337,0.9,0.0,4500.034265220165,0.08300412446260452
frozen,2,27,0.4977,0.49666666666666665,post_filter,0.39116700645536184,1.0,0.9960883299354464,4292.000085115433,0.08300412446260452
frozen,3,27,0.4977,0.49666666666666665,post_filter,0.5507510504685342,1.0,0.9944924894953147,4208.006430417299,0.08399365469813347
frozen,4,27,0.4977,0.49666666666666665,post_filter,0.5254990537650883,1.0,0.9947450094623491,4375.004209578037,0.08294591680169106
frozen,5,27,0.4977,0.49666666666666665,post_filter,0.3812510403804481,1.0,0.9961874895961955,4375.004209578037,0.08300412446260452
frozen,6,27,0.4977,0.49666666666666665,post_filter,0.5291669513098896,0.9,0.0,4332.978278398514,0.08300412446260452
frozen,7,27,0.4977,0.49666666666666665,post_filter,0.49237499479204416,1.0,0.9950762500520796,4375.004209578037,0.08300412446260452
frozen,8,27,0.4977,0.49666666666666665,post_filter,0.6401260034181178,1.0,0.9935987399658188,4375.004209578037,0.08399365469813347
frozen,9,27,0.4977,0.49666666666666665,post_filter,0.39004202699288726,1.0,0.9960995797300711,4332.978278398514,0.08300412446260452
frozen,10,27,0.4977,0.49666666666666665,post_filter,0.3635419998317957,0.9,0.0,4375.004209578037,0.08300412446260452
frozen,11,27,0.4977,0.49666666666666665,post_filter,0.34233398037031293,0.0,0.0,4375.004209578037,0.08399365469813347
frozen,12,27,0.4977,0.49666666666666665,post_filter,0.36999996518716216,0.9,0.0,4375.004209578037,0.040978193283081055
frozen,13,27,0.4977,0.49666666666666665,post_filter,0.4945419495925307,1.0,0.9950545805040747,4333.036486059427,0.125030055642128
frozen,14,27,0.4977,0.49666666666666665,post_filter,0.4319580039009452,0.9,0.0,4375.004209578037,0.08300412446260452
frozen,15,27,0.4977,0.49666666666666665,post_filter,0.435040972661227,1.0,0.9956495902733877,4333.036486059427,0.08300412446260452
frozen,16,27,0.4977,0.49666666666666665,post_filter,0.33912499202415347,1.0,0.9966087500797585,4375.004209578037,0.08300412446260452
frozen,17,27,0.4977,0.49666666666666665,post_filter,0.38400001358240843,1.0,0.9961599998641759,4332.978278398514,0.08300412446260452
frozen,18,27,0.4977,0.49666666666666665,post_filter,0.47091703163459897,1.0,0.995290829683654,4375.004209578037,0.08300412446260452
frozen,19,27,0.4977,0.49666666666666665,post_filter,0.4027499817311764,0.4,0.0,4332.978278398514,0.08300412446260452
frozen,20,27,0.4977,0.49666666666666665,post_filter,0.38529199082404375,0.9,0.0,4375.004209578037,0.08399365469813347
frozen,21,27,0.4977,0.49666666666666665,post_filter,0.4816260188817978,1.0,0.995183739811182,4415.982402861118,0.12497184798121452
frozen,22,27,0.4977,0.49666666666666665,post_filter,0.38420804776251316,1.0,0.9961579195223749,4375.004209578037,0.08300412446260452
frozen,23,27,0.4977,0.49666666666666665,post_filter,0.36562501918524504,1.0,0.9963437498081475,4333.036486059427,0.040978193283081055
frozen,24,27,0.4977,0.49666666666666665,post_filter,0.6927499198354781,1.0,0.9930725008016452,4375.004209578037,0.08300412446260452
frozen,25,27,0.4977,0.49666666666666665,post_filter,0.3688749857246876,1.0,0.9963112501427531,4415.982402861118,0.125030055642128
frozen,26,27,0.4977,0.49666666666666665,post_filter,0.5115840467624366,1.0,0.9948841595323756,4375.004209578037,0.08399365469813347
frozen,27,27,0.4977,0.49666666666666665,post_filter,0.47016702592372894,1.0,0.9952983297407627,4375.004209578037,0.08300412446260452
frozen,28,27,0.4977,0.49666666666666665,post_filter,0.4056670586578548,1.0,0.9959433294134215,4332.978278398514,0.08300412446260452
frozen,29,27,0.4977,0.49666666666666665,post_filter,0.39154099067673087,1.0,0.9960845900932327,4375.004209578037,0.08300412446260452
frozen,30,27,0.4977,0.49666666666666665,post_filter,0.36258401814848185,1.0,0.9963741598185152,4333.036486059427,0.08399365469813347
frozen,31,27,0.4977,0.49666666666666665,post_filter,0.3932090476155281,0.9,0.0,4332.978278398514,0.08300412446260452
frozen,32,27,0.4977,0.49666666666666665,post_filter,0.38270902587100863,0.9,0.0,4332.978278398514,0.12497184798121452
frozen,33,27,0.4977,0.49666666666666665,post_filter,0.29033300234004855,1.0,0.9970966699765995,4333.967808634043,0.08300412446260452
frozen,34,27,0.4977,0.49666666666666665,post_filter,0.5111659993417561,0.9,0.0,4415.982402861118,0.12497184798121452
frozen,35,27,0.4977,0.49666666666666665,post_filter,0.23512501502409577,1.0,0.997648749849759,4332.978278398514,0.08300412446260452
frozen,36,27,0.4977,0.49666666666666665,post_filter,0.42058201506733894,1.0,0.9957941798493266,4375.004209578037,0.08300412446260452
frozen,37,27,0.4977,0.49666666666666665,post_filter,0.45820901868864894,0.9,0.0,4332.978278398514,0.12497184798121452
frozen,38,27,0.4977,0.49666666666666665,post_filter,0.3088759258389473,1.0,0.9969112407416105,4375.004209578037,0.08405186235904694
frozen,39,27,0.4977,0.49666666666666665,post_filter,0.4498750204220414,1.0,0.9955012497957796,4332.978278398514,0.08300412446260452
frozen,40,27,0.4977,0.49666666666666665,post_filter,0.4174589994363487,0.9,0.0,4375.004209578037,0.08300412446260452
frozen,41,27,0.4977,0.49666666666666665,post_filter,0.46729197492823005,1.0,0.9953270802507177,4333.967808634043,0.08300412446260452
frozen,42,27,0.4977,0.49666666666666665,post_filter,0.3762500127777457,0.9,0.0,4415.982402861118,0.08300412446260452
frozen,43,27,0.4977,0.49666666666666665,post_filter,0.39733300218358636,1.0,0.9960266699781641,4375.004209578037,0.08300412446260452
frozen,44,27,0.4977,0.49666666666666665,post_filter,0.4910829593427479,1.0,0.9950891704065725,4292.000085115433,0.125030055642128
frozen,45,27,0.4977,0.49666666666666665,post_filter,0.4427919629961252,1.0,0.9955720803700387,4332.978278398514,0.125030055642128
frozen,46,27,0.4977,0.49666666666666665,post_filter,0.6225829711183906,0.9,0.0,4375.004209578037,0.08300412446260452
frozen,47,27,0.4977,0.49666666666666665,post_filter,0.3844579914584756,1.0,0.9961554200854152,4332.978278398514,0.12497184798121452
frozen,48,27,0.4977,0.49666666666666665,post_filter,0.416958995629102,0.9,0.0,4375.004209578037,0.04202593117952347
frozen,49,27,0.4977,0.49666666666666665,post_filter,0.4664579755626619,1.0,0.9953354202443734,4458.008334040642,0.125030055642128
frozen,0,28,0.495225,0.49333333333333335,post_filter,0.5752079887315631,0.9,0.0,4625.00611320138,0.12497184798121452
frozen,1,28,0.495225,0.49333333333333335,post_filter,0.5794159951619804,0.9,0.0,4499.976057559252,0.08300412446260452
frozen,2,28,0.495225,0.49333333333333335,post_filter,0.39237499004229903,1.0,0.996076250099577,4375.004209578037,0.08300412446260452
frozen,3,28,0.495225,0.49333333333333335,post_filter,0.5505409790202975,0.9,0.0,4208.006430417299,0.08300412446260452
frozen,4,28,0.495225,0.49333333333333335,post_filter,0.5282909842208028,1.0,0.994717090157792,4374.946001917124,0.12497184798121452
frozen,5,28,0.495225,0.49333333333333335,post_filter,0.4219579859636724,0.9,0.0,4333.967808634043,0.08300412446260452
frozen,6,28,0.495225,0.49333333333333335,post_filter,0.5557080148719251,0.9,0.0,4292.000085115433,0.08399365469813347
frozen,7,28,0.495225,0.49333333333333335,post_filter,0.4932080046273768,1.0,0.9950679199537262,4333.967808634043,0.08300412446260452
frozen,8,28,0.495225,0.49333333333333335,post_filter,0.6107510416768491,1.0,0.9938924895832315,4292.000085115433,0.12497184798121452
frozen,9,28,0.495225,0.49333333333333335,post_filter,0.3981670015491545,1.0,0.9960183299845085,4334.026016294956,0.08300412446260452
frozen,10,28,0.495225,0.49333333333333335,post_filter,0.3694580518640578,0.9,0.0,4332.978278398514,0.08294591680169106
frozen,11,28,0.495225,0.49333333333333335,post_filter,0.34399901051074266,0.0,0.0,4333.036486059427,0.08300412446260452
frozen,12,28,0.495225,0.49333333333333335,post_filter,0.3695829655043781,0.9,0.0,4375.004209578037,0.04202593117952347
frozen,13,28,0.495225,0.49333333333333335,post_filter,0.5044169956818223,1.0,0.9949558300431818,4332.978278398514,0.08399365469813347
frozen,14,28,0.495225,0.49333333333333335,post_filter,0.44941698433831334,0.9,0.0,4292.000085115433,0.08300412446260452
frozen,15,28,0.495225,0.49333333333333335,post_filter,0.4374170093797147,1.0,0.9956258299062029,4292.000085115433,0.08300412446260452
frozen,16,28,0.495225,0.49333333333333335,post_filter,0.3501659957692027,1.0,0.996498340042308,4332.978278398514,0.08399365469813347
frozen,17,28,0.495225,0.49333333333333335,post_filter,0.40433305548503995,1.0,0.9959566694451496,4334.026016294956,0.08294591680169106
frozen,18,28,0.495225,0.49333333333333335,post_filter,0.47016702592372894,1.0,0.9952983297407627,4333.036486059427,0.125030055642128
frozen,19,28,0.495225,0.49333333333333335,post_filter,0.3362090210430324,1.0,0.9966379097895697,4332.978278398514,0.12497184798121452
frozen,20,28,0.495225,0.49333333333333335,post_filter,0.3774999640882015,0.9,0.0,4333.036486059427,0.08399365469813347
frozen,21,28,0.495225,0.49333333333333335,post_filter,0.49008295172825456,1.0,0.9950991704827175,4292.000085115433,0.08405186235904694
frozen,22,28,0.495225,0.49333333333333335,post_filter,0.40133402217179537,1.0,0.995986659778282,4333.036486059427,0.125030055642128
frozen,23,28,0.495225,0.49333333333333335,post_filter,0.3719169762916863,1.0,0.9962808302370831,4375.004209578037,0.08300412446260452
frozen,24,28,0.495225,0.49333333333333335,post_filter,0.5422920221462846,1.0,0.9945770797785372,4375.004209578037,0.12497184798121452
frozen,25,28,0.495225,0.49333333333333335,post_filter,0.366666994523257,1.0,0.9963333300547674,4166.038706898689,0.08300412446260452
frozen,26,28,0.495225,0.49333333333333335,post_filter,0.5217920406721532,1.0,0.9947820795932785,4167.028237134218,0.125030055642128
frozen,27,28,0.495225,0.49333333333333335,post_filter,0.47783396439626813,1.0,0.9952216603560373,4125.002305954695,0.08300412446260452
frozen,28,28,0.495225,0.49333333333333335,post_filter,0.4239989211782813,1.0,0.9957600107882172,4082.9763747751713,0.08294591680169106
frozen,29,28,0.495225,0.49333333333333335,post_filter,0.39354199543595314,1.0,0.9960645800456405,4208.995960652828,0.08300412446260452
frozen,30,28,0.495225,0.49333333333333335,post_filter,0.3774159704335034,1.0,0.996225840295665,4125.002305954695,0.08300412446260452
frozen,31,28,0.495225,0.49333333333333335,post_filter,0.40558294858783484,0.9,0.0,4166.038706898689,0.08300412446260452
frozen,32,28,0.495225,0.49333333333333335,post_filter,0.3910000086762011,0.9,0.0,4332.978278398514,0.08399365469813347
frozen,33,28,0.495225,0.49333333333333335,post_filter,0.2806659322232008,1.0,0.997193340677768,4333.967808634043,0.08300412446260452
frozen,34,28,0.495225,0.49333333333333335,post_filter,0.6337499944493175,0.9,0.0,4416.971933096647,0.08399365469813347
frozen,35,28,0.495225,0.49333333333333335,post_filter,0.23875001352280378,1.0,0.997612499864772,4416.971933096647,0.08300412446260452
frozen,36,28,0.495225,0.49333333333333335,post_filter,0.41929195867851377,1.0,0.9958070804132149,4332.978278398514,0.08300412446260452
frozen,37,28,0.495225,0.49333333333333335,post_filter,0.4554989864118397,0.9,0.0,4375.004209578037,0.08300412446260452
frozen,38,28,0.495225,0.49333333333333335,post_filter,0.3119169850833714,1.0,0.9968808301491663,4334.026016294956,0.08300412446260452
frozen,39,28,0.495225,0.49333333333333335,post_filter,0.44824997894465923,1.0,0.9955175002105534,4332.978278398514,0.08399365469813347
frozen,40,28,0.495225,0.49333333333333335,post_filter,0.4235840169712901,0.9,0.0,4375.004209578037,0.08300412446260452
frozen,41,28,0.495225,0.49333333333333335,post_filter,0.35900098737329245,1.0,0.9964099901262671,4292.000085115433,0.08300412446260452
frozen,42,28,0.495225,0.49333333333333335,post_filter,0.37283397978171706,0.9,0.0,4292.000085115433,0.08294591680169106
frozen,43,28,0.495225,0.49333333333333335,post_filter,0.3962090122513473,1.0,0.9960379098774865,4333.967808634043,0.08300412446260452
frozen,44,28,0.495225,0.49333333333333335,post_filter,0.4739589639939368,1.0,0.9952604103600606,4333.036486059427,0.125030055642128
frozen,45,28,0.495225,0.49333333333333335,post_filter,0.4486670368351042,1.0,0.995513329631649,4375.004209578037,0.08300412446260452
frozen,46,28,0.495225,0.49333333333333335,post_filter,0.6182920187711716,1.0,0.9938170798122883,4292.000085115433,0.04202593117952347
frozen,47,28,0.495225,0.49333333333333335,post_filter,0.3422920126467943,1.0,0.9965770798735321,4292.000085115433,0.08300412446260452
frozen,48,28,0.495225,0.49333333333333335,post_filter,0.45941700227558613,0.9,0.0,4292.000085115433,0.08399365469813347
frozen,49,28,0.495225,0.49333333333333335,post_filter,0.46391593059524894,1.0,0.9953608406940475,4292.000085115433,0.08405186235904694
frozen,0,29,0.495095,0.4925,post_filter,0.5792079609818757,1.0,0.9942079203901812,4624.947905540466,0.08300412446260452
frozen,1,29,0.495095,0.4925,post_filter,0.5362079828046262,0.9,0.0,4415.982402861118,0.125030055642128
frozen,2,29,0.495095,0.4925,post_filter,0.395249982830137,1.0,0.9960475001716986,4166.970029473305,0.04196772351861
frozen,3,29,0.495095,0.4925,post_filter,0.5571659421548247,0.9,0.0,6832.997314631939,0.125030055642128
frozen,4,29,0.495095,0.4925,post_filter,0.51979097770527,1.0,0.9948020902229473,4208.006430417299,0.12497184798121452
frozen,5,29,0.495095,0.4925,post_filter,0.4117509815841913,0.9,0.0,4167.028237134218,0.08300412446260452
frozen,6,29,0.495095,0.4925,post_filter,0.53416594164446,0.9,0.0,4292.000085115433,0.08300412446260452
frozen,7,29,0.495095,0.4925,post_filter,0.4926249966956675,1.0,0.9950737500330433,4375.004209578037,0.08300412446260452
frozen,8,29,0.495095,0.4925,post_filter,0.6601249915547669,1.0,0.9933987500844523,4375.004209578037,0.125030055642128
frozen,9,29,0.495095,0.4925,post_filter,0.4028750117868185,1.0,0.9959712498821318,4334.026016294956,0.08300412446260452
frozen,10,29,0.495095,0.4925,post_filter,0.3624579985626042,1.0,0.996375420014374,4333.967808634043,0.12497184798121452
frozen,11,29,0.495095,0.4925,post_filter,0.3517500008456409,0.0,0.0,4374.946001917124,0.08399365469813347
frozen,12,29,0.495095,0.4925,post_filter,0.3749170573428273,0.9,0.0,4333.967808634043,0.08399365469813347
frozen,13,29,0.495095,0.4925,post_filter,0.4979160148650408,1.0,0.9950208398513496,4334.026016294956,0.08300412446260452
frozen,14,29,0.495095,0.4925,post_filter,0.42454106733202934,0.9,0.0,4375.004209578037,0.08300412446260452
frozen,15,29,0.495095,0.4925,post_filter,0.436166999861598,1.0,0.995638330001384,4334.026016294956,0.08399365469813347
frozen,16,29,0.495095,0.4925,post_filter,0.3392079961486161,1.0,0.9966079200385138,4332.978278398514,0.125030055642128
frozen,17,29,0.495095,0.4925,post_filter,0.39241701597347856,1.0,0.9960758298402652,4375.004209578037,0.08399365469813347
frozen,18,29,0.495095,0.4925,post_filter,0.478541012853384,1.0,0.9952145898714662,4292.000085115433,0.08399365469813347
frozen,19,29,0.495095,0.4925,post_filter,0.5150409415364265,0.3,0.0,4333.967808634043,0.04202593117952347
frozen,20,29,0.495095,0.4925,post_filter,0.3919570008292794,0.9,0.0,4292.000085115433,0.08300412446260452
frozen,21,29,0.495095,0.4925,post_filter,0.5084580043330789,1.0,0.9949154199566692,4292.000085115433,0.08399365469813347
frozen,22,29,0.495095,0.4925,post_filter,0.4017089959233999,1.0,0.995982910040766,4291.010554879904,0.08300412446260452
frozen,23,29,0.495095,0.4925,post_filter,0.371751026250422,1.0,0.9962824897374958,4334.026016294956,0.08300412446260452
frozen,24,29,0.495095,0.4925,post_filter,0.5441660177893937,1.0,0.9945583398221061,4292.000085115433,0.08405186235904694
frozen,25,29,0.495095,0.4925,post_filter,0.36629202077165246,1.0,0.9963370797922835,4332.978278398514,0.08300412446260452
frozen,26,29,0.495095,0.4925,post_filter,0.5107909673824906,1.0,0.9948920903261751,4292.000085115433,0.08300412446260452
frozen,27,29,0.495095,0.4925,post_filter,0.4755000118166208,1.0,0.9952449998818338,4292.000085115433,0.08399365469813347
frozen,28,29,0.495095,0.4925,post_filter,0.4202930140309036,1.0,0.995797069859691,4292.000085115433,0.04202593117952347
frozen,29,29,0.495095,0.4925,post_filter,0.39483298314735293,1.0,0.9960516701685265,4334.026016294956,0.08300412446260452
frozen,30,29,0.495095,0.4925,post_filter,0.37433404941111803,1.0,0.9962566595058888,4375.004209578037,0.08300412446260452
frozen,31,29,0.495095,0.4925,post_filter,0.39566599298268557,0.9,0.0,4334.026016294956,0.08300412446260452
frozen,32,29,0.495095,0.4925,post_filter,0.3832089714705944,0.9,0.0,4333.967808634043,0.08300412446260452
frozen,33,29,0.495095,0.4925,post_filter,0.2752079744823277,1.0,0.9972479202551767,4292.000085115433,0.08300412446260452
frozen,34,29,0.495095,0.4925,post_filter,0.4830420366488397,1.0,0.9951695796335116,4332.978278398514,0.12497184798121452
frozen,35,29,0.495095,0.4925,post_filter,0.22891699336469173,1.0,0.9977108300663531,4292.000085115433,0.08399365469813347
frozen,36,29,0.495095,0.4925,post_filter,0.4230000195093453,1.0,0.9957699998049065,4333.967808634043,0.08300412446260452
frozen,37,29,0.495095,0.4925,post_filter,0.45479199616238475,0.9,0.0,4292.000085115433,0.08300412446260452
frozen,38,29,0.495095,0.4925,post_filter,0.31699996907263994,1.0,0.9968300003092736,4292.000085115433,0.08300412446260452
frozen,39,29,0.495095,0.4925,post_filter,0.44020795030519366,1.0,0.9955979204969481,4332.978278398514,0.08300412446260452
frozen,40,29,0.495095,0.4925,post_filter,0.4396670265123248,0.9,0.0,4333.967808634043,0.08300412446260452
frozen,41,29,0.495095,0.4925,post_filter,0.37345895543694496,1.0,0.9962654104456306,4583.03838968277,0.08399365469813347
frozen,42,29,0.495095,0.4925,post_filter,0.5011250032112002,0.9,0.0,4375.004209578037,0.125030055642128
frozen,43,29,0.495095,0.4925,post_filter,0.40304200956597924,1.0,0.9959695799043402,4583.969712257385,0.12497184798121452
frozen,44,29,0.495095,0.4925,post_filter,0.48804201651364565,1.0,0.9951195798348635,5416.979547590017,0.12497184798121452
frozen,45,29,0.495095,0.4925,post_filter,0.4609589814208448,1.0,0.9953904101857916,5375.011824071407,0.08300412446260452
frozen,46,29,0.495095,0.4925,post_filter,0.6243750103749335,0.9,0.0,4415.982402861118,0.08294591680169106
frozen,47,29,0.495095,0.4925,post_filter,0.3552089910954237,1.0,0.9964479100890458,18999.97005239129,0.16600824892520905
frozen,48,29,0.495095,0.4925,post_filter,0.43529196409508586,0.9,0.0,5166.977643966675,0.08300412446260452
frozen,49,29,0.495095,0.4925,post_filter,0.4584590205922723,1.0,0.9954154097940773,4292.000085115433,0.08300412446260452
